seed,order_id,task_order,method,memory_budget,method_cell,status,ewc_lambda,selected_ewc_lambda,task_id,task_position,A_after,A_final,BWT,forgetting,optimizer_steps,epochs,batch_size,current_examples,replay_examples,train_examples_total,processed_examples
1,canonical,0-1-2-3-4,no_replay,0,no_replay,PASS,0.0,0.0,0,0,1.0,0.0,-1.0,1.0,160,10,128,2000,0,2000,20000
1,canonical,0-1-2-3-4,no_replay,0,no_replay,PASS,0.0,0.0,1,1,0.975,0.0,-0.975,0.975,160,10,128,2000,0,2000,20000
1,canonical,0-1-2-3-4,no_replay,0,no_replay,PASS,0.0,0.0,2,2,0.99,0.0,-0.99,0.99,160,10,128,2000,0,2000,20000
1,canonical,0-1-2-3-4,no_replay,0,no_replay,PASS,0.0,0.0,3,3,0.992,0.0,-0.992,0.992,160,10,128,2000,0,2000,20000
1,canonical,0-1-2-3-4,no_replay,0,no_replay,PASS,0.0,0.0,4,4,0.964,0.964,0.0,0.0,160,10,128,2000,0,2000,20000
1,canonical,0-1-2-3-4,experience_replay,100,er100,PASS,0.0,0.0,0,0,1.0,0.0,-1.0,1.0,160,10,128,2000,0,2000,20000
1,canonical,0-1-2-3-4,experience_replay,100,er100,PASS,0.0,0.0,1,1,0.978,0.0,-0.978,0.978,170,10,128,2000,100,2100,21000
1,canonical,0-1-2-3-4,experience_replay,100,er100,PASS,0.0,0.0,2,2,0.991,0.0,-0.991,0.991,170,10,128,2000,100,2100,21000
1,canonical,0-1-2-3-4,experience_replay,100,er100,PASS,0.0,0.0,3,3,0.99,0.637,-0.353,0.353,170,10,128,2000,100,2100,21000
1,canonical,0-1-2-3-4,experience_replay,100,er100,PASS,0.0,0.0,4,4,0.981,0.981,0.0,0.0,170,10,128,2000,100,2100,21000
1,canonical,0-1-2-3-4,experience_replay,500,er500,PASS,0.0,0.0,0,0,1.0,0.332,-0.6679999999999999,0.6679999999999999,160,10,128,2000,0,2000,20000
1,canonical,0-1-2-3-4,experience_replay,500,er500,PASS,0.0,0.0,1,1,0.967,0.207,-0.76,0.76,200,10,128,2000,500,2500,25000
1,canonical,0-1-2-3-4,experience_replay,500,er500,PASS,0.0,0.0,2,2,0.984,0.609,-0.375,0.375,200,10,128,2000,500,2500,25000
1,canonical,0-1-2-3-4,experience_replay,500,er500,PASS,0.0,0.0,3,3,0.972,0.893,-0.07899999999999996,0.07899999999999996,200,10,128,2000,500,2500,25000
1,canonical,0-1-2-3-4,experience_replay,500,er500,PASS,0.0,0.0,4,4,0.971,0.971,0.0,0.0,200,10,128,2000,500,2500,25000
1,canonical,0-1-2-3-4,ewc,0,ewc,PASS,100.0,100.0,0,0,1.0,0.0,-1.0,1.0,160,10,128,2000,0,2000,20000
1,canonical,0-1-2-3-4,ewc,0,ewc,PASS,100.0,100.0,1,1,0.975,0.0,-0.975,0.975,160,10,128,2000,0,2000,20000
1,canonical,0-1-2-3-4,ewc,0,ewc,PASS,100.0,100.0,2,2,0.992,0.0,-0.992,0.992,160,10,128,2000,0,2000,20000
1,canonical,0-1-2-3-4,ewc,0,ewc,PASS,100.0,100.0,3,3,0.993,0.0,-0.993,0.993,160,10,128,2000,0,2000,20000
1,canonical,0-1-2-3-4,ewc,0,ewc,PASS,100.0,100.0,4,4,0.978,0.978,0.0,0.0,160,10,128,2000,0,2000,20000
1,shuffle_0,2-3-1-0-4,no_replay,0,no_replay,PASS,0.0,0.0,2,0,0.994,0.0,-0.994,0.994,160,10,128,2000,0,2000,20000
1,shuffle_0,2-3-1-0-4,no_replay,0,no_replay,PASS,0.0,0.0,3,1,0.992,0.0,-0.992,0.992,160,10,128,2000,0,2000,20000
1,shuffle_0,2-3-1-0-4,no_replay,0,no_replay,PASS,0.0,0.0,1,2,0.975,0.0,-0.975,0.975,160,10,128,2000,0,2000,20000
1,shuffle_0,2-3-1-0-4,no_replay,0,no_replay,PASS,0.0,0.0,0,3,1.0,0.0,-1.0,1.0,160,10,128,2000,0,2000,20000
1,shuffle_0,2-3-1-0-4,no_replay,0,no_replay,PASS,0.0,0.0,4,4,0.981,0.981,0.0,0.0,160,10,128,2000,0,2000,20000
1,shuffle_0,2-3-1-0-4,experience_replay,100,er100,PASS,0.0,0.0,2,0,0.994,0.0,-0.994,0.994,160,10,128,2000,0,2000,20000
1,shuffle_0,2-3-1-0-4,experience_replay,100,er100,PASS,0.0,0.0,3,1,0.993,0.0,-0.993,0.993,170,10,128,2000,100,2100,21000
1,shuffle_0,2-3-1-0-4,experience_replay,100,er100,PASS,0.0,0.0,1,2,0.973,0.0,-0.973,0.973,170,10,128,2000,100,2100,21000
1,shuffle_0,2-3-1-0-4,experience_replay,100,er100,PASS,0.0,0.0,0,3,0.997,0.873,-0.124,0.124,170,10,128,2000,100,2100,21000
1,shuffle_0,2-3-1-0-4,experience_replay,100,er100,PASS,0.0,0.0,4,4,0.979,0.979,0.0,0.0,170,10,128,2000,100,2100,21000
1,shuffle_0,2-3-1-0-4,experience_replay,500,er500,PASS,0.0,0.0,2,0,0.994,0.0,-0.994,0.994,160,10,128,2000,0,2000,20000
1,shuffle_0,2-3-1-0-4,experience_replay,500,er500,PASS,0.0,0.0,3,1,0.979,0.503,-0.476,0.476,200,10,128,2000,500,2500,25000
1,shuffle_0,2-3-1-0-4,experience_replay,500,er500,PASS,0.0,0.0,1,2,0.968,0.558,-0.4099999999999999,0.4099999999999999,200,10,128,2000,500,2500,25000
1,shuffle_0,2-3-1-0-4,experience_replay,500,er500,PASS,0.0,0.0,0,3,0.994,0.965,-0.029000000000000026,0.029000000000000026,200,10,128,2000,500,2500,25000
1,shuffle_0,2-3-1-0-4,experience_replay,500,er500,PASS,0.0,0.0,4,4,0.976,0.976,0.0,0.0,200,10,128,2000,500,2500,25000
1,shuffle_0,2-3-1-0-4,ewc,0,ewc,PASS,100.0,100.0,2,0,0.994,0.0,-0.994,0.994,160,10,128,2000,0,2000,20000
1,shuffle_0,2-3-1-0-4,ewc,0,ewc,PASS,100.0,100.0,3,1,0.992,0.0,-0.992,0.992,160,10,128,2000,0,2000,20000
1,shuffle_0,2-3-1-0-4,ewc,0,ewc,PASS,100.0,100.0,1,2,0.971,0.0,-0.971,0.971,160,10,128,2000,0,2000,20000
1,shuffle_0,2-3-1-0-4,ewc,0,ewc,PASS,100.0,100.0,0,3,1.0,0.0,-1.0,1.0,160,10,128,2000,0,2000,20000
1,shuffle_0,2-3-1-0-4,ewc,0,ewc,PASS,100.0,100.0,4,4,0.981,0.981,0.0,0.0,160,10,128,2000,0,2000,20000
1,shuffle_1,1-0-2-4-3,no_replay,0,no_replay,PASS,0.0,0.0,1,0,0.977,0.0,-0.977,0.977,160,10,128,2000,0,2000,20000
1,shuffle_1,1-0-2-4-3,no_replay,0,no_replay,PASS,0.0,0.0,0,1,1.0,0.0,-1.0,1.0,160,10,128,2000,0,2000,20000
1,shuffle_1,1-0-2-4-3,no_replay,0,no_replay,PASS,0.0,0.0,2,2,0.995,0.0,-0.995,0.995,160,10,128,2000,0,2000,20000
1,shuffle_1,1-0-2-4-3,no_replay,0,no_replay,PASS,0.0,0.0,4,3,0.978,0.0,-0.978,0.978,160,10,128,2000,0,2000,20000
1,shuffle_1,1-0-2-4-3,no_replay,0,no_replay,PASS,0.0,0.0,3,4,0.993,0.993,0.0,0.0,160,10,128,2000,0,2000,20000
1,shuffle_1,1-0-2-4-3,experience_replay,100,er100,PASS,0.0,0.0,1,0,0.977,0.0,-0.977,0.977,160,10,128,2000,0,2000,20000
1,shuffle_1,1-0-2-4-3,experience_replay,100,er100,PASS,0.0,0.0,0,1,0.998,0.0,-0.998,0.998,170,10,128,2000,100,2100,21000
1,shuffle_1,1-0-2-4-3,experience_replay,100,er100,PASS,0.0,0.0,2,2,0.995,0.002,-0.993,0.993,170,10,128,2000,100,2100,21000
1,shuffle_1,1-0-2-4-3,experience_replay,100,er100,PASS,0.0,0.0,4,3,0.98,0.28,-0.7,0.7,170,10,128,2000,100,2100,21000
1,shuffle_1,1-0-2-4-3,experience_replay,100,er100,PASS,0.0,0.0,3,4,0.988,0.988,0.0,0.0,170,10,128,2000,100,2100,21000
1,shuffle_1,1-0-2-4-3,experience_replay,500,er500,PASS,0.0,0.0,1,0,0.977,0.0,-0.977,0.977,160,10,128,2000,0,2000,20000
1,shuffle_1,1-0-2-4-3,experience_replay,500,er500,PASS,0.0,0.0,0,1,0.996,0.711,-0.28500000000000003,0.28500000000000003,200,10,128,2000,500,2500,25000
1,shuffle_1,1-0-2-4-3,experience_replay,500,er500,PASS,0.0,0.0,2,2,0.99,0.743,-0.247,0.247,200,10,128,2000,500,2500,25000
1,shuffle_1,1-0-2-4-3,experience_replay,500,er500,PASS,0.0,0.0,4,3,0.971,0.908,-0.06299999999999994,0.06299999999999994,200,10,128,2000,500,2500,25000
1,shuffle_1,1-0-2-4-3,experience_replay,500,er500,PASS,0.0,0.0,3,4,0.966,0.966,0.0,0.0,200,10,128,2000,500,2500,25000
1,shuffle_1,1-0-2-4-3,ewc,0,ewc,PASS,100.0,100.0,1,0,0.977,0.0,-0.977,0.977,160,10,128,2000,0,2000,20000
1,shuffle_1,1-0-2-4-3,ewc,0,ewc,PASS,100.0,100.0,0,1,1.0,0.0,-1.0,1.0,160,10,128,2000,0,2000,20000
1,shuffle_1,1-0-2-4-3,ewc,0,ewc,PASS,100.0,100.0,2,2,0.996,0.0,-0.996,0.996,160,10,128,2000,0,2000,20000
1,shuffle_1,1-0-2-4-3,ewc,0,ewc,PASS,100.0,100.0,4,3,0.982,0.0,-0.982,0.982,160,10,128,2000,0,2000,20000
1,shuffle_1,1-0-2-4-3,ewc,0,ewc,PASS,100.0,100.0,3,4,0.996,0.996,0.0,0.0,160,10,128,2000,0,2000,20000
1,shuffle_2,2-3-0-4-1,no_replay,0,no_replay,PASS,0.0,0.0,2,0,0.993,0.0,-0.993,0.993,160,10,128,2000,0,2000,20000
1,shuffle_2,2-3-0-4-1,no_replay,0,no_replay,PASS,0.0,0.0,3,1,0.992,0.0,-0.992,0.992,160,10,128,2000,0,2000,20000
1,shuffle_2,2-3-0-4-1,no_replay,0,no_replay,PASS,0.0,0.0,0,2,0.999,0.0,-0.999,0.999,160,10,128,2000,0,2000,20000
1,shuffle_2,2-3-0-4-1,no_replay,0,no_replay,PASS,0.0,0.0,4,3,0.976,0.0,-0.976,0.976,160,10,128,2000,0,2000,20000
1,shuffle_2,2-3-0-4-1,no_replay,0,no_replay,PASS,0.0,0.0,1,4,0.97,0.97,0.0,0.0,160,10,128,2000,0,2000,20000
1,shuffle_2,2-3-0-4-1,experience_replay,100,er100,PASS,0.0,0.0,2,0,0.993,0.0,-0.993,0.993,160,10,128,2000,0,2000,20000
1,shuffle_2,2-3-0-4-1,experience_replay,100,er100,PASS,0.0,0.0,3,1,0.988,0.0,-0.988,0.988,170,10,128,2000,100,2100,21000
1,shuffle_2,2-3-0-4-1,experience_replay,100,er100,PASS,0.0,0.0,0,2,0.998,0.241,-0.757,0.757,170,10,128,2000,100,2100,21000
1,shuffle_2,2-3-0-4-1,experience_replay,100,er100,PASS,0.0,0.0,4,3,0.98,0.672,-0.30799999999999994,0.30799999999999994,170,10,128,2000,100,2100,21000
1,shuffle_2,2-3-0-4-1,experience_replay,100,er100,PASS,0.0,0.0,1,4,0.955,0.955,0.0,0.0,170,10,128,2000,100,2100,21000
1,shuffle_2,2-3-0-4-1,experience_replay,500,er500,PASS,0.0,0.0,2,0,0.993,0.04,-0.953,0.953,160,10,128,2000,0,2000,20000
1,shuffle_2,2-3-0-4-1,experience_replay,500,er500,PASS,0.0,0.0,3,1,0.981,0.303,-0.6779999999999999,0.6779999999999999,200,10,128,2000,500,2500,25000
1,shuffle_2,2-3-0-4-1,experience_replay,500,er500,PASS,0.0,0.0,0,2,0.996,0.924,-0.07199999999999995,0.07199999999999995,200,10,128,2000,500,2500,25000
1,shuffle_2,2-3-0-4-1,experience_replay,500,er500,PASS,0.0,0.0,4,3,0.975,0.911,-0.06399999999999995,0.06399999999999995,200,10,128,2000,500,2500,25000
1,shuffle_2,2-3-0-4-1,experience_replay,500,er500,PASS,0.0,0.0,1,4,0.967,0.967,0.0,0.0,200,10,128,2000,500,2500,25000
1,shuffle_2,2-3-0-4-1,ewc,0,ewc,PASS,100.0,100.0,2,0,0.993,0.0,-0.993,0.993,160,10,128,2000,0,2000,20000
1,shuffle_2,2-3-0-4-1,ewc,0,ewc,PASS,100.0,100.0,3,1,0.992,0.0,-0.992,0.992,160,10,128,2000,0,2000,20000
1,shuffle_2,2-3-0-4-1,ewc,0,ewc,PASS,100.0,100.0,0,2,1.0,0.0,-1.0,1.0,160,10,128,2000,0,2000,20000
1,shuffle_2,2-3-0-4-1,ewc,0,ewc,PASS,100.0,100.0,4,3,0.979,0.0,-0.979,0.979,160,10,128,2000,0,2000,20000
1,shuffle_2,2-3-0-4-1,ewc,0,ewc,PASS,100.0,100.0,1,4,0.976,0.976,0.0,0.0,160,10,128,2000,0,2000,20000
1,shuffle_3,1-2-0-3-4,no_replay,0,no_replay,PASS,0.0,0.0,1,0,0.977,0.0,-0.977,0.977,160,10,128,2000,0,2000,20000
1,shuffle_3,1-2-0-3-4,no_replay,0,no_replay,PASS,0.0,0.0,2,1,0.994,0.0,-0.994,0.994,160,10,128,2000,0,2000,20000
1,shuffle_3,1-2-0-3-4,no_replay,0,no_replay,PASS,0.0,0.0,0,2,0.999,0.0,-0.999,0.999,160,10,128,2000,0,2000,20000
1,shuffle_3,1-2-0-3-4,no_replay,0,no_replay,PASS,0.0,0.0,3,3,0.993,0.0,-0.993,0.993,160,10,128,2000,0,2000,20000
1,shuffle_3,1-2-0-3-4,no_replay,0,no_replay,PASS,0.0,0.0,4,4,0.974,0.974,0.0,0.0,160,10,128,2000,0,2000,20000
1,shuffle_3,1-2-0-3-4,experience_replay,100,er100,PASS,0.0,0.0,1,0,0.977,0.0,-0.977,0.977,160,10,128,2000,0,2000,20000
1,shuffle_3,1-2-0-3-4,experience_replay,100,er100,PASS,0.0,0.0,2,1,0.991,0.0,-0.991,0.991,170,10,128,2000,100,2100,21000
1,shuffle_3,1-2-0-3-4,experience_replay,100,er100,PASS,0.0,0.0,0,2,0.999,0.0,-0.999,0.999,170,10,128,2000,100,2100,21000
1,shuffle_3,1-2-0-3-4,experience_replay,100,er100,PASS,0.0,0.0,3,3,0.99,0.667,-0.32299999999999995,0.32299999999999995,170,10,128,2000,100,2100,21000
1,shuffle_3,1-2-0-3-4,experience_replay,100,er100,PASS,0.0,0.0,4,4,0.971,0.971,0.0,0.0,170,10,128,2000,100,2100,21000
1,shuffle_3,1-2-0-3-4,experience_replay,500,er500,PASS,0.0,0.0,1,0,0.977,0.004,-0.973,0.973,160,10,128,2000,0,2000,20000
1,shuffle_3,1-2-0-3-4,experience_replay,500,er500,PASS,0.0,0.0,2,1,0.984,0.0,-0.984,0.984,200,10,128,2000,500,2500,25000
1,shuffle_3,1-2-0-3-4,experience_replay,500,er500,PASS,0.0,0.0,0,2,0.993,0.858,-0.135,0.135,200,10,128,2000,500,2500,25000
1,shuffle_3,1-2-0-3-4,experience_replay,500,er500,PASS,0.0,0.0,3,3,0.981,0.91,-0.07099999999999995,0.07099999999999995,200,10,128,2000,500,2500,25000
1,shuffle_3,1-2-0-3-4,experience_replay,500,er500,PASS,0.0,0.0,4,4,0.969,0.969,0.0,0.0,200,10,128,2000,500,2500,25000
1,shuffle_3,1-2-0-3-4,ewc,0,ewc,PASS,100.0,100.0,1,0,0.977,0.0,-0.977,0.977,160,10,128,2000,0,2000,20000
1,shuffle_3,1-2-0-3-4,ewc,0,ewc,PASS,100.0,100.0,2,1,0.995,0.0,-0.995,0.995,160,10,128,2000,0,2000,20000
1,shuffle_3,1-2-0-3-4,ewc,0,ewc,PASS,100.0,100.0,0,2,0.999,0.0,-0.999,0.999,160,10,128,2000,0,2000,20000
1,shuffle_3,1-2-0-3-4,ewc,0,ewc,PASS,100.0,100.0,3,3,0.994,0.0,-0.994,0.994,160,10,128,2000,0,2000,20000
1,shuffle_3,1-2-0-3-4,ewc,0,ewc,PASS,100.0,100.0,4,4,0.988,0.988,0.0,0.0,160,10,128,2000,0,2000,20000
2,canonical,0-1-2-3-4,no_replay,0,no_replay,PASS,0.0,0.0,0,0,0.999,0.0,-0.999,0.999,160,10,128,2000,0,2000,20000
2,canonical,0-1-2-3-4,no_replay,0,no_replay,PASS,0.0,0.0,1,1,0.974,0.0,-0.974,0.974,160,10,128,2000,0,2000,20000
2,canonical,0-1-2-3-4,no_replay,0,no_replay,PASS,0.0,0.0,2,2,0.992,0.0,-0.992,0.992,160,10,128,2000,0,2000,20000
2,canonical,0-1-2-3-4,no_replay,0,no_replay,PASS,0.0,0.0,3,3,0.993,0.0,-0.993,0.993,160,10,128,2000,0,2000,20000
2,canonical,0-1-2-3-4,no_replay,0,no_replay,PASS,0.0,0.0,4,4,0.981,0.981,0.0,0.0,160,10,128,2000,0,2000,20000
2,canonical,0-1-2-3-4,experience_replay,100,er100,PASS,0.0,0.0,0,0,0.999,0.0,-0.999,0.999,160,10,128,2000,0,2000,20000
2,canonical,0-1-2-3-4,experience_replay,100,er100,PASS,0.0,0.0,1,1,0.965,0.0,-0.965,0.965,170,10,128,2000,100,2100,21000
2,canonical,0-1-2-3-4,experience_replay,100,er100,PASS,0.0,0.0,2,2,0.994,0.0,-0.994,0.994,170,10,128,2000,100,2100,21000
2,canonical,0-1-2-3-4,experience_replay,100,er100,PASS,0.0,0.0,3,3,0.988,0.588,-0.4,0.4,170,10,128,2000,100,2100,21000
2,canonical,0-1-2-3-4,experience_replay,100,er100,PASS,0.0,0.0,4,4,0.972,0.972,0.0,0.0,170,10,128,2000,100,2100,21000
2,canonical,0-1-2-3-4,experience_replay,500,er500,PASS,0.0,0.0,0,0,0.999,0.185,-0.8140000000000001,0.8140000000000001,160,10,128,2000,0,2000,20000
2,canonical,0-1-2-3-4,experience_replay,500,er500,PASS,0.0,0.0,1,1,0.977,0.12,-0.857,0.857,200,10,128,2000,500,2500,25000
2,canonical,0-1-2-3-4,experience_replay,500,er500,PASS,0.0,0.0,2,2,0.986,0.301,-0.685,0.685,200,10,128,2000,500,2500,25000
2,canonical,0-1-2-3-4,experience_replay,500,er500,PASS,0.0,0.0,3,3,0.981,0.881,-0.09999999999999998,0.09999999999999998,200,10,128,2000,500,2500,25000
2,canonical,0-1-2-3-4,experience_replay,500,er500,PASS,0.0,0.0,4,4,0.978,0.978,0.0,0.0,200,10,128,2000,500,2500,25000
2,canonical,0-1-2-3-4,ewc,0,ewc,PASS,100.0,100.0,0,0,0.999,0.0,-0.999,0.999,160,10,128,2000,0,2000,20000
2,canonical,0-1-2-3-4,ewc,0,ewc,PASS,100.0,100.0,1,1,0.974,0.0,-0.974,0.974,160,10,128,2000,0,2000,20000
2,canonical,0-1-2-3-4,ewc,0,ewc,PASS,100.0,100.0,2,2,0.993,0.0,-0.993,0.993,160,10,128,2000,0,2000,20000
2,canonical,0-1-2-3-4,ewc,0,ewc,PASS,100.0,100.0,3,3,0.993,0.0,-0.993,0.993,160,10,128,2000,0,2000,20000
2,canonical,0-1-2-3-4,ewc,0,ewc,PASS,100.0,100.0,4,4,0.979,0.979,0.0,0.0,160,10,128,2000,0,2000,20000
2,shuffle_0,2-3-1-0-4,no_replay,0,no_replay,PASS,0.0,0.0,2,0,0.995,0.0,-0.995,0.995,160,10,128,2000,0,2000,20000
2,shuffle_0,2-3-1-0-4,no_replay,0,no_replay,PASS,0.0,0.0,3,1,0.994,0.0,-0.994,0.994,160,10,128,2000,0,2000,20000
2,shuffle_0,2-3-1-0-4,no_replay,0,no_replay,PASS,0.0,0.0,1,2,0.968,0.0,-0.968,0.968,160,10,128,2000,0,2000,20000
2,shuffle_0,2-3-1-0-4,no_replay,0,no_replay,PASS,0.0,0.0,0,3,1.0,0.0,-1.0,1.0,160,10,128,2000,0,2000,20000
2,shuffle_0,2-3-1-0-4,no_replay,0,no_replay,PASS,0.0,0.0,4,4,0.978,0.978,0.0,0.0,160,10,128,2000,0,2000,20000
2,shuffle_0,2-3-1-0-4,experience_replay,100,er100,PASS,0.0,0.0,2,0,0.995,0.0,-0.995,0.995,160,10,128,2000,0,2000,20000
2,shuffle_0,2-3-1-0-4,experience_replay,100,er100,PASS,0.0,0.0,3,1,0.984,0.0,-0.984,0.984,170,10,128,2000,100,2100,21000
2,shuffle_0,2-3-1-0-4,experience_replay,100,er100,PASS,0.0,0.0,1,2,0.973,0.0,-0.973,0.973,170,10,128,2000,100,2100,21000
2,shuffle_0,2-3-1-0-4,experience_replay,100,er100,PASS,0.0,0.0,0,3,0.997,0.8,-0.19699999999999995,0.19699999999999995,170,10,128,2000,100,2100,21000
2,shuffle_0,2-3-1-0-4,experience_replay,100,er100,PASS,0.0,0.0,4,4,0.975,0.975,0.0,0.0,170,10,128,2000,100,2100,21000
2,shuffle_0,2-3-1-0-4,experience_replay,500,er500,PASS,0.0,0.0,2,0,0.995,0.0,-0.995,0.995,160,10,128,2000,0,2000,20000
2,shuffle_0,2-3-1-0-4,experience_replay,500,er500,PASS,0.0,0.0,3,1,0.979,0.458,-0.5209999999999999,0.5209999999999999,200,10,128,2000,500,2500,25000
2,shuffle_0,2-3-1-0-4,experience_replay,500,er500,PASS,0.0,0.0,1,2,0.963,0.633,-0.32999999999999996,0.32999999999999996,200,10,128,2000,500,2500,25000
2,shuffle_0,2-3-1-0-4,experience_replay,500,er500,PASS,0.0,0.0,0,3,0.996,0.961,-0.03500000000000003,0.03500000000000003,200,10,128,2000,500,2500,25000
2,shuffle_0,2-3-1-0-4,experience_replay,500,er500,PASS,0.0,0.0,4,4,0.967,0.967,0.0,0.0,200,10,128,2000,500,2500,25000
2,shuffle_0,2-3-1-0-4,ewc,0,ewc,PASS,100.0,100.0,2,0,0.995,0.0,-0.995,0.995,160,10,128,2000,0,2000,20000
2,shuffle_0,2-3-1-0-4,ewc,0,ewc,PASS,100.0,100.0,3,1,0.994,0.0,-0.994,0.994,160,10,128,2000,0,2000,20000
2,shuffle_0,2-3-1-0-4,ewc,0,ewc,PASS,100.0,100.0,1,2,0.968,0.0,-0.968,0.968,160,10,128,2000,0,2000,20000
2,shuffle_0,2-3-1-0-4,ewc,0,ewc,PASS,100.0,100.0,0,3,1.0,0.0,-1.0,1.0,160,10,128,2000,0,2000,20000
2,shuffle_0,2-3-1-0-4,ewc,0,ewc,PASS,100.0,100.0,4,4,0.978,0.978,0.0,0.0,160,10,128,2000,0,2000,20000
2,shuffle_1,1-0-2-4-3,no_replay,0,no_replay,PASS,0.0,0.0,1,0,0.973,0.0,-0.973,0.973,160,10,128,2000,0,2000,20000
2,shuffle_1,1-0-2-4-3,no_replay,0,no_replay,PASS,0.0,0.0,0,1,1.0,0.0,-1.0,1.0,160,10,128,2000,0,2000,20000
2,shuffle_1,1-0-2-4-3,no_replay,0,no_replay,PASS,0.0,0.0,2,2,0.994,0.0,-0.994,0.994,160,10,128,2000,0,2000,20000
2,shuffle_1,1-0-2-4-3,no_replay,0,no_replay,PASS,0.0,0.0,4,3,0.978,0.0,-0.978,0.978,160,10,128,2000,0,2000,20000
2,shuffle_1,1-0-2-4-3,no_replay,0,no_replay,PASS,0.0,0.0,3,4,0.993,0.993,0.0,0.0,160,10,128,2000,0,2000,20000
2,shuffle_1,1-0-2-4-3,experience_replay,100,er100,PASS,0.0,0.0,1,0,0.973,0.0,-0.973,0.973,160,10,128,2000,0,2000,20000
2,shuffle_1,1-0-2-4-3,experience_replay,100,er100,PASS,0.0,0.0,0,1,0.998,0.0,-0.998,0.998,170,10,128,2000,100,2100,21000
2,shuffle_1,1-0-2-4-3,experience_replay,100,er100,PASS,0.0,0.0,2,2,0.994,0.0,-0.994,0.994,170,10,128,2000,100,2100,21000
2,shuffle_1,1-0-2-4-3,experience_replay,100,er100,PASS,0.0,0.0,4,3,0.978,0.338,-0.6399999999999999,0.6399999999999999,170,10,128,2000,100,2100,21000
2,shuffle_1,1-0-2-4-3,experience_replay,100,er100,PASS,0.0,0.0,3,4,0.985,0.985,0.0,0.0,170,10,128,2000,100,2100,21000
2,shuffle_1,1-0-2-4-3,experience_replay,500,er500,PASS,0.0,0.0,1,0,0.973,0.0,-0.973,0.973,160,10,128,2000,0,2000,20000
2,shuffle_1,1-0-2-4-3,experience_replay,500,er500,PASS,0.0,0.0,0,1,0.998,0.662,-0.33599999999999997,0.33599999999999997,200,10,128,2000,500,2500,25000
2,shuffle_1,1-0-2-4-3,experience_replay,500,er500,PASS,0.0,0.0,2,2,0.989,0.554,-0.43499999999999994,0.43499999999999994,200,10,128,2000,500,2500,25000
2,shuffle_1,1-0-2-4-3,experience_replay,500,er500,PASS,0.0,0.0,4,3,0.958,0.897,-0.06099999999999994,0.06099999999999994,200,10,128,2000,500,2500,25000
2,shuffle_1,1-0-2-4-3,experience_replay,500,er500,PASS,0.0,0.0,3,4,0.972,0.972,0.0,0.0,200,10,128,2000,500,2500,25000
2,shuffle_1,1-0-2-4-3,ewc,0,ewc,PASS,100.0,100.0,1,0,0.973,0.0,-0.973,0.973,160,10,128,2000,0,2000,20000
2,shuffle_1,1-0-2-4-3,ewc,0,ewc,PASS,100.0,100.0,0,1,0.999,0.0,-0.999,0.999,160,10,128,2000,0,2000,20000
2,shuffle_1,1-0-2-4-3,ewc,0,ewc,PASS,100.0,100.0,2,2,0.994,0.0,-0.994,0.994,160,10,128,2000,0,2000,20000
2,shuffle_1,1-0-2-4-3,ewc,0,ewc,PASS,100.0,100.0,4,3,0.973,0.0,-0.973,0.973,160,10,128,2000,0,2000,20000
2,shuffle_1,1-0-2-4-3,ewc,0,ewc,PASS,100.0,100.0,3,4,0.992,0.992,0.0,0.0,160,10,128,2000,0,2000,20000
2,shuffle_2,2-3-0-4-1,no_replay,0,no_replay,PASS,0.0,0.0,2,0,0.994,0.0,-0.994,0.994,160,10,128,2000,0,2000,20000
2,shuffle_2,2-3-0-4-1,no_replay,0,no_replay,PASS,0.0,0.0,3,1,0.992,0.0,-0.992,0.992,160,10,128,2000,0,2000,20000
2,shuffle_2,2-3-0-4-1,no_replay,0,no_replay,PASS,0.0,0.0,0,2,1.0,0.0,-1.0,1.0,160,10,128,2000,0,2000,20000
2,shuffle_2,2-3-0-4-1,no_replay,0,no_replay,PASS,0.0,0.0,4,3,0.98,0.0,-0.98,0.98,160,10,128,2000,0,2000,20000
2,shuffle_2,2-3-0-4-1,no_replay,0,no_replay,PASS,0.0,0.0,1,4,0.974,0.974,0.0,0.0,160,10,128,2000,0,2000,20000
2,shuffle_2,2-3-0-4-1,experience_replay,100,er100,PASS,0.0,0.0,2,0,0.994,0.0,-0.994,0.994,160,10,128,2000,0,2000,20000
2,shuffle_2,2-3-0-4-1,experience_replay,100,er100,PASS,0.0,0.0,3,1,0.987,0.0,-0.987,0.987,170,10,128,2000,100,2100,21000
2,shuffle_2,2-3-0-4-1,experience_replay,100,er100,PASS,0.0,0.0,0,2,0.998,0.0,-0.998,0.998,170,10,128,2000,100,2100,21000
2,shuffle_2,2-3-0-4-1,experience_replay,100,er100,PASS,0.0,0.0,4,3,0.981,0.425,-0.556,0.556,170,10,128,2000,100,2100,21000
2,shuffle_2,2-3-0-4-1,experience_replay,100,er100,PASS,0.0,0.0,1,4,0.968,0.968,0.0,0.0,170,10,128,2000,100,2100,21000
2,shuffle_2,2-3-0-4-1,experience_replay,500,er500,PASS,0.0,0.0,2,0,0.994,0.024,-0.97,0.97,160,10,128,2000,0,2000,20000
2,shuffle_2,2-3-0-4-1,experience_replay,500,er500,PASS,0.0,0.0,3,1,0.988,0.242,-0.746,0.746,200,10,128,2000,500,2500,25000
2,shuffle_2,2-3-0-4-1,experience_replay,500,er500,PASS,0.0,0.0,0,2,0.996,0.909,-0.08699999999999997,0.08699999999999997,200,10,128,2000,500,2500,25000
2,shuffle_2,2-3-0-4-1,experience_replay,500,er500,PASS,0.0,0.0,4,3,0.977,0.87,-0.10699999999999998,0.10699999999999998,200,10,128,2000,500,2500,25000
2,shuffle_2,2-3-0-4-1,experience_replay,500,er500,PASS,0.0,0.0,1,4,0.954,0.954,0.0,0.0,200,10,128,2000,500,2500,25000
2,shuffle_2,2-3-0-4-1,ewc,0,ewc,PASS,100.0,100.0,2,0,0.994,0.0,-0.994,0.994,160,10,128,2000,0,2000,20000
2,shuffle_2,2-3-0-4-1,ewc,0,ewc,PASS,100.0,100.0,3,1,0.992,0.0,-0.992,0.992,160,10,128,2000,0,2000,20000
2,shuffle_2,2-3-0-4-1,ewc,0,ewc,PASS,100.0,100.0,0,2,1.0,0.0,-1.0,1.0,160,10,128,2000,0,2000,20000
2,shuffle_2,2-3-0-4-1,ewc,0,ewc,PASS,100.0,100.0,4,3,0.981,0.0,-0.981,0.981,160,10,128,2000,0,2000,20000
2,shuffle_2,2-3-0-4-1,ewc,0,ewc,PASS,100.0,100.0,1,4,0.974,0.974,0.0,0.0,160,10,128,2000,0,2000,20000
2,shuffle_3,1-2-0-3-4,no_replay,0,no_replay,PASS,0.0,0.0,1,0,0.976,0.0,-0.976,0.976,160,10,128,2000,0,2000,20000
2,shuffle_3,1-2-0-3-4,no_replay,0,no_replay,PASS,0.0,0.0,2,1,0.995,0.0,-0.995,0.995,160,10,128,2000,0,2000,20000
2,shuffle_3,1-2-0-3-4,no_replay,0,no_replay,PASS,0.0,0.0,0,2,0.999,0.0,-0.999,0.999,160,10,128,2000,0,2000,20000
2,shuffle_3,1-2-0-3-4,no_replay,0,no_replay,PASS,0.0,0.0,3,3,0.993,0.0,-0.993,0.993,160,10,128,2000,0,2000,20000
2,shuffle_3,1-2-0-3-4,no_replay,0,no_replay,PASS,0.0,0.0,4,4,0.977,0.977,0.0,0.0,160,10,128,2000,0,2000,20000
2,shuffle_3,1-2-0-3-4,experience_replay,100,er100,PASS,0.0,0.0,1,0,0.976,0.0,-0.976,0.976,160,10,128,2000,0,2000,20000
2,shuffle_3,1-2-0-3-4,experience_replay,100,er100,PASS,0.0,0.0,2,1,0.988,0.0,-0.988,0.988,170,10,128,2000,100,2100,21000
2,shuffle_3,1-2-0-3-4,experience_replay,100,er100,PASS,0.0,0.0,0,2,0.999,0.002,-0.997,0.997,170,10,128,2000,100,2100,21000
2,shuffle_3,1-2-0-3-4,experience_replay,100,er100,PASS,0.0,0.0,3,3,0.986,0.685,-0.30099999999999993,0.30099999999999993,170,10,128,2000,100,2100,21000
2,shuffle_3,1-2-0-3-4,experience_replay,100,er100,PASS,0.0,0.0,4,4,0.978,0.978,0.0,0.0,170,10,128,2000,100,2100,21000
2,shuffle_3,1-2-0-3-4,experience_replay,500,er500,PASS,0.0,0.0,1,0,0.976,0.007,-0.969,0.969,160,10,128,2000,0,2000,20000
2,shuffle_3,1-2-0-3-4,experience_replay,500,er500,PASS,0.0,0.0,2,1,0.98,0.194,-0.786,0.786,200,10,128,2000,500,2500,25000
2,shuffle_3,1-2-0-3-4,experience_replay,500,er500,PASS,0.0,0.0,0,2,0.993,0.879,-0.11399999999999999,0.11399999999999999,200,10,128,2000,500,2500,25000
2,shuffle_3,1-2-0-3-4,experience_replay,500,er500,PASS,0.0,0.0,3,3,0.985,0.915,-0.06999999999999995,0.06999999999999995,200,10,128,2000,500,2500,25000
2,shuffle_3,1-2-0-3-4,experience_replay,500,er500,PASS,0.0,0.0,4,4,0.961,0.961,0.0,0.0,200,10,128,2000,500,2500,25000
2,shuffle_3,1-2-0-3-4,ewc,0,ewc,PASS,100.0,100.0,1,0,0.976,0.0,-0.976,0.976,160,10,128,2000,0,2000,20000
2,shuffle_3,1-2-0-3-4,ewc,0,ewc,PASS,100.0,100.0,2,1,0.994,0.0,-0.994,0.994,160,10,128,2000,0,2000,20000
2,shuffle_3,1-2-0-3-4,ewc,0,ewc,PASS,100.0,100.0,0,2,0.999,0.0,-0.999,0.999,160,10,128,2000,0,2000,20000
2,shuffle_3,1-2-0-3-4,ewc,0,ewc,PASS,100.0,100.0,3,3,0.994,0.0,-0.994,0.994,160,10,128,2000,0,2000,20000
2,shuffle_3,1-2-0-3-4,ewc,0,ewc,PASS,100.0,100.0,4,4,0.977,0.977,0.0,0.0,160,10,128,2000,0,2000,20000
3,canonical,0-1-2-3-4,no_replay,0,no_replay,PASS,0.0,0.0,0,0,0.999,0.0,-0.999,0.999,160,10,128,2000,0,2000,20000
3,canonical,0-1-2-3-4,no_replay,0,no_replay,PASS,0.0,0.0,1,1,0.977,0.0,-0.977,0.977,160,10,128,2000,0,2000,20000
3,canonical,0-1-2-3-4,no_replay,0,no_replay,PASS,0.0,0.0,2,2,0.994,0.0,-0.994,0.994,160,10,128,2000,0,2000,20000
3,canonical,0-1-2-3-4,no_replay,0,no_replay,PASS,0.0,0.0,3,3,0.992,0.0,-0.992,0.992,160,10,128,2000,0,2000,20000
3,canonical,0-1-2-3-4,no_replay,0,no_replay,PASS,0.0,0.0,4,4,0.979,0.979,0.0,0.0,160,10,128,2000,0,2000,20000
3,canonical,0-1-2-3-4,experience_replay,100,er100,PASS,0.0,0.0,0,0,0.999,0.0,-0.999,0.999,160,10,128,2000,0,2000,20000
3,canonical,0-1-2-3-4,experience_replay,100,er100,PASS,0.0,0.0,1,1,0.979,0.0,-0.979,0.979,170,10,128,2000,100,2100,21000
3,canonical,0-1-2-3-4,experience_replay,100,er100,PASS,0.0,0.0,2,2,0.99,0.0,-0.99,0.99,170,10,128,2000,100,2100,21000
3,canonical,0-1-2-3-4,experience_replay,100,er100,PASS,0.0,0.0,3,3,0.988,0.729,-0.259,0.259,170,10,128,2000,100,2100,21000
3,canonical,0-1-2-3-4,experience_replay,100,er100,PASS,0.0,0.0,4,4,0.978,0.978,0.0,0.0,170,10,128,2000,100,2100,21000
3,canonical,0-1-2-3-4,experience_replay,500,er500,PASS,0.0,0.0,0,0,0.999,0.0,-0.999,0.999,160,10,128,2000,0,2000,20000
3,canonical,0-1-2-3-4,experience_replay,500,er500,PASS,0.0,0.0,1,1,0.976,0.103,-0.873,0.873,200,10,128,2000,500,2500,25000
3,canonical,0-1-2-3-4,experience_replay,500,er500,PASS,0.0,0.0,2,2,0.981,0.478,-0.503,0.503,200,10,128,2000,500,2500,25000
3,canonical,0-1-2-3-4,experience_replay,500,er500,PASS,0.0,0.0,3,3,0.981,0.891,-0.08999999999999997,0.08999999999999997,200,10,128,2000,500,2500,25000
3,canonical,0-1-2-3-4,experience_replay,500,er500,PASS,0.0,0.0,4,4,0.969,0.969,0.0,0.0,200,10,128,2000,500,2500,25000
3,canonical,0-1-2-3-4,ewc,0,ewc,PASS,100.0,100.0,0,0,0.999,0.0,-0.999,0.999,160,10,128,2000,0,2000,20000
3,canonical,0-1-2-3-4,ewc,0,ewc,PASS,100.0,100.0,1,1,0.976,0.0,-0.976,0.976,160,10,128,2000,0,2000,20000
3,canonical,0-1-2-3-4,ewc,0,ewc,PASS,100.0,100.0,2,2,0.994,0.0,-0.994,0.994,160,10,128,2000,0,2000,20000
3,canonical,0-1-2-3-4,ewc,0,ewc,PASS,100.0,100.0,3,3,0.992,0.0,-0.992,0.992,160,10,128,2000,0,2000,20000
3,canonical,0-1-2-3-4,ewc,0,ewc,PASS,100.0,100.0,4,4,0.97,0.97,0.0,0.0,160,10,128,2000,0,2000,20000
3,shuffle_0,2-3-1-0-4,no_replay,0,no_replay,PASS,0.0,0.0,2,0,0.994,0.0,-0.994,0.994,160,10,128,2000,0,2000,20000
3,shuffle_0,2-3-1-0-4,no_replay,0,no_replay,PASS,0.0,0.0,3,1,0.992,0.0,-0.992,0.992,160,10,128,2000,0,2000,20000
3,shuffle_0,2-3-1-0-4,no_replay,0,no_replay,PASS,0.0,0.0,1,2,0.955,0.0,-0.955,0.955,160,10,128,2000,0,2000,20000
3,shuffle_0,2-3-1-0-4,no_replay,0,no_replay,PASS,0.0,0.0,0,3,1.0,0.0,-1.0,1.0,160,10,128,2000,0,2000,20000
3,shuffle_0,2-3-1-0-4,no_replay,0,no_replay,PASS,0.0,0.0,4,4,0.973,0.973,0.0,0.0,160,10,128,2000,0,2000,20000
3,shuffle_0,2-3-1-0-4,experience_replay,100,er100,PASS,0.0,0.0,2,0,0.994,0.0,-0.994,0.994,160,10,128,2000,0,2000,20000
3,shuffle_0,2-3-1-0-4,experience_replay,100,er100,PASS,0.0,0.0,3,1,0.992,0.0,-0.992,0.992,170,10,128,2000,100,2100,21000
3,shuffle_0,2-3-1-0-4,experience_replay,100,er100,PASS,0.0,0.0,1,2,0.973,0.0,-0.973,0.973,170,10,128,2000,100,2100,21000
3,shuffle_0,2-3-1-0-4,experience_replay,100,er100,PASS,0.0,0.0,0,3,0.997,0.866,-0.131,0.131,170,10,128,2000,100,2100,21000
3,shuffle_0,2-3-1-0-4,experience_replay,100,er100,PASS,0.0,0.0,4,4,0.977,0.977,0.0,0.0,170,10,128,2000,100,2100,21000
3,shuffle_0,2-3-1-0-4,experience_replay,500,er500,PASS,0.0,0.0,2,0,0.994,0.0,-0.994,0.994,160,10,128,2000,0,2000,20000
3,shuffle_0,2-3-1-0-4,experience_replay,500,er500,PASS,0.0,0.0,3,1,0.979,0.493,-0.486,0.486,200,10,128,2000,500,2500,25000
3,shuffle_0,2-3-1-0-4,experience_replay,500,er500,PASS,0.0,0.0,1,2,0.971,0.742,-0.22899999999999998,0.22899999999999998,200,10,128,2000,500,2500,25000
3,shuffle_0,2-3-1-0-4,experience_replay,500,er500,PASS,0.0,0.0,0,3,0.995,0.976,-0.019000000000000017,0.019000000000000017,200,10,128,2000,500,2500,25000
3,shuffle_0,2-3-1-0-4,experience_replay,500,er500,PASS,0.0,0.0,4,4,0.976,0.976,0.0,0.0,200,10,128,2000,500,2500,25000
3,shuffle_0,2-3-1-0-4,ewc,0,ewc,PASS,100.0,100.0,2,0,0.994,0.0,-0.994,0.994,160,10,128,2000,0,2000,20000
3,shuffle_0,2-3-1-0-4,ewc,0,ewc,PASS,100.0,100.0,3,1,0.992,0.0,-0.992,0.992,160,10,128,2000,0,2000,20000
3,shuffle_0,2-3-1-0-4,ewc,0,ewc,PASS,100.0,100.0,1,2,0.969,0.0,-0.969,0.969,160,10,128,2000,0,2000,20000
3,shuffle_0,2-3-1-0-4,ewc,0,ewc,PASS,100.0,100.0,0,3,1.0,0.0,-1.0,1.0,160,10,128,2000,0,2000,20000
3,shuffle_0,2-3-1-0-4,ewc,0,ewc,PASS,100.0,100.0,4,4,0.977,0.977,0.0,0.0,160,10,128,2000,0,2000,20000
3,shuffle_1,1-0-2-4-3,no_replay,0,no_replay,PASS,0.0,0.0,1,0,0.981,0.0,-0.981,0.981,160,10,128,2000,0,2000,20000
3,shuffle_1,1-0-2-4-3,no_replay,0,no_replay,PASS,0.0,0.0,0,1,1.0,0.0,-1.0,1.0,160,10,128,2000,0,2000,20000
3,shuffle_1,1-0-2-4-3,no_replay,0,no_replay,PASS,0.0,0.0,2,2,0.995,0.0,-0.995,0.995,160,10,128,2000,0,2000,20000
3,shuffle_1,1-0-2-4-3,no_replay,0,no_replay,PASS,0.0,0.0,4,3,0.983,0.0,-0.983,0.983,160,10,128,2000,0,2000,20000
3,shuffle_1,1-0-2-4-3,no_replay,0,no_replay,PASS,0.0,0.0,3,4,0.993,0.993,0.0,0.0,160,10,128,2000,0,2000,20000
3,shuffle_1,1-0-2-4-3,experience_replay,100,er100,PASS,0.0,0.0,1,0,0.981,0.0,-0.981,0.981,160,10,128,2000,0,2000,20000
3,shuffle_1,1-0-2-4-3,experience_replay,100,er100,PASS,0.0,0.0,0,1,0.997,0.0,-0.997,0.997,170,10,128,2000,100,2100,21000
3,shuffle_1,1-0-2-4-3,experience_replay,100,er100,PASS,0.0,0.0,2,2,0.994,0.0,-0.994,0.994,170,10,128,2000,100,2100,21000
3,shuffle_1,1-0-2-4-3,experience_replay,100,er100,PASS,0.0,0.0,4,3,0.981,0.673,-0.30799999999999994,0.30799999999999994,170,10,128,2000,100,2100,21000
3,shuffle_1,1-0-2-4-3,experience_replay,100,er100,PASS,0.0,0.0,3,4,0.983,0.983,0.0,0.0,170,10,128,2000,100,2100,21000
3,shuffle_1,1-0-2-4-3,experience_replay,500,er500,PASS,0.0,0.0,1,0,0.981,0.0,-0.981,0.981,160,10,128,2000,0,2000,20000
3,shuffle_1,1-0-2-4-3,experience_replay,500,er500,PASS,0.0,0.0,0,1,0.995,0.781,-0.21399999999999997,0.21399999999999997,200,10,128,2000,500,2500,25000
3,shuffle_1,1-0-2-4-3,experience_replay,500,er500,PASS,0.0,0.0,2,2,0.985,0.773,-0.21199999999999997,0.21199999999999997,200,10,128,2000,500,2500,25000
3,shuffle_1,1-0-2-4-3,experience_replay,500,er500,PASS,0.0,0.0,4,3,0.963,0.887,-0.07599999999999996,0.07599999999999996,200,10,128,2000,500,2500,25000
3,shuffle_1,1-0-2-4-3,experience_replay,500,er500,PASS,0.0,0.0,3,4,0.98,0.98,0.0,0.0,200,10,128,2000,500,2500,25000
3,shuffle_1,1-0-2-4-3,ewc,0,ewc,PASS,100.0,100.0,1,0,0.981,0.0,-0.981,0.981,160,10,128,2000,0,2000,20000
3,shuffle_1,1-0-2-4-3,ewc,0,ewc,PASS,100.0,100.0,0,1,1.0,0.0,-1.0,1.0,160,10,128,2000,0,2000,20000
3,shuffle_1,1-0-2-4-3,ewc,0,ewc,PASS,100.0,100.0,2,2,0.995,0.0,-0.995,0.995,160,10,128,2000,0,2000,20000
3,shuffle_1,1-0-2-4-3,ewc,0,ewc,PASS,100.0,100.0,4,3,0.984,0.0,-0.984,0.984,160,10,128,2000,0,2000,20000
3,shuffle_1,1-0-2-4-3,ewc,0,ewc,PASS,100.0,100.0,3,4,0.993,0.993,0.0,0.0,160,10,128,2000,0,2000,20000
3,shuffle_2,2-3-0-4-1,no_replay,0,no_replay,PASS,0.0,0.0,2,0,0.993,0.0,-0.993,0.993,160,10,128,2000,0,2000,20000
3,shuffle_2,2-3-0-4-1,no_replay,0,no_replay,PASS,0.0,0.0,3,1,0.994,0.0,-0.994,0.994,160,10,128,2000,0,2000,20000
3,shuffle_2,2-3-0-4-1,no_replay,0,no_replay,PASS,0.0,0.0,0,2,0.998,0.0,-0.998,0.998,160,10,128,2000,0,2000,20000
3,shuffle_2,2-3-0-4-1,no_replay,0,no_replay,PASS,0.0,0.0,4,3,0.967,0.0,-0.967,0.967,160,10,128,2000,0,2000,20000
3,shuffle_2,2-3-0-4-1,no_replay,0,no_replay,PASS,0.0,0.0,1,4,0.972,0.972,0.0,0.0,160,10,128,2000,0,2000,20000
3,shuffle_2,2-3-0-4-1,experience_replay,100,er100,PASS,0.0,0.0,2,0,0.993,0.0,-0.993,0.993,160,10,128,2000,0,2000,20000
3,shuffle_2,2-3-0-4-1,experience_replay,100,er100,PASS,0.0,0.0,3,1,0.987,0.0,-0.987,0.987,170,10,128,2000,100,2100,21000
3,shuffle_2,2-3-0-4-1,experience_replay,100,er100,PASS,0.0,0.0,0,2,0.998,0.0,-0.998,0.998,170,10,128,2000,100,2100,21000
3,shuffle_2,2-3-0-4-1,experience_replay,100,er100,PASS,0.0,0.0,4,3,0.968,0.462,-0.506,0.506,170,10,128,2000,100,2100,21000
3,shuffle_2,2-3-0-4-1,experience_replay,100,er100,PASS,0.0,0.0,1,4,0.973,0.973,0.0,0.0,170,10,128,2000,100,2100,21000
3,shuffle_2,2-3-0-4-1,experience_replay,500,er500,PASS,0.0,0.0,2,0,0.993,0.0,-0.993,0.993,160,10,128,2000,0,2000,20000
3,shuffle_2,2-3-0-4-1,experience_replay,500,er500,PASS,0.0,0.0,3,1,0.985,0.188,-0.7969999999999999,0.7969999999999999,200,10,128,2000,500,2500,25000
3,shuffle_2,2-3-0-4-1,experience_replay,500,er500,PASS,0.0,0.0,0,2,0.996,0.923,-0.07299999999999995,0.07299999999999995,200,10,128,2000,500,2500,25000
3,shuffle_2,2-3-0-4-1,experience_replay,500,er500,PASS,0.0,0.0,4,3,0.973,0.884,-0.08899999999999997,0.08899999999999997,200,10,128,2000,500,2500,25000
3,shuffle_2,2-3-0-4-1,experience_replay,500,er500,PASS,0.0,0.0,1,4,0.967,0.967,0.0,0.0,200,10,128,2000,500,2500,25000
3,shuffle_2,2-3-0-4-1,ewc,0,ewc,PASS,100.0,100.0,2,0,0.993,0.0,-0.993,0.993,160,10,128,2000,0,2000,20000
3,shuffle_2,2-3-0-4-1,ewc,0,ewc,PASS,100.0,100.0,3,1,0.993,0.0,-0.993,0.993,160,10,128,2000,0,2000,20000
3,shuffle_2,2-3-0-4-1,ewc,0,ewc,PASS,100.0,100.0,0,2,1.0,0.0,-1.0,1.0,160,10,128,2000,0,2000,20000
3,shuffle_2,2-3-0-4-1,ewc,0,ewc,PASS,100.0,100.0,4,3,0.972,0.0,-0.972,0.972,160,10,128,2000,0,2000,20000
3,shuffle_2,2-3-0-4-1,ewc,0,ewc,PASS,100.0,100.0,1,4,0.969,0.969,0.0,0.0,160,10,128,2000,0,2000,20000
3,shuffle_3,1-2-0-3-4,no_replay,0,no_replay,PASS,0.0,0.0,1,0,0.973,0.0,-0.973,0.973,160,10,128,2000,0,2000,20000
3,shuffle_3,1-2-0-3-4,no_replay,0,no_replay,PASS,0.0,0.0,2,1,0.995,0.0,-0.995,0.995,160,10,128,2000,0,2000,20000
3,shuffle_3,1-2-0-3-4,no_replay,0,no_replay,PASS,0.0,0.0,0,2,0.999,0.0,-0.999,0.999,160,10,128,2000,0,2000,20000
3,shuffle_3,1-2-0-3-4,no_replay,0,no_replay,PASS,0.0,0.0,3,3,0.994,0.0,-0.994,0.994,160,10,128,2000,0,2000,20000
3,shuffle_3,1-2-0-3-4,no_replay,0,no_replay,PASS,0.0,0.0,4,4,0.982,0.982,0.0,0.0,160,10,128,2000,0,2000,20000
3,shuffle_3,1-2-0-3-4,experience_replay,100,er100,PASS,0.0,0.0,1,0,0.973,0.0,-0.973,0.973,160,10,128,2000,0,2000,20000
3,shuffle_3,1-2-0-3-4,experience_replay,100,er100,PASS,0.0,0.0,2,1,0.993,0.0,-0.993,0.993,170,10,128,2000,100,2100,21000
3,shuffle_3,1-2-0-3-4,experience_replay,100,er100,PASS,0.0,0.0,0,2,0.999,0.003,-0.996,0.996,170,10,128,2000,100,2100,21000
3,shuffle_3,1-2-0-3-4,experience_replay,100,er100,PASS,0.0,0.0,3,3,0.989,0.611,-0.378,0.378,170,10,128,2000,100,2100,21000
3,shuffle_3,1-2-0-3-4,experience_replay,100,er100,PASS,0.0,0.0,4,4,0.982,0.982,0.0,0.0,170,10,128,2000,100,2100,21000
3,shuffle_3,1-2-0-3-4,experience_replay,500,er500,PASS,0.0,0.0,1,0,0.973,0.0,-0.973,0.973,160,10,128,2000,0,2000,20000
3,shuffle_3,1-2-0-3-4,experience_replay,500,er500,PASS,0.0,0.0,2,1,0.984,0.002,-0.982,0.982,200,10,128,2000,500,2500,25000
3,shuffle_3,1-2-0-3-4,experience_replay,500,er500,PASS,0.0,0.0,0,2,0.996,0.915,-0.08099999999999996,0.08099999999999996,200,10,128,2000,500,2500,25000
3,shuffle_3,1-2-0-3-4,experience_replay,500,er500,PASS,0.0,0.0,3,3,0.982,0.91,-0.07199999999999995,0.07199999999999995,200,10,128,2000,500,2500,25000
3,shuffle_3,1-2-0-3-4,experience_replay,500,er500,PASS,0.0,0.0,4,4,0.971,0.971,0.0,0.0,200,10,128,2000,500,2500,25000
3,shuffle_3,1-2-0-3-4,ewc,0,ewc,PASS,100.0,100.0,1,0,0.973,0.0,-0.973,0.973,160,10,128,2000,0,2000,20000
3,shuffle_3,1-2-0-3-4,ewc,0,ewc,PASS,100.0,100.0,2,1,0.995,0.0,-0.995,0.995,160,10,128,2000,0,2000,20000
3,shuffle_3,1-2-0-3-4,ewc,0,ewc,PASS,100.0,100.0,0,2,0.999,0.0,-0.999,0.999,160,10,128,2000,0,2000,20000
3,shuffle_3,1-2-0-3-4,ewc,0,ewc,PASS,100.0,100.0,3,3,0.995,0.0,-0.995,0.995,160,10,128,2000,0,2000,20000
3,shuffle_3,1-2-0-3-4,ewc,0,ewc,PASS,100.0,100.0,4,4,0.987,0.987,0.0,0.0,160,10,128,2000,0,2000,20000
4,canonical,0-1-2-3-4,no_replay,0,no_replay,PASS,0.0,0.0,0,0,0.999,0.0,-0.999,0.999,160,10,128,2000,0,2000,20000
4,canonical,0-1-2-3-4,no_replay,0,no_replay,PASS,0.0,0.0,1,1,0.977,0.0,-0.977,0.977,160,10,128,2000,0,2000,20000
4,canonical,0-1-2-3-4,no_replay,0,no_replay,PASS,0.0,0.0,2,2,0.993,0.0,-0.993,0.993,160,10,128,2000,0,2000,20000
4,canonical,0-1-2-3-4,no_replay,0,no_replay,PASS,0.0,0.0,3,3,0.993,0.0,-0.993,0.993,160,10,128,2000,0,2000,20000
4,canonical,0-1-2-3-4,no_replay,0,no_replay,PASS,0.0,0.0,4,4,0.979,0.979,0.0,0.0,160,10,128,2000,0,2000,20000
4,canonical,0-1-2-3-4,experience_replay,100,er100,PASS,0.0,0.0,0,0,0.999,0.0,-0.999,0.999,160,10,128,2000,0,2000,20000
4,canonical,0-1-2-3-4,experience_replay,100,er100,PASS,0.0,0.0,1,1,0.98,0.0,-0.98,0.98,170,10,128,2000,100,2100,21000
4,canonical,0-1-2-3-4,experience_replay,100,er100,PASS,0.0,0.0,2,2,0.992,0.0,-0.992,0.992,170,10,128,2000,100,2100,21000
4,canonical,0-1-2-3-4,experience_replay,100,er100,PASS,0.0,0.0,3,3,0.988,0.687,-0.30099999999999993,0.30099999999999993,170,10,128,2000,100,2100,21000
4,canonical,0-1-2-3-4,experience_replay,100,er100,PASS,0.0,0.0,4,4,0.971,0.971,0.0,0.0,170,10,128,2000,100,2100,21000
4,canonical,0-1-2-3-4,experience_replay,500,er500,PASS,0.0,0.0,0,0,0.999,0.014,-0.985,0.985,160,10,128,2000,0,2000,20000
4,canonical,0-1-2-3-4,experience_replay,500,er500,PASS,0.0,0.0,1,1,0.975,0.133,-0.842,0.842,200,10,128,2000,500,2500,25000
4,canonical,0-1-2-3-4,experience_replay,500,er500,PASS,0.0,0.0,2,2,0.982,0.193,-0.7889999999999999,0.7889999999999999,200,10,128,2000,500,2500,25000
4,canonical,0-1-2-3-4,experience_replay,500,er500,PASS,0.0,0.0,3,3,0.98,0.879,-0.10099999999999998,0.10099999999999998,200,10,128,2000,500,2500,25000
4,canonical,0-1-2-3-4,experience_replay,500,er500,PASS,0.0,0.0,4,4,0.976,0.976,0.0,0.0,200,10,128,2000,500,2500,25000
4,canonical,0-1-2-3-4,ewc,0,ewc,PASS,100.0,100.0,0,0,0.999,0.0,-0.999,0.999,160,10,128,2000,0,2000,20000
4,canonical,0-1-2-3-4,ewc,0,ewc,PASS,100.0,100.0,1,1,0.977,0.002,-0.975,0.975,160,10,128,2000,0,2000,20000
4,canonical,0-1-2-3-4,ewc,0,ewc,PASS,100.0,100.0,2,2,0.994,0.0,-0.994,0.994,160,10,128,2000,0,2000,20000
4,canonical,0-1-2-3-4,ewc,0,ewc,PASS,100.0,100.0,3,3,0.991,0.0,-0.991,0.991,160,10,128,2000,0,2000,20000
4,canonical,0-1-2-3-4,ewc,0,ewc,PASS,100.0,100.0,4,4,0.976,0.976,0.0,0.0,160,10,128,2000,0,2000,20000
4,shuffle_0,2-3-1-0-4,no_replay,0,no_replay,PASS,0.0,0.0,2,0,0.992,0.0,-0.992,0.992,160,10,128,2000,0,2000,20000
4,shuffle_0,2-3-1-0-4,no_replay,0,no_replay,PASS,0.0,0.0,3,1,0.992,0.0,-0.992,0.992,160,10,128,2000,0,2000,20000
4,shuffle_0,2-3-1-0-4,no_replay,0,no_replay,PASS,0.0,0.0,1,2,0.973,0.0,-0.973,0.973,160,10,128,2000,0,2000,20000
4,shuffle_0,2-3-1-0-4,no_replay,0,no_replay,PASS,0.0,0.0,0,3,1.0,0.0,-1.0,1.0,160,10,128,2000,0,2000,20000
4,shuffle_0,2-3-1-0-4,no_replay,0,no_replay,PASS,0.0,0.0,4,4,0.984,0.984,0.0,0.0,160,10,128,2000,0,2000,20000
4,shuffle_0,2-3-1-0-4,experience_replay,100,er100,PASS,0.0,0.0,2,0,0.992,0.0,-0.992,0.992,160,10,128,2000,0,2000,20000
4,shuffle_0,2-3-1-0-4,experience_replay,100,er100,PASS,0.0,0.0,3,1,0.991,0.0,-0.991,0.991,170,10,128,2000,100,2100,21000
4,shuffle_0,2-3-1-0-4,experience_replay,100,er100,PASS,0.0,0.0,1,2,0.974,0.0,-0.974,0.974,170,10,128,2000,100,2100,21000
4,shuffle_0,2-3-1-0-4,experience_replay,100,er100,PASS,0.0,0.0,0,3,0.997,0.631,-0.366,0.366,170,10,128,2000,100,2100,21000
4,shuffle_0,2-3-1-0-4,experience_replay,100,er100,PASS,0.0,0.0,4,4,0.973,0.973,0.0,0.0,170,10,128,2000,100,2100,21000
4,shuffle_0,2-3-1-0-4,experience_replay,500,er500,PASS,0.0,0.0,2,0,0.992,0.0,-0.992,0.992,160,10,128,2000,0,2000,20000
4,shuffle_0,2-3-1-0-4,experience_replay,500,er500,PASS,0.0,0.0,3,1,0.987,0.363,-0.624,0.624,200,10,128,2000,500,2500,25000
4,shuffle_0,2-3-1-0-4,experience_replay,500,er500,PASS,0.0,0.0,1,2,0.968,0.75,-0.21799999999999997,0.21799999999999997,200,10,128,2000,500,2500,25000
4,shuffle_0,2-3-1-0-4,experience_replay,500,er500,PASS,0.0,0.0,0,3,0.996,0.97,-0.026000000000000023,0.026000000000000023,200,10,128,2000,500,2500,25000
4,shuffle_0,2-3-1-0-4,experience_replay,500,er500,PASS,0.0,0.0,4,4,0.972,0.972,0.0,0.0,200,10,128,2000,500,2500,25000
4,shuffle_0,2-3-1-0-4,ewc,0,ewc,PASS,100.0,100.0,2,0,0.992,0.0,-0.992,0.992,160,10,128,2000,0,2000,20000
4,shuffle_0,2-3-1-0-4,ewc,0,ewc,PASS,100.0,100.0,3,1,0.991,0.0,-0.991,0.991,160,10,128,2000,0,2000,20000
4,shuffle_0,2-3-1-0-4,ewc,0,ewc,PASS,100.0,100.0,1,2,0.97,0.0,-0.97,0.97,160,10,128,2000,0,2000,20000
4,shuffle_0,2-3-1-0-4,ewc,0,ewc,PASS,100.0,100.0,0,3,1.0,0.0,-1.0,1.0,160,10,128,2000,0,2000,20000
4,shuffle_0,2-3-1-0-4,ewc,0,ewc,PASS,100.0,100.0,4,4,0.983,0.983,0.0,0.0,160,10,128,2000,0,2000,20000
4,shuffle_1,1-0-2-4-3,no_replay,0,no_replay,PASS,0.0,0.0,1,0,0.975,0.0,-0.975,0.975,160,10,128,2000,0,2000,20000
4,shuffle_1,1-0-2-4-3,no_replay,0,no_replay,PASS,0.0,0.0,0,1,0.999,0.0,-0.999,0.999,160,10,128,2000,0,2000,20000
4,shuffle_1,1-0-2-4-3,no_replay,0,no_replay,PASS,0.0,0.0,2,2,0.994,0.0,-0.994,0.994,160,10,128,2000,0,2000,20000
4,shuffle_1,1-0-2-4-3,no_replay,0,no_replay,PASS,0.0,0.0,4,3,0.969,0.0,-0.969,0.969,160,10,128,2000,0,2000,20000
4,shuffle_1,1-0-2-4-3,no_replay,0,no_replay,PASS,0.0,0.0,3,4,0.993,0.993,0.0,0.0,160,10,128,2000,0,2000,20000
4,shuffle_1,1-0-2-4-3,experience_replay,100,er100,PASS,0.0,0.0,1,0,0.975,0.0,-0.975,0.975,160,10,128,2000,0,2000,20000
4,shuffle_1,1-0-2-4-3,experience_replay,100,er100,PASS,0.0,0.0,0,1,0.998,0.0,-0.998,0.998,170,10,128,2000,100,2100,21000
4,shuffle_1,1-0-2-4-3,experience_replay,100,er100,PASS,0.0,0.0,2,2,0.993,0.0,-0.993,0.993,170,10,128,2000,100,2100,21000
4,shuffle_1,1-0-2-4-3,experience_replay,100,er100,PASS,0.0,0.0,4,3,0.977,0.424,-0.5529999999999999,0.5529999999999999,170,10,128,2000,100,2100,21000
4,shuffle_1,1-0-2-4-3,experience_replay,100,er100,PASS,0.0,0.0,3,4,0.987,0.987,0.0,0.0,170,10,128,2000,100,2100,21000
4,shuffle_1,1-0-2-4-3,experience_replay,500,er500,PASS,0.0,0.0,1,0,0.975,0.0,-0.975,0.975,160,10,128,2000,0,2000,20000
4,shuffle_1,1-0-2-4-3,experience_replay,500,er500,PASS,0.0,0.0,0,1,0.997,0.606,-0.391,0.391,200,10,128,2000,500,2500,25000
4,shuffle_1,1-0-2-4-3,experience_replay,500,er500,PASS,0.0,0.0,2,2,0.99,0.601,-0.389,0.389,200,10,128,2000,500,2500,25000
4,shuffle_1,1-0-2-4-3,experience_replay,500,er500,PASS,0.0,0.0,4,3,0.961,0.928,-0.03299999999999992,0.03299999999999992,200,10,128,2000,500,2500,25000
4,shuffle_1,1-0-2-4-3,experience_replay,500,er500,PASS,0.0,0.0,3,4,0.973,0.973,0.0,0.0,200,10,128,2000,500,2500,25000
4,shuffle_1,1-0-2-4-3,ewc,0,ewc,PASS,100.0,100.0,1,0,0.975,0.0,-0.975,0.975,160,10,128,2000,0,2000,20000
4,shuffle_1,1-0-2-4-3,ewc,0,ewc,PASS,100.0,100.0,0,1,1.0,0.0,-1.0,1.0,160,10,128,2000,0,2000,20000
4,shuffle_1,1-0-2-4-3,ewc,0,ewc,PASS,100.0,100.0,2,2,0.995,0.0,-0.995,0.995,160,10,128,2000,0,2000,20000
4,shuffle_1,1-0-2-4-3,ewc,0,ewc,PASS,100.0,100.0,4,3,0.982,0.0,-0.982,0.982,160,10,128,2000,0,2000,20000
4,shuffle_1,1-0-2-4-3,ewc,0,ewc,PASS,100.0,100.0,3,4,0.995,0.995,0.0,0.0,160,10,128,2000,0,2000,20000
4,shuffle_2,2-3-0-4-1,no_replay,0,no_replay,PASS,0.0,0.0,2,0,0.995,0.0,-0.995,0.995,160,10,128,2000,0,2000,20000
4,shuffle_2,2-3-0-4-1,no_replay,0,no_replay,PASS,0.0,0.0,3,1,0.991,0.0,-0.991,0.991,160,10,128,2000,0,2000,20000
4,shuffle_2,2-3-0-4-1,no_replay,0,no_replay,PASS,0.0,0.0,0,2,0.999,0.0,-0.999,0.999,160,10,128,2000,0,2000,20000
4,shuffle_2,2-3-0-4-1,no_replay,0,no_replay,PASS,0.0,0.0,4,3,0.975,0.0,-0.975,0.975,160,10,128,2000,0,2000,20000
4,shuffle_2,2-3-0-4-1,no_replay,0,no_replay,PASS,0.0,0.0,1,4,0.975,0.975,0.0,0.0,160,10,128,2000,0,2000,20000
4,shuffle_2,2-3-0-4-1,experience_replay,100,er100,PASS,0.0,0.0,2,0,0.995,0.0,-0.995,0.995,160,10,128,2000,0,2000,20000
4,shuffle_2,2-3-0-4-1,experience_replay,100,er100,PASS,0.0,0.0,3,1,0.992,0.0,-0.992,0.992,170,10,128,2000,100,2100,21000
4,shuffle_2,2-3-0-4-1,experience_replay,100,er100,PASS,0.0,0.0,0,2,0.998,0.0,-0.998,0.998,170,10,128,2000,100,2100,21000
4,shuffle_2,2-3-0-4-1,experience_replay,100,er100,PASS,0.0,0.0,4,3,0.974,0.629,-0.345,0.345,170,10,128,2000,100,2100,21000
4,shuffle_2,2-3-0-4-1,experience_replay,100,er100,PASS,0.0,0.0,1,4,0.97,0.97,0.0,0.0,170,10,128,2000,100,2100,21000
4,shuffle_2,2-3-0-4-1,experience_replay,500,er500,PASS,0.0,0.0,2,0,0.995,0.0,-0.995,0.995,160,10,128,2000,0,2000,20000
4,shuffle_2,2-3-0-4-1,experience_replay,500,er500,PASS,0.0,0.0,3,1,0.986,0.226,-0.76,0.76,200,10,128,2000,500,2500,25000
4,shuffle_2,2-3-0-4-1,experience_replay,500,er500,PASS,0.0,0.0,0,2,0.995,0.894,-0.10099999999999998,0.10099999999999998,200,10,128,2000,500,2500,25000
4,shuffle_2,2-3-0-4-1,experience_replay,500,er500,PASS,0.0,0.0,4,3,0.977,0.86,-0.11699999999999999,0.11699999999999999,200,10,128,2000,500,2500,25000
4,shuffle_2,2-3-0-4-1,experience_replay,500,er500,PASS,0.0,0.0,1,4,0.969,0.969,0.0,0.0,200,10,128,2000,500,2500,25000
4,shuffle_2,2-3-0-4-1,ewc,0,ewc,PASS,100.0,100.0,2,0,0.995,0.0,-0.995,0.995,160,10,128,2000,0,2000,20000
4,shuffle_2,2-3-0-4-1,ewc,0,ewc,PASS,100.0,100.0,3,1,0.991,0.0,-0.991,0.991,160,10,128,2000,0,2000,20000
4,shuffle_2,2-3-0-4-1,ewc,0,ewc,PASS,100.0,100.0,0,2,0.999,0.0,-0.999,0.999,160,10,128,2000,0,2000,20000
4,shuffle_2,2-3-0-4-1,ewc,0,ewc,PASS,100.0,100.0,4,3,0.978,0.0,-0.978,0.978,160,10,128,2000,0,2000,20000
4,shuffle_2,2-3-0-4-1,ewc,0,ewc,PASS,100.0,100.0,1,4,0.974,0.974,0.0,0.0,160,10,128,2000,0,2000,20000
4,shuffle_3,1-2-0-3-4,no_replay,0,no_replay,PASS,0.0,0.0,1,0,0.977,0.0,-0.977,0.977,160,10,128,2000,0,2000,20000
4,shuffle_3,1-2-0-3-4,no_replay,0,no_replay,PASS,0.0,0.0,2,1,0.995,0.0,-0.995,0.995,160,10,128,2000,0,2000,20000
4,shuffle_3,1-2-0-3-4,no_replay,0,no_replay,PASS,0.0,0.0,0,2,0.999,0.0,-0.999,0.999,160,10,128,2000,0,2000,20000
4,shuffle_3,1-2-0-3-4,no_replay,0,no_replay,PASS,0.0,0.0,3,3,0.994,0.0,-0.994,0.994,160,10,128,2000,0,2000,20000
4,shuffle_3,1-2-0-3-4,no_replay,0,no_replay,PASS,0.0,0.0,4,4,0.968,0.968,0.0,0.0,160,10,128,2000,0,2000,20000
4,shuffle_3,1-2-0-3-4,experience_replay,100,er100,PASS,0.0,0.0,1,0,0.977,0.0,-0.977,0.977,160,10,128,2000,0,2000,20000
4,shuffle_3,1-2-0-3-4,experience_replay,100,er100,PASS,0.0,0.0,2,1,0.991,0.0,-0.991,0.991,170,10,128,2000,100,2100,21000
4,shuffle_3,1-2-0-3-4,experience_replay,100,er100,PASS,0.0,0.0,0,2,0.997,0.0,-0.997,0.997,170,10,128,2000,100,2100,21000
4,shuffle_3,1-2-0-3-4,experience_replay,100,er100,PASS,0.0,0.0,3,3,0.989,0.664,-0.32499999999999996,0.32499999999999996,170,10,128,2000,100,2100,21000
4,shuffle_3,1-2-0-3-4,experience_replay,100,er100,PASS,0.0,0.0,4,4,0.982,0.982,0.0,0.0,170,10,128,2000,100,2100,21000
4,shuffle_3,1-2-0-3-4,experience_replay,500,er500,PASS,0.0,0.0,1,0,0.977,0.0,-0.977,0.977,160,10,128,2000,0,2000,20000
4,shuffle_3,1-2-0-3-4,experience_replay,500,er500,PASS,0.0,0.0,2,1,0.979,0.01,-0.969,0.969,200,10,128,2000,500,2500,25000
4,shuffle_3,1-2-0-3-4,experience_replay,500,er500,PASS,0.0,0.0,0,2,0.998,0.892,-0.10599999999999998,0.10599999999999998,200,10,128,2000,500,2500,25000
4,shuffle_3,1-2-0-3-4,experience_replay,500,er500,PASS,0.0,0.0,3,3,0.982,0.86,-0.122,0.122,200,10,128,2000,500,2500,25000
4,shuffle_3,1-2-0-3-4,experience_replay,500,er500,PASS,0.0,0.0,4,4,0.971,0.971,0.0,0.0,200,10,128,2000,500,2500,25000
4,shuffle_3,1-2-0-3-4,ewc,0,ewc,PASS,100.0,100.0,1,0,0.977,0.0,-0.977,0.977,160,10,128,2000,0,2000,20000
4,shuffle_3,1-2-0-3-4,ewc,0,ewc,PASS,100.0,100.0,2,1,0.994,0.0,-0.994,0.994,160,10,128,2000,0,2000,20000
4,shuffle_3,1-2-0-3-4,ewc,0,ewc,PASS,100.0,100.0,0,2,0.999,0.0,-0.999,0.999,160,10,128,2000,0,2000,20000
4,shuffle_3,1-2-0-3-4,ewc,0,ewc,PASS,100.0,100.0,3,3,0.995,0.0,-0.995,0.995,160,10,128,2000,0,2000,20000
4,shuffle_3,1-2-0-3-4,ewc,0,ewc,PASS,100.0,100.0,4,4,0.978,0.978,0.0,0.0,160,10,128,2000,0,2000,20000
5,canonical,0-1-2-3-4,no_replay,0,no_replay,PASS,0.0,0.0,0,0,1.0,0.0,-1.0,1.0,160,10,128,2000,0,2000,20000
5,canonical,0-1-2-3-4,no_replay,0,no_replay,PASS,0.0,0.0,1,1,0.978,0.0,-0.978,0.978,160,10,128,2000,0,2000,20000
5,canonical,0-1-2-3-4,no_replay,0,no_replay,PASS,0.0,0.0,2,2,0.994,0.0,-0.994,0.994,160,10,128,2000,0,2000,20000
5,canonical,0-1-2-3-4,no_replay,0,no_replay,PASS,0.0,0.0,3,3,0.994,0.0,-0.994,0.994,160,10,128,2000,0,2000,20000
5,canonical,0-1-2-3-4,no_replay,0,no_replay,PASS,0.0,0.0,4,4,0.977,0.977,0.0,0.0,160,10,128,2000,0,2000,20000
5,canonical,0-1-2-3-4,experience_replay,100,er100,PASS,0.0,0.0,0,0,1.0,0.0,-1.0,1.0,160,10,128,2000,0,2000,20000
5,canonical,0-1-2-3-4,experience_replay,100,er100,PASS,0.0,0.0,1,1,0.969,0.0,-0.969,0.969,170,10,128,2000,100,2100,21000
5,canonical,0-1-2-3-4,experience_replay,100,er100,PASS,0.0,0.0,2,2,0.99,0.001,-0.989,0.989,170,10,128,2000,100,2100,21000
5,canonical,0-1-2-3-4,experience_replay,100,er100,PASS,0.0,0.0,3,3,0.986,0.696,-0.29000000000000004,0.29000000000000004,170,10,128,2000,100,2100,21000
5,canonical,0-1-2-3-4,experience_replay,100,er100,PASS,0.0,0.0,4,4,0.98,0.98,0.0,0.0,170,10,128,2000,100,2100,21000
5,canonical,0-1-2-3-4,experience_replay,500,er500,PASS,0.0,0.0,0,0,1.0,0.248,-0.752,0.752,160,10,128,2000,0,2000,20000
5,canonical,0-1-2-3-4,experience_replay,500,er500,PASS,0.0,0.0,1,1,0.972,0.513,-0.45899999999999996,0.45899999999999996,200,10,128,2000,500,2500,25000
5,canonical,0-1-2-3-4,experience_replay,500,er500,PASS,0.0,0.0,2,2,0.983,0.658,-0.32499999999999996,0.32499999999999996,200,10,128,2000,500,2500,25000
5,canonical,0-1-2-3-4,experience_replay,500,er500,PASS,0.0,0.0,3,3,0.984,0.918,-0.06599999999999995,0.06599999999999995,200,10,128,2000,500,2500,25000
5,canonical,0-1-2-3-4,experience_replay,500,er500,PASS,0.0,0.0,4,4,0.969,0.969,0.0,0.0,200,10,128,2000,500,2500,25000
5,canonical,0-1-2-3-4,ewc,0,ewc,PASS,100.0,100.0,0,0,1.0,0.0,-1.0,1.0,160,10,128,2000,0,2000,20000
5,canonical,0-1-2-3-4,ewc,0,ewc,PASS,100.0,100.0,1,1,0.978,0.0,-0.978,0.978,160,10,128,2000,0,2000,20000
5,canonical,0-1-2-3-4,ewc,0,ewc,PASS,100.0,100.0,2,2,0.994,0.0,-0.994,0.994,160,10,128,2000,0,2000,20000
5,canonical,0-1-2-3-4,ewc,0,ewc,PASS,100.0,100.0,3,3,0.995,0.0,-0.995,0.995,160,10,128,2000,0,2000,20000
5,canonical,0-1-2-3-4,ewc,0,ewc,PASS,100.0,100.0,4,4,0.981,0.981,0.0,0.0,160,10,128,2000,0,2000,20000
5,shuffle_0,2-3-1-0-4,no_replay,0,no_replay,PASS,0.0,0.0,2,0,0.993,0.0,-0.993,0.993,160,10,128,2000,0,2000,20000
5,shuffle_0,2-3-1-0-4,no_replay,0,no_replay,PASS,0.0,0.0,3,1,0.993,0.0,-0.993,0.993,160,10,128,2000,0,2000,20000
5,shuffle_0,2-3-1-0-4,no_replay,0,no_replay,PASS,0.0,0.0,1,2,0.969,0.0,-0.969,0.969,160,10,128,2000,0,2000,20000
5,shuffle_0,2-3-1-0-4,no_replay,0,no_replay,PASS,0.0,0.0,0,3,1.0,0.0,-1.0,1.0,160,10,128,2000,0,2000,20000
5,shuffle_0,2-3-1-0-4,no_replay,0,no_replay,PASS,0.0,0.0,4,4,0.979,0.979,0.0,0.0,160,10,128,2000,0,2000,20000
5,shuffle_0,2-3-1-0-4,experience_replay,100,er100,PASS,0.0,0.0,2,0,0.993,0.0,-0.993,0.993,160,10,128,2000,0,2000,20000
5,shuffle_0,2-3-1-0-4,experience_replay,100,er100,PASS,0.0,0.0,3,1,0.991,0.0,-0.991,0.991,170,10,128,2000,100,2100,21000
5,shuffle_0,2-3-1-0-4,experience_replay,100,er100,PASS,0.0,0.0,1,2,0.971,0.0,-0.971,0.971,170,10,128,2000,100,2100,21000
5,shuffle_0,2-3-1-0-4,experience_replay,100,er100,PASS,0.0,0.0,0,3,0.997,0.831,-0.16600000000000004,0.16600000000000004,170,10,128,2000,100,2100,21000
5,shuffle_0,2-3-1-0-4,experience_replay,100,er100,PASS,0.0,0.0,4,4,0.975,0.975,0.0,0.0,170,10,128,2000,100,2100,21000
5,shuffle_0,2-3-1-0-4,experience_replay,500,er500,PASS,0.0,0.0,2,0,0.993,0.0,-0.993,0.993,160,10,128,2000,0,2000,20000
5,shuffle_0,2-3-1-0-4,experience_replay,500,er500,PASS,0.0,0.0,3,1,0.985,0.331,-0.6539999999999999,0.6539999999999999,200,10,128,2000,500,2500,25000
5,shuffle_0,2-3-1-0-4,experience_replay,500,er500,PASS,0.0,0.0,1,2,0.959,0.732,-0.22699999999999998,0.22699999999999998,200,10,128,2000,500,2500,25000
5,shuffle_0,2-3-1-0-4,experience_replay,500,er500,PASS,0.0,0.0,0,3,0.996,0.965,-0.031000000000000028,0.031000000000000028,200,10,128,2000,500,2500,25000
5,shuffle_0,2-3-1-0-4,experience_replay,500,er500,PASS,0.0,0.0,4,4,0.977,0.977,0.0,0.0,200,10,128,2000,500,2500,25000
5,shuffle_0,2-3-1-0-4,ewc,0,ewc,PASS,100.0,100.0,2,0,0.993,0.0,-0.993,0.993,160,10,128,2000,0,2000,20000
5,shuffle_0,2-3-1-0-4,ewc,0,ewc,PASS,100.0,100.0,3,1,0.993,0.0,-0.993,0.993,160,10,128,2000,0,2000,20000
5,shuffle_0,2-3-1-0-4,ewc,0,ewc,PASS,100.0,100.0,1,2,0.97,0.0,-0.97,0.97,160,10,128,2000,0,2000,20000
5,shuffle_0,2-3-1-0-4,ewc,0,ewc,PASS,100.0,100.0,0,3,1.0,0.0,-1.0,1.0,160,10,128,2000,0,2000,20000
5,shuffle_0,2-3-1-0-4,ewc,0,ewc,PASS,100.0,100.0,4,4,0.982,0.982,0.0,0.0,160,10,128,2000,0,2000,20000
5,shuffle_1,1-0-2-4-3,no_replay,0,no_replay,PASS,0.0,0.0,1,0,0.976,0.0,-0.976,0.976,160,10,128,2000,0,2000,20000
5,shuffle_1,1-0-2-4-3,no_replay,0,no_replay,PASS,0.0,0.0,0,1,0.999,0.0,-0.999,0.999,160,10,128,2000,0,2000,20000
5,shuffle_1,1-0-2-4-3,no_replay,0,no_replay,PASS,0.0,0.0,2,2,0.992,0.0,-0.992,0.992,160,10,128,2000,0,2000,20000
5,shuffle_1,1-0-2-4-3,no_replay,0,no_replay,PASS,0.0,0.0,4,3,0.982,0.0,-0.982,0.982,160,10,128,2000,0,2000,20000
5,shuffle_1,1-0-2-4-3,no_replay,0,no_replay,PASS,0.0,0.0,3,4,0.994,0.994,0.0,0.0,160,10,128,2000,0,2000,20000
5,shuffle_1,1-0-2-4-3,experience_replay,100,er100,PASS,0.0,0.0,1,0,0.976,0.0,-0.976,0.976,160,10,128,2000,0,2000,20000
5,shuffle_1,1-0-2-4-3,experience_replay,100,er100,PASS,0.0,0.0,0,1,0.998,0.0,-0.998,0.998,170,10,128,2000,100,2100,21000
5,shuffle_1,1-0-2-4-3,experience_replay,100,er100,PASS,0.0,0.0,2,2,0.994,0.0,-0.994,0.994,170,10,128,2000,100,2100,21000
5,shuffle_1,1-0-2-4-3,experience_replay,100,er100,PASS,0.0,0.0,4,3,0.985,0.429,-0.556,0.556,170,10,128,2000,100,2100,21000
5,shuffle_1,1-0-2-4-3,experience_replay,100,er100,PASS,0.0,0.0,3,4,0.987,0.987,0.0,0.0,170,10,128,2000,100,2100,21000
5,shuffle_1,1-0-2-4-3,experience_replay,500,er500,PASS,0.0,0.0,1,0,0.976,0.0,-0.976,0.976,160,10,128,2000,0,2000,20000
5,shuffle_1,1-0-2-4-3,experience_replay,500,er500,PASS,0.0,0.0,0,1,0.997,0.722,-0.275,0.275,200,10,128,2000,500,2500,25000
5,shuffle_1,1-0-2-4-3,experience_replay,500,er500,PASS,0.0,0.0,2,2,0.993,0.822,-0.17100000000000004,0.17100000000000004,200,10,128,2000,500,2500,25000
5,shuffle_1,1-0-2-4-3,experience_replay,500,er500,PASS,0.0,0.0,4,3,0.968,0.913,-0.05499999999999994,0.05499999999999994,200,10,128,2000,500,2500,25000
5,shuffle_1,1-0-2-4-3,experience_replay,500,er500,PASS,0.0,0.0,3,4,0.97,0.97,0.0,0.0,200,10,128,2000,500,2500,25000
5,shuffle_1,1-0-2-4-3,ewc,0,ewc,PASS,100.0,100.0,1,0,0.976,0.0,-0.976,0.976,160,10,128,2000,0,2000,20000
5,shuffle_1,1-0-2-4-3,ewc,0,ewc,PASS,100.0,100.0,0,1,0.999,0.0,-0.999,0.999,160,10,128,2000,0,2000,20000
5,shuffle_1,1-0-2-4-3,ewc,0,ewc,PASS,100.0,100.0,2,2,0.996,0.0,-0.996,0.996,160,10,128,2000,0,2000,20000
5,shuffle_1,1-0-2-4-3,ewc,0,ewc,PASS,100.0,100.0,4,3,0.978,0.0,-0.978,0.978,160,10,128,2000,0,2000,20000
5,shuffle_1,1-0-2-4-3,ewc,0,ewc,PASS,100.0,100.0,3,4,0.995,0.995,0.0,0.0,160,10,128,2000,0,2000,20000
5,shuffle_2,2-3-0-4-1,no_replay,0,no_replay,PASS,0.0,0.0,2,0,0.994,0.0,-0.994,0.994,160,10,128,2000,0,2000,20000
5,shuffle_2,2-3-0-4-1,no_replay,0,no_replay,PASS,0.0,0.0,3,1,0.993,0.0,-0.993,0.993,160,10,128,2000,0,2000,20000
5,shuffle_2,2-3-0-4-1,no_replay,0,no_replay,PASS,0.0,0.0,0,2,1.0,0.0,-1.0,1.0,160,10,128,2000,0,2000,20000
5,shuffle_2,2-3-0-4-1,no_replay,0,no_replay,PASS,0.0,0.0,4,3,0.978,0.0,-0.978,0.978,160,10,128,2000,0,2000,20000
5,shuffle_2,2-3-0-4-1,no_replay,0,no_replay,PASS,0.0,0.0,1,4,0.975,0.975,0.0,0.0,160,10,128,2000,0,2000,20000
5,shuffle_2,2-3-0-4-1,experience_replay,100,er100,PASS,0.0,0.0,2,0,0.994,0.0,-0.994,0.994,160,10,128,2000,0,2000,20000
5,shuffle_2,2-3-0-4-1,experience_replay,100,er100,PASS,0.0,0.0,3,1,0.99,0.0,-0.99,0.99,170,10,128,2000,100,2100,21000
5,shuffle_2,2-3-0-4-1,experience_replay,100,er100,PASS,0.0,0.0,0,2,0.998,0.007,-0.991,0.991,170,10,128,2000,100,2100,21000
5,shuffle_2,2-3-0-4-1,experience_replay,100,er100,PASS,0.0,0.0,4,3,0.982,0.417,-0.565,0.565,170,10,128,2000,100,2100,21000
5,shuffle_2,2-3-0-4-1,experience_replay,100,er100,PASS,0.0,0.0,1,4,0.976,0.976,0.0,0.0,170,10,128,2000,100,2100,21000
5,shuffle_2,2-3-0-4-1,experience_replay,500,er500,PASS,0.0,0.0,2,0,0.994,0.0,-0.994,0.994,160,10,128,2000,0,2000,20000
5,shuffle_2,2-3-0-4-1,experience_replay,500,er500,PASS,0.0,0.0,3,1,0.984,0.047,-0.9369999999999999,0.9369999999999999,200,10,128,2000,500,2500,25000
5,shuffle_2,2-3-0-4-1,experience_replay,500,er500,PASS,0.0,0.0,0,2,0.995,0.913,-0.08199999999999996,0.08199999999999996,200,10,128,2000,500,2500,25000
5,shuffle_2,2-3-0-4-1,experience_replay,500,er500,PASS,0.0,0.0,4,3,0.977,0.893,-0.08399999999999996,0.08399999999999996,200,10,128,2000,500,2500,25000
5,shuffle_2,2-3-0-4-1,experience_replay,500,er500,PASS,0.0,0.0,1,4,0.966,0.966,0.0,0.0,200,10,128,2000,500,2500,25000
5,shuffle_2,2-3-0-4-1,ewc,0,ewc,PASS,100.0,100.0,2,0,0.994,0.0,-0.994,0.994,160,10,128,2000,0,2000,20000
5,shuffle_2,2-3-0-4-1,ewc,0,ewc,PASS,100.0,100.0,3,1,0.993,0.0,-0.993,0.993,160,10,128,2000,0,2000,20000
5,shuffle_2,2-3-0-4-1,ewc,0,ewc,PASS,100.0,100.0,0,2,1.0,0.0,-1.0,1.0,160,10,128,2000,0,2000,20000
5,shuffle_2,2-3-0-4-1,ewc,0,ewc,PASS,100.0,100.0,4,3,0.98,0.0,-0.98,0.98,160,10,128,2000,0,2000,20000
5,shuffle_2,2-3-0-4-1,ewc,0,ewc,PASS,100.0,100.0,1,4,0.971,0.971,0.0,0.0,160,10,128,2000,0,2000,20000
5,shuffle_3,1-2-0-3-4,no_replay,0,no_replay,PASS,0.0,0.0,1,0,0.972,0.0,-0.972,0.972,160,10,128,2000,0,2000,20000
5,shuffle_3,1-2-0-3-4,no_replay,0,no_replay,PASS,0.0,0.0,2,1,0.993,0.0,-0.993,0.993,160,10,128,2000,0,2000,20000
5,shuffle_3,1-2-0-3-4,no_replay,0,no_replay,PASS,0.0,0.0,0,2,0.999,0.0,-0.999,0.999,160,10,128,2000,0,2000,20000
5,shuffle_3,1-2-0-3-4,no_replay,0,no_replay,PASS,0.0,0.0,3,3,0.994,0.0,-0.994,0.994,160,10,128,2000,0,2000,20000
5,shuffle_3,1-2-0-3-4,no_replay,0,no_replay,PASS,0.0,0.0,4,4,0.977,0.977,0.0,0.0,160,10,128,2000,0,2000,20000
5,shuffle_3,1-2-0-3-4,experience_replay,100,er100,PASS,0.0,0.0,1,0,0.972,0.0,-0.972,0.972,160,10,128,2000,0,2000,20000
5,shuffle_3,1-2-0-3-4,experience_replay,100,er100,PASS,0.0,0.0,2,1,0.99,0.0,-0.99,0.99,170,10,128,2000,100,2100,21000
5,shuffle_3,1-2-0-3-4,experience_replay,100,er100,PASS,0.0,0.0,0,2,1.0,0.0,-1.0,1.0,170,10,128,2000,100,2100,21000
5,shuffle_3,1-2-0-3-4,experience_replay,100,er100,PASS,0.0,0.0,3,3,0.987,0.494,-0.493,0.493,170,10,128,2000,100,2100,21000
5,shuffle_3,1-2-0-3-4,experience_replay,100,er100,PASS,0.0,0.0,4,4,0.981,0.981,0.0,0.0,170,10,128,2000,100,2100,21000
5,shuffle_3,1-2-0-3-4,experience_replay,500,er500,PASS,0.0,0.0,1,0,0.972,0.013,-0.959,0.959,160,10,128,2000,0,2000,20000
5,shuffle_3,1-2-0-3-4,experience_replay,500,er500,PASS,0.0,0.0,2,1,0.97,0.0,-0.97,0.97,200,10,128,2000,500,2500,25000
5,shuffle_3,1-2-0-3-4,experience_replay,500,er500,PASS,0.0,0.0,0,2,0.997,0.89,-0.10699999999999998,0.10699999999999998,200,10,128,2000,500,2500,25000
5,shuffle_3,1-2-0-3-4,experience_replay,500,er500,PASS,0.0,0.0,3,3,0.987,0.881,-0.10599999999999998,0.10599999999999998,200,10,128,2000,500,2500,25000
5,shuffle_3,1-2-0-3-4,experience_replay,500,er500,PASS,0.0,0.0,4,4,0.972,0.972,0.0,0.0,200,10,128,2000,500,2500,25000
5,shuffle_3,1-2-0-3-4,ewc,0,ewc,PASS,100.0,100.0,1,0,0.972,0.0,-0.972,0.972,160,10,128,2000,0,2000,20000
5,shuffle_3,1-2-0-3-4,ewc,0,ewc,PASS,100.0,100.0,2,1,0.994,0.0,-0.994,0.994,160,10,128,2000,0,2000,20000
5,shuffle_3,1-2-0-3-4,ewc,0,ewc,PASS,100.0,100.0,0,2,1.0,0.0,-1.0,1.0,160,10,128,2000,0,2000,20000
5,shuffle_3,1-2-0-3-4,ewc,0,ewc,PASS,100.0,100.0,3,3,0.996,0.0,-0.996,0.996,160,10,128,2000,0,2000,20000
5,shuffle_3,1-2-0-3-4,ewc,0,ewc,PASS,100.0,100.0,4,4,0.985,0.985,0.0,0.0,160,10,128,2000,0,2000,20000
6,canonical,0-1-2-3-4,no_replay,0,no_replay,PASS,0.0,0.0,0,0,0.999,0.0,-0.999,0.999,160,10,128,2000,0,2000,20000
6,canonical,0-1-2-3-4,no_replay,0,no_replay,PASS,0.0,0.0,1,1,0.976,0.0,-0.976,0.976,160,10,128,2000,0,2000,20000
6,canonical,0-1-2-3-4,no_replay,0,no_replay,PASS,0.0,0.0,2,2,0.994,0.0,-0.994,0.994,160,10,128,2000,0,2000,20000
6,canonical,0-1-2-3-4,no_replay,0,no_replay,PASS,0.0,0.0,3,3,0.993,0.0,-0.993,0.993,160,10,128,2000,0,2000,20000
6,canonical,0-1-2-3-4,no_replay,0,no_replay,PASS,0.0,0.0,4,4,0.973,0.973,0.0,0.0,160,10,128,2000,0,2000,20000
6,canonical,0-1-2-3-4,experience_replay,100,er100,PASS,0.0,0.0,0,0,0.999,0.0,-0.999,0.999,160,10,128,2000,0,2000,20000
6,canonical,0-1-2-3-4,experience_replay,100,er100,PASS,0.0,0.0,1,1,0.975,0.0,-0.975,0.975,170,10,128,2000,100,2100,21000
6,canonical,0-1-2-3-4,experience_replay,100,er100,PASS,0.0,0.0,2,2,0.991,0.0,-0.991,0.991,170,10,128,2000,100,2100,21000
6,canonical,0-1-2-3-4,experience_replay,100,er100,PASS,0.0,0.0,3,3,0.991,0.464,-0.5269999999999999,0.5269999999999999,170,10,128,2000,100,2100,21000
6,canonical,0-1-2-3-4,experience_replay,100,er100,PASS,0.0,0.0,4,4,0.975,0.975,0.0,0.0,170,10,128,2000,100,2100,21000
6,canonical,0-1-2-3-4,experience_replay,500,er500,PASS,0.0,0.0,0,0,0.999,0.0,-0.999,0.999,160,10,128,2000,0,2000,20000
6,canonical,0-1-2-3-4,experience_replay,500,er500,PASS,0.0,0.0,1,1,0.97,0.002,-0.968,0.968,200,10,128,2000,500,2500,25000
6,canonical,0-1-2-3-4,experience_replay,500,er500,PASS,0.0,0.0,2,2,0.986,0.355,-0.631,0.631,200,10,128,2000,500,2500,25000
6,canonical,0-1-2-3-4,experience_replay,500,er500,PASS,0.0,0.0,3,3,0.977,0.91,-0.06699999999999995,0.06699999999999995,200,10,128,2000,500,2500,25000
6,canonical,0-1-2-3-4,experience_replay,500,er500,PASS,0.0,0.0,4,4,0.968,0.968,0.0,0.0,200,10,128,2000,500,2500,25000
6,canonical,0-1-2-3-4,ewc,0,ewc,PASS,100.0,100.0,0,0,0.999,0.0,-0.999,0.999,160,10,128,2000,0,2000,20000
6,canonical,0-1-2-3-4,ewc,0,ewc,PASS,100.0,100.0,1,1,0.976,0.011,-0.965,0.965,160,10,128,2000,0,2000,20000
6,canonical,0-1-2-3-4,ewc,0,ewc,PASS,100.0,100.0,2,2,0.994,0.0,-0.994,0.994,160,10,128,2000,0,2000,20000
6,canonical,0-1-2-3-4,ewc,0,ewc,PASS,100.0,100.0,3,3,0.993,0.0,-0.993,0.993,160,10,128,2000,0,2000,20000
6,canonical,0-1-2-3-4,ewc,0,ewc,PASS,100.0,100.0,4,4,0.976,0.976,0.0,0.0,160,10,128,2000,0,2000,20000
6,shuffle_0,2-3-1-0-4,no_replay,0,no_replay,PASS,0.0,0.0,2,0,0.994,0.0,-0.994,0.994,160,10,128,2000,0,2000,20000
6,shuffle_0,2-3-1-0-4,no_replay,0,no_replay,PASS,0.0,0.0,3,1,0.993,0.0,-0.993,0.993,160,10,128,2000,0,2000,20000
6,shuffle_0,2-3-1-0-4,no_replay,0,no_replay,PASS,0.0,0.0,1,2,0.959,0.0,-0.959,0.959,160,10,128,2000,0,2000,20000
6,shuffle_0,2-3-1-0-4,no_replay,0,no_replay,PASS,0.0,0.0,0,3,0.999,0.0,-0.999,0.999,160,10,128,2000,0,2000,20000
6,shuffle_0,2-3-1-0-4,no_replay,0,no_replay,PASS,0.0,0.0,4,4,0.98,0.98,0.0,0.0,160,10,128,2000,0,2000,20000
6,shuffle_0,2-3-1-0-4,experience_replay,100,er100,PASS,0.0,0.0,2,0,0.994,0.0,-0.994,0.994,160,10,128,2000,0,2000,20000
6,shuffle_0,2-3-1-0-4,experience_replay,100,er100,PASS,0.0,0.0,3,1,0.987,0.0,-0.987,0.987,170,10,128,2000,100,2100,21000
6,shuffle_0,2-3-1-0-4,experience_replay,100,er100,PASS,0.0,0.0,1,2,0.964,0.0,-0.964,0.964,170,10,128,2000,100,2100,21000
6,shuffle_0,2-3-1-0-4,experience_replay,100,er100,PASS,0.0,0.0,0,3,0.997,0.761,-0.236,0.236,170,10,128,2000,100,2100,21000
6,shuffle_0,2-3-1-0-4,experience_replay,100,er100,PASS,0.0,0.0,4,4,0.971,0.971,0.0,0.0,170,10,128,2000,100,2100,21000
6,shuffle_0,2-3-1-0-4,experience_replay,500,er500,PASS,0.0,0.0,2,0,0.994,0.0,-0.994,0.994,160,10,128,2000,0,2000,20000
6,shuffle_0,2-3-1-0-4,experience_replay,500,er500,PASS,0.0,0.0,3,1,0.981,0.337,-0.6439999999999999,0.6439999999999999,200,10,128,2000,500,2500,25000
6,shuffle_0,2-3-1-0-4,experience_replay,500,er500,PASS,0.0,0.0,1,2,0.963,0.537,-0.42599999999999993,0.42599999999999993,200,10,128,2000,500,2500,25000
6,shuffle_0,2-3-1-0-4,experience_replay,500,er500,PASS,0.0,0.0,0,3,0.997,0.955,-0.04200000000000004,0.04200000000000004,200,10,128,2000,500,2500,25000
6,shuffle_0,2-3-1-0-4,experience_replay,500,er500,PASS,0.0,0.0,4,4,0.973,0.973,0.0,0.0,200,10,128,2000,500,2500,25000
6,shuffle_0,2-3-1-0-4,ewc,0,ewc,PASS,100.0,100.0,2,0,0.994,0.0,-0.994,0.994,160,10,128,2000,0,2000,20000
6,shuffle_0,2-3-1-0-4,ewc,0,ewc,PASS,100.0,100.0,3,1,0.992,0.0,-0.992,0.992,160,10,128,2000,0,2000,20000
6,shuffle_0,2-3-1-0-4,ewc,0,ewc,PASS,100.0,100.0,1,2,0.96,0.0,-0.96,0.96,160,10,128,2000,0,2000,20000
6,shuffle_0,2-3-1-0-4,ewc,0,ewc,PASS,100.0,100.0,0,3,0.999,0.0,-0.999,0.999,160,10,128,2000,0,2000,20000
6,shuffle_0,2-3-1-0-4,ewc,0,ewc,PASS,100.0,100.0,4,4,0.982,0.982,0.0,0.0,160,10,128,2000,0,2000,20000
6,shuffle_1,1-0-2-4-3,no_replay,0,no_replay,PASS,0.0,0.0,1,0,0.979,0.0,-0.979,0.979,160,10,128,2000,0,2000,20000
6,shuffle_1,1-0-2-4-3,no_replay,0,no_replay,PASS,0.0,0.0,0,1,0.999,0.0,-0.999,0.999,160,10,128,2000,0,2000,20000
6,shuffle_1,1-0-2-4-3,no_replay,0,no_replay,PASS,0.0,0.0,2,2,0.995,0.0,-0.995,0.995,160,10,128,2000,0,2000,20000
6,shuffle_1,1-0-2-4-3,no_replay,0,no_replay,PASS,0.0,0.0,4,3,0.974,0.0,-0.974,0.974,160,10,128,2000,0,2000,20000
6,shuffle_1,1-0-2-4-3,no_replay,0,no_replay,PASS,0.0,0.0,3,4,0.995,0.995,0.0,0.0,160,10,128,2000,0,2000,20000
6,shuffle_1,1-0-2-4-3,experience_replay,100,er100,PASS,0.0,0.0,1,0,0.979,0.0,-0.979,0.979,160,10,128,2000,0,2000,20000
6,shuffle_1,1-0-2-4-3,experience_replay,100,er100,PASS,0.0,0.0,0,1,0.998,0.0,-0.998,0.998,170,10,128,2000,100,2100,21000
6,shuffle_1,1-0-2-4-3,experience_replay,100,er100,PASS,0.0,0.0,2,2,0.995,0.0,-0.995,0.995,170,10,128,2000,100,2100,21000
6,shuffle_1,1-0-2-4-3,experience_replay,100,er100,PASS,0.0,0.0,4,3,0.983,0.653,-0.32999999999999996,0.32999999999999996,170,10,128,2000,100,2100,21000
6,shuffle_1,1-0-2-4-3,experience_replay,100,er100,PASS,0.0,0.0,3,4,0.986,0.986,0.0,0.0,170,10,128,2000,100,2100,21000
6,shuffle_1,1-0-2-4-3,experience_replay,500,er500,PASS,0.0,0.0,1,0,0.979,0.049,-0.9299999999999999,0.9299999999999999,160,10,128,2000,0,2000,20000
6,shuffle_1,1-0-2-4-3,experience_replay,500,er500,PASS,0.0,0.0,0,1,0.997,0.76,-0.237,0.237,200,10,128,2000,500,2500,25000
6,shuffle_1,1-0-2-4-3,experience_replay,500,er500,PASS,0.0,0.0,2,2,0.988,0.756,-0.23199999999999998,0.23199999999999998,200,10,128,2000,500,2500,25000
6,shuffle_1,1-0-2-4-3,experience_replay,500,er500,PASS,0.0,0.0,4,3,0.97,0.924,-0.04599999999999993,0.04599999999999993,200,10,128,2000,500,2500,25000
6,shuffle_1,1-0-2-4-3,experience_replay,500,er500,PASS,0.0,0.0,3,4,0.968,0.968,0.0,0.0,200,10,128,2000,500,2500,25000
6,shuffle_1,1-0-2-4-3,ewc,0,ewc,PASS,100.0,100.0,1,0,0.979,0.0,-0.979,0.979,160,10,128,2000,0,2000,20000
6,shuffle_1,1-0-2-4-3,ewc,0,ewc,PASS,100.0,100.0,0,1,1.0,0.0,-1.0,1.0,160,10,128,2000,0,2000,20000
6,shuffle_1,1-0-2-4-3,ewc,0,ewc,PASS,100.0,100.0,2,2,0.994,0.0,-0.994,0.994,160,10,128,2000,0,2000,20000
6,shuffle_1,1-0-2-4-3,ewc,0,ewc,PASS,100.0,100.0,4,3,0.988,0.0,-0.988,0.988,160,10,128,2000,0,2000,20000
6,shuffle_1,1-0-2-4-3,ewc,0,ewc,PASS,100.0,100.0,3,4,0.994,0.994,0.0,0.0,160,10,128,2000,0,2000,20000
6,shuffle_2,2-3-0-4-1,no_replay,0,no_replay,PASS,0.0,0.0,2,0,0.995,0.0,-0.995,0.995,160,10,128,2000,0,2000,20000
6,shuffle_2,2-3-0-4-1,no_replay,0,no_replay,PASS,0.0,0.0,3,1,0.996,0.0,-0.996,0.996,160,10,128,2000,0,2000,20000
6,shuffle_2,2-3-0-4-1,no_replay,0,no_replay,PASS,0.0,0.0,0,2,0.999,0.0,-0.999,0.999,160,10,128,2000,0,2000,20000
6,shuffle_2,2-3-0-4-1,no_replay,0,no_replay,PASS,0.0,0.0,4,3,0.979,0.0,-0.979,0.979,160,10,128,2000,0,2000,20000
6,shuffle_2,2-3-0-4-1,no_replay,0,no_replay,PASS,0.0,0.0,1,4,0.977,0.977,0.0,0.0,160,10,128,2000,0,2000,20000
6,shuffle_2,2-3-0-4-1,experience_replay,100,er100,PASS,0.0,0.0,2,0,0.995,0.0,-0.995,0.995,160,10,128,2000,0,2000,20000
6,shuffle_2,2-3-0-4-1,experience_replay,100,er100,PASS,0.0,0.0,3,1,0.99,0.0,-0.99,0.99,170,10,128,2000,100,2100,21000
6,shuffle_2,2-3-0-4-1,experience_replay,100,er100,PASS,0.0,0.0,0,2,0.996,0.0,-0.996,0.996,170,10,128,2000,100,2100,21000
6,shuffle_2,2-3-0-4-1,experience_replay,100,er100,PASS,0.0,0.0,4,3,0.978,0.471,-0.507,0.507,170,10,128,2000,100,2100,21000
6,shuffle_2,2-3-0-4-1,experience_replay,100,er100,PASS,0.0,0.0,1,4,0.972,0.972,0.0,0.0,170,10,128,2000,100,2100,21000
6,shuffle_2,2-3-0-4-1,experience_replay,500,er500,PASS,0.0,0.0,2,0,0.995,0.0,-0.995,0.995,160,10,128,2000,0,2000,20000
6,shuffle_2,2-3-0-4-1,experience_replay,500,er500,PASS,0.0,0.0,3,1,0.982,0.274,-0.708,0.708,200,10,128,2000,500,2500,25000
6,shuffle_2,2-3-0-4-1,experience_replay,500,er500,PASS,0.0,0.0,0,2,0.995,0.854,-0.14100000000000001,0.14100000000000001,200,10,128,2000,500,2500,25000
6,shuffle_2,2-3-0-4-1,experience_replay,500,er500,PASS,0.0,0.0,4,3,0.971,0.886,-0.08499999999999996,0.08499999999999996,200,10,128,2000,500,2500,25000
6,shuffle_2,2-3-0-4-1,experience_replay,500,er500,PASS,0.0,0.0,1,4,0.96,0.96,0.0,0.0,200,10,128,2000,500,2500,25000
6,shuffle_2,2-3-0-4-1,ewc,0,ewc,PASS,100.0,100.0,2,0,0.995,0.0,-0.995,0.995,160,10,128,2000,0,2000,20000
6,shuffle_2,2-3-0-4-1,ewc,0,ewc,PASS,100.0,100.0,3,1,0.996,0.0,-0.996,0.996,160,10,128,2000,0,2000,20000
6,shuffle_2,2-3-0-4-1,ewc,0,ewc,PASS,100.0,100.0,0,2,0.999,0.0,-0.999,0.999,160,10,128,2000,0,2000,20000
6,shuffle_2,2-3-0-4-1,ewc,0,ewc,PASS,100.0,100.0,4,3,0.976,0.0,-0.976,0.976,160,10,128,2000,0,2000,20000
6,shuffle_2,2-3-0-4-1,ewc,0,ewc,PASS,100.0,100.0,1,4,0.974,0.974,0.0,0.0,160,10,128,2000,0,2000,20000
6,shuffle_3,1-2-0-3-4,no_replay,0,no_replay,PASS,0.0,0.0,1,0,0.977,0.0,-0.977,0.977,160,10,128,2000,0,2000,20000
6,shuffle_3,1-2-0-3-4,no_replay,0,no_replay,PASS,0.0,0.0,2,1,0.995,0.0,-0.995,0.995,160,10,128,2000,0,2000,20000
6,shuffle_3,1-2-0-3-4,no_replay,0,no_replay,PASS,0.0,0.0,0,2,1.0,0.0,-1.0,1.0,160,10,128,2000,0,2000,20000
6,shuffle_3,1-2-0-3-4,no_replay,0,no_replay,PASS,0.0,0.0,3,3,0.992,0.0,-0.992,0.992,160,10,128,2000,0,2000,20000
6,shuffle_3,1-2-0-3-4,no_replay,0,no_replay,PASS,0.0,0.0,4,4,0.97,0.97,0.0,0.0,160,10,128,2000,0,2000,20000
6,shuffle_3,1-2-0-3-4,experience_replay,100,er100,PASS,0.0,0.0,1,0,0.977,0.0,-0.977,0.977,160,10,128,2000,0,2000,20000
6,shuffle_3,1-2-0-3-4,experience_replay,100,er100,PASS,0.0,0.0,2,1,0.991,0.0,-0.991,0.991,170,10,128,2000,100,2100,21000
6,shuffle_3,1-2-0-3-4,experience_replay,100,er100,PASS,0.0,0.0,0,2,1.0,0.0,-1.0,1.0,170,10,128,2000,100,2100,21000
6,shuffle_3,1-2-0-3-4,experience_replay,100,er100,PASS,0.0,0.0,3,3,0.99,0.47,-0.52,0.52,170,10,128,2000,100,2100,21000
6,shuffle_3,1-2-0-3-4,experience_replay,100,er100,PASS,0.0,0.0,4,4,0.976,0.976,0.0,0.0,170,10,128,2000,100,2100,21000
6,shuffle_3,1-2-0-3-4,experience_replay,500,er500,PASS,0.0,0.0,1,0,0.977,0.025,-0.952,0.952,160,10,128,2000,0,2000,20000
6,shuffle_3,1-2-0-3-4,experience_replay,500,er500,PASS,0.0,0.0,2,1,0.982,0.059,-0.923,0.923,200,10,128,2000,500,2500,25000
6,shuffle_3,1-2-0-3-4,experience_replay,500,er500,PASS,0.0,0.0,0,2,0.995,0.894,-0.10099999999999998,0.10099999999999998,200,10,128,2000,500,2500,25000
6,shuffle_3,1-2-0-3-4,experience_replay,500,er500,PASS,0.0,0.0,3,3,0.983,0.907,-0.07599999999999996,0.07599999999999996,200,10,128,2000,500,2500,25000
6,shuffle_3,1-2-0-3-4,experience_replay,500,er500,PASS,0.0,0.0,4,4,0.976,0.976,0.0,0.0,200,10,128,2000,500,2500,25000
6,shuffle_3,1-2-0-3-4,ewc,0,ewc,PASS,100.0,100.0,1,0,0.977,0.0,-0.977,0.977,160,10,128,2000,0,2000,20000
6,shuffle_3,1-2-0-3-4,ewc,0,ewc,PASS,100.0,100.0,2,1,0.995,0.0,-0.995,0.995,160,10,128,2000,0,2000,20000
6,shuffle_3,1-2-0-3-4,ewc,0,ewc,PASS,100.0,100.0,0,2,0.999,0.0,-0.999,0.999,160,10,128,2000,0,2000,20000
6,shuffle_3,1-2-0-3-4,ewc,0,ewc,PASS,100.0,100.0,3,3,0.997,0.0,-0.997,0.997,160,10,128,2000,0,2000,20000
6,shuffle_3,1-2-0-3-4,ewc,0,ewc,PASS,100.0,100.0,4,4,0.986,0.986,0.0,0.0,160,10,128,2000,0,2000,20000
7,canonical,0-1-2-3-4,no_replay,0,no_replay,PASS,0.0,0.0,0,0,0.999,0.0,-0.999,0.999,160,10,128,2000,0,2000,20000
7,canonical,0-1-2-3-4,no_replay,0,no_replay,PASS,0.0,0.0,1,1,0.973,0.0,-0.973,0.973,160,10,128,2000,0,2000,20000
7,canonical,0-1-2-3-4,no_replay,0,no_replay,PASS,0.0,0.0,2,2,0.993,0.0,-0.993,0.993,160,10,128,2000,0,2000,20000
7,canonical,0-1-2-3-4,no_replay,0,no_replay,PASS,0.0,0.0,3,3,0.991,0.0,-0.991,0.991,160,10,128,2000,0,2000,20000
7,canonical,0-1-2-3-4,no_replay,0,no_replay,PASS,0.0,0.0,4,4,0.979,0.979,0.0,0.0,160,10,128,2000,0,2000,20000
7,canonical,0-1-2-3-4,experience_replay,100,er100,PASS,0.0,0.0,0,0,0.999,0.0,-0.999,0.999,160,10,128,2000,0,2000,20000
7,canonical,0-1-2-3-4,experience_replay,100,er100,PASS,0.0,0.0,1,1,0.972,0.0,-0.972,0.972,170,10,128,2000,100,2100,21000
7,canonical,0-1-2-3-4,experience_replay,100,er100,PASS,0.0,0.0,2,2,0.988,0.0,-0.988,0.988,170,10,128,2000,100,2100,21000
7,canonical,0-1-2-3-4,experience_replay,100,er100,PASS,0.0,0.0,3,3,0.992,0.509,-0.483,0.483,170,10,128,2000,100,2100,21000
7,canonical,0-1-2-3-4,experience_replay,100,er100,PASS,0.0,0.0,4,4,0.973,0.973,0.0,0.0,170,10,128,2000,100,2100,21000
7,canonical,0-1-2-3-4,experience_replay,500,er500,PASS,0.0,0.0,0,0,0.999,0.066,-0.933,0.933,160,10,128,2000,0,2000,20000
7,canonical,0-1-2-3-4,experience_replay,500,er500,PASS,0.0,0.0,1,1,0.969,0.124,-0.845,0.845,200,10,128,2000,500,2500,25000
7,canonical,0-1-2-3-4,experience_replay,500,er500,PASS,0.0,0.0,2,2,0.982,0.542,-0.43999999999999995,0.43999999999999995,200,10,128,2000,500,2500,25000
7,canonical,0-1-2-3-4,experience_replay,500,er500,PASS,0.0,0.0,3,3,0.983,0.918,-0.06499999999999995,0.06499999999999995,200,10,128,2000,500,2500,25000
7,canonical,0-1-2-3-4,experience_replay,500,er500,PASS,0.0,0.0,4,4,0.971,0.971,0.0,0.0,200,10,128,2000,500,2500,25000
7,canonical,0-1-2-3-4,ewc,0,ewc,PASS,100.0,100.0,0,0,0.999,0.0,-0.999,0.999,160,10,128,2000,0,2000,20000
7,canonical,0-1-2-3-4,ewc,0,ewc,PASS,100.0,100.0,1,1,0.973,0.0,-0.973,0.973,160,10,128,2000,0,2000,20000
7,canonical,0-1-2-3-4,ewc,0,ewc,PASS,100.0,100.0,2,2,0.993,0.0,-0.993,0.993,160,10,128,2000,0,2000,20000
7,canonical,0-1-2-3-4,ewc,0,ewc,PASS,100.0,100.0,3,3,0.992,0.0,-0.992,0.992,160,10,128,2000,0,2000,20000
7,canonical,0-1-2-3-4,ewc,0,ewc,PASS,100.0,100.0,4,4,0.971,0.971,0.0,0.0,160,10,128,2000,0,2000,20000
7,shuffle_0,2-3-1-0-4,no_replay,0,no_replay,PASS,0.0,0.0,2,0,0.994,0.0,-0.994,0.994,160,10,128,2000,0,2000,20000
7,shuffle_0,2-3-1-0-4,no_replay,0,no_replay,PASS,0.0,0.0,3,1,0.993,0.0,-0.993,0.993,160,10,128,2000,0,2000,20000
7,shuffle_0,2-3-1-0-4,no_replay,0,no_replay,PASS,0.0,0.0,1,2,0.977,0.0,-0.977,0.977,160,10,128,2000,0,2000,20000
7,shuffle_0,2-3-1-0-4,no_replay,0,no_replay,PASS,0.0,0.0,0,3,1.0,0.0,-1.0,1.0,160,10,128,2000,0,2000,20000
7,shuffle_0,2-3-1-0-4,no_replay,0,no_replay,PASS,0.0,0.0,4,4,0.982,0.982,0.0,0.0,160,10,128,2000,0,2000,20000
7,shuffle_0,2-3-1-0-4,experience_replay,100,er100,PASS,0.0,0.0,2,0,0.994,0.0,-0.994,0.994,160,10,128,2000,0,2000,20000
7,shuffle_0,2-3-1-0-4,experience_replay,100,er100,PASS,0.0,0.0,3,1,0.989,0.0,-0.989,0.989,170,10,128,2000,100,2100,21000
7,shuffle_0,2-3-1-0-4,experience_replay,100,er100,PASS,0.0,0.0,1,2,0.971,0.0,-0.971,0.971,170,10,128,2000,100,2100,21000
7,shuffle_0,2-3-1-0-4,experience_replay,100,er100,PASS,0.0,0.0,0,3,0.999,0.875,-0.124,0.124,170,10,128,2000,100,2100,21000
7,shuffle_0,2-3-1-0-4,experience_replay,100,er100,PASS,0.0,0.0,4,4,0.976,0.976,0.0,0.0,170,10,128,2000,100,2100,21000
7,shuffle_0,2-3-1-0-4,experience_replay,500,er500,PASS,0.0,0.0,2,0,0.994,0.0,-0.994,0.994,160,10,128,2000,0,2000,20000
7,shuffle_0,2-3-1-0-4,experience_replay,500,er500,PASS,0.0,0.0,3,1,0.988,0.442,-0.546,0.546,200,10,128,2000,500,2500,25000
7,shuffle_0,2-3-1-0-4,experience_replay,500,er500,PASS,0.0,0.0,1,2,0.967,0.639,-0.32799999999999996,0.32799999999999996,200,10,128,2000,500,2500,25000
7,shuffle_0,2-3-1-0-4,experience_replay,500,er500,PASS,0.0,0.0,0,3,0.995,0.97,-0.025000000000000022,0.025000000000000022,200,10,128,2000,500,2500,25000
7,shuffle_0,2-3-1-0-4,experience_replay,500,er500,PASS,0.0,0.0,4,4,0.976,0.976,0.0,0.0,200,10,128,2000,500,2500,25000
7,shuffle_0,2-3-1-0-4,ewc,0,ewc,PASS,100.0,100.0,2,0,0.994,0.0,-0.994,0.994,160,10,128,2000,0,2000,20000
7,shuffle_0,2-3-1-0-4,ewc,0,ewc,PASS,100.0,100.0,3,1,0.993,0.0,-0.993,0.993,160,10,128,2000,0,2000,20000
7,shuffle_0,2-3-1-0-4,ewc,0,ewc,PASS,100.0,100.0,1,2,0.977,0.0,-0.977,0.977,160,10,128,2000,0,2000,20000
7,shuffle_0,2-3-1-0-4,ewc,0,ewc,PASS,100.0,100.0,0,3,1.0,0.0,-1.0,1.0,160,10,128,2000,0,2000,20000
7,shuffle_0,2-3-1-0-4,ewc,0,ewc,PASS,100.0,100.0,4,4,0.983,0.983,0.0,0.0,160,10,128,2000,0,2000,20000
7,shuffle_1,1-0-2-4-3,no_replay,0,no_replay,PASS,0.0,0.0,1,0,0.978,0.0,-0.978,0.978,160,10,128,2000,0,2000,20000
7,shuffle_1,1-0-2-4-3,no_replay,0,no_replay,PASS,0.0,0.0,0,1,1.0,0.0,-1.0,1.0,160,10,128,2000,0,2000,20000
7,shuffle_1,1-0-2-4-3,no_replay,0,no_replay,PASS,0.0,0.0,2,2,0.995,0.0,-0.995,0.995,160,10,128,2000,0,2000,20000
7,shuffle_1,1-0-2-4-3,no_replay,0,no_replay,PASS,0.0,0.0,4,3,0.977,0.0,-0.977,0.977,160,10,128,2000,0,2000,20000
7,shuffle_1,1-0-2-4-3,no_replay,0,no_replay,PASS,0.0,0.0,3,4,0.995,0.995,0.0,0.0,160,10,128,2000,0,2000,20000
7,shuffle_1,1-0-2-4-3,experience_replay,100,er100,PASS,0.0,0.0,1,0,0.978,0.0,-0.978,0.978,160,10,128,2000,0,2000,20000
7,shuffle_1,1-0-2-4-3,experience_replay,100,er100,PASS,0.0,0.0,0,1,0.998,0.02,-0.978,0.978,170,10,128,2000,100,2100,21000
7,shuffle_1,1-0-2-4-3,experience_replay,100,er100,PASS,0.0,0.0,2,2,0.994,0.0,-0.994,0.994,170,10,128,2000,100,2100,21000
7,shuffle_1,1-0-2-4-3,experience_replay,100,er100,PASS,0.0,0.0,4,3,0.985,0.437,-0.548,0.548,170,10,128,2000,100,2100,21000
7,shuffle_1,1-0-2-4-3,experience_replay,100,er100,PASS,0.0,0.0,3,4,0.986,0.986,0.0,0.0,170,10,128,2000,100,2100,21000
7,shuffle_1,1-0-2-4-3,experience_replay,500,er500,PASS,0.0,0.0,1,0,0.978,0.0,-0.978,0.978,160,10,128,2000,0,2000,20000
7,shuffle_1,1-0-2-4-3,experience_replay,500,er500,PASS,0.0,0.0,0,1,0.997,0.715,-0.28200000000000003,0.28200000000000003,200,10,128,2000,500,2500,25000
7,shuffle_1,1-0-2-4-3,experience_replay,500,er500,PASS,0.0,0.0,2,2,0.993,0.756,-0.237,0.237,200,10,128,2000,500,2500,25000
7,shuffle_1,1-0-2-4-3,experience_replay,500,er500,PASS,0.0,0.0,4,3,0.953,0.885,-0.06799999999999995,0.06799999999999995,200,10,128,2000,500,2500,25000
7,shuffle_1,1-0-2-4-3,experience_replay,500,er500,PASS,0.0,0.0,3,4,0.981,0.981,0.0,0.0,200,10,128,2000,500,2500,25000
7,shuffle_1,1-0-2-4-3,ewc,0,ewc,PASS,100.0,100.0,1,0,0.978,0.0,-0.978,0.978,160,10,128,2000,0,2000,20000
7,shuffle_1,1-0-2-4-3,ewc,0,ewc,PASS,100.0,100.0,0,1,1.0,0.0,-1.0,1.0,160,10,128,2000,0,2000,20000
7,shuffle_1,1-0-2-4-3,ewc,0,ewc,PASS,100.0,100.0,2,2,0.994,0.0,-0.994,0.994,160,10,128,2000,0,2000,20000
7,shuffle_1,1-0-2-4-3,ewc,0,ewc,PASS,100.0,100.0,4,3,0.983,0.0,-0.983,0.983,160,10,128,2000,0,2000,20000
7,shuffle_1,1-0-2-4-3,ewc,0,ewc,PASS,100.0,100.0,3,4,0.992,0.992,0.0,0.0,160,10,128,2000,0,2000,20000
7,shuffle_2,2-3-0-4-1,no_replay,0,no_replay,PASS,0.0,0.0,2,0,0.995,0.0,-0.995,0.995,160,10,128,2000,0,2000,20000
7,shuffle_2,2-3-0-4-1,no_replay,0,no_replay,PASS,0.0,0.0,3,1,0.993,0.0,-0.993,0.993,160,10,128,2000,0,2000,20000
7,shuffle_2,2-3-0-4-1,no_replay,0,no_replay,PASS,0.0,0.0,0,2,0.999,0.0,-0.999,0.999,160,10,128,2000,0,2000,20000
7,shuffle_2,2-3-0-4-1,no_replay,0,no_replay,PASS,0.0,0.0,4,3,0.984,0.0,-0.984,0.984,160,10,128,2000,0,2000,20000
7,shuffle_2,2-3-0-4-1,no_replay,0,no_replay,PASS,0.0,0.0,1,4,0.974,0.974,0.0,0.0,160,10,128,2000,0,2000,20000
7,shuffle_2,2-3-0-4-1,experience_replay,100,er100,PASS,0.0,0.0,2,0,0.995,0.0,-0.995,0.995,160,10,128,2000,0,2000,20000
7,shuffle_2,2-3-0-4-1,experience_replay,100,er100,PASS,0.0,0.0,3,1,0.988,0.034,-0.954,0.954,170,10,128,2000,100,2100,21000
7,shuffle_2,2-3-0-4-1,experience_replay,100,er100,PASS,0.0,0.0,0,2,0.999,0.0,-0.999,0.999,170,10,128,2000,100,2100,21000
7,shuffle_2,2-3-0-4-1,experience_replay,100,er100,PASS,0.0,0.0,4,3,0.983,0.417,-0.5660000000000001,0.5660000000000001,170,10,128,2000,100,2100,21000
7,shuffle_2,2-3-0-4-1,experience_replay,100,er100,PASS,0.0,0.0,1,4,0.972,0.972,0.0,0.0,170,10,128,2000,100,2100,21000
7,shuffle_2,2-3-0-4-1,experience_replay,500,er500,PASS,0.0,0.0,2,0,0.995,0.052,-0.943,0.943,160,10,128,2000,0,2000,20000
7,shuffle_2,2-3-0-4-1,experience_replay,500,er500,PASS,0.0,0.0,3,1,0.985,0.435,-0.55,0.55,200,10,128,2000,500,2500,25000
7,shuffle_2,2-3-0-4-1,experience_replay,500,er500,PASS,0.0,0.0,0,2,0.995,0.895,-0.09999999999999998,0.09999999999999998,200,10,128,2000,500,2500,25000
7,shuffle_2,2-3-0-4-1,experience_replay,500,er500,PASS,0.0,0.0,4,3,0.977,0.903,-0.07399999999999995,0.07399999999999995,200,10,128,2000,500,2500,25000
7,shuffle_2,2-3-0-4-1,experience_replay,500,er500,PASS,0.0,0.0,1,4,0.964,0.964,0.0,0.0,200,10,128,2000,500,2500,25000
7,shuffle_2,2-3-0-4-1,ewc,0,ewc,PASS,100.0,100.0,2,0,0.995,0.0,-0.995,0.995,160,10,128,2000,0,2000,20000
7,shuffle_2,2-3-0-4-1,ewc,0,ewc,PASS,100.0,100.0,3,1,0.993,0.0,-0.993,0.993,160,10,128,2000,0,2000,20000
7,shuffle_2,2-3-0-4-1,ewc,0,ewc,PASS,100.0,100.0,0,2,0.999,0.0,-0.999,0.999,160,10,128,2000,0,2000,20000
7,shuffle_2,2-3-0-4-1,ewc,0,ewc,PASS,100.0,100.0,4,3,0.983,0.0,-0.983,0.983,160,10,128,2000,0,2000,20000
7,shuffle_2,2-3-0-4-1,ewc,0,ewc,PASS,100.0,100.0,1,4,0.978,0.978,0.0,0.0,160,10,128,2000,0,2000,20000
7,shuffle_3,1-2-0-3-4,no_replay,0,no_replay,PASS,0.0,0.0,1,0,0.975,0.0,-0.975,0.975,160,10,128,2000,0,2000,20000
7,shuffle_3,1-2-0-3-4,no_replay,0,no_replay,PASS,0.0,0.0,2,1,0.994,0.0,-0.994,0.994,160,10,128,2000,0,2000,20000
7,shuffle_3,1-2-0-3-4,no_replay,0,no_replay,PASS,0.0,0.0,0,2,1.0,0.0,-1.0,1.0,160,10,128,2000,0,2000,20000
7,shuffle_3,1-2-0-3-4,no_replay,0,no_replay,PASS,0.0,0.0,3,3,0.562,0.0,-0.562,0.562,160,10,128,2000,0,2000,20000
7,shuffle_3,1-2-0-3-4,no_replay,0,no_replay,PASS,0.0,0.0,4,4,0.967,0.967,0.0,0.0,160,10,128,2000,0,2000,20000
7,shuffle_3,1-2-0-3-4,experience_replay,100,er100,PASS,0.0,0.0,1,0,0.975,0.0,-0.975,0.975,160,10,128,2000,0,2000,20000
7,shuffle_3,1-2-0-3-4,experience_replay,100,er100,PASS,0.0,0.0,2,1,0.99,0.0,-0.99,0.99,170,10,128,2000,100,2100,21000
7,shuffle_3,1-2-0-3-4,experience_replay,100,er100,PASS,0.0,0.0,0,2,1.0,0.0,-1.0,1.0,170,10,128,2000,100,2100,21000
7,shuffle_3,1-2-0-3-4,experience_replay,100,er100,PASS,0.0,0.0,3,3,0.989,0.695,-0.29400000000000004,0.29400000000000004,170,10,128,2000,100,2100,21000
7,shuffle_3,1-2-0-3-4,experience_replay,100,er100,PASS,0.0,0.0,4,4,0.977,0.977,0.0,0.0,170,10,128,2000,100,2100,21000
7,shuffle_3,1-2-0-3-4,experience_replay,500,er500,PASS,0.0,0.0,1,0,0.975,0.099,-0.876,0.876,160,10,128,2000,0,2000,20000
7,shuffle_3,1-2-0-3-4,experience_replay,500,er500,PASS,0.0,0.0,2,1,0.986,0.03,-0.956,0.956,200,10,128,2000,500,2500,25000
7,shuffle_3,1-2-0-3-4,experience_replay,500,er500,PASS,0.0,0.0,0,2,0.996,0.852,-0.14400000000000002,0.14400000000000002,200,10,128,2000,500,2500,25000
7,shuffle_3,1-2-0-3-4,experience_replay,500,er500,PASS,0.0,0.0,3,3,0.984,0.904,-0.07999999999999996,0.07999999999999996,200,10,128,2000,500,2500,25000
7,shuffle_3,1-2-0-3-4,experience_replay,500,er500,PASS,0.0,0.0,4,4,0.973,0.973,0.0,0.0,200,10,128,2000,500,2500,25000
7,shuffle_3,1-2-0-3-4,ewc,0,ewc,PASS,100.0,100.0,1,0,0.975,0.0,-0.975,0.975,160,10,128,2000,0,2000,20000
7,shuffle_3,1-2-0-3-4,ewc,0,ewc,PASS,100.0,100.0,2,1,0.995,0.0,-0.995,0.995,160,10,128,2000,0,2000,20000
7,shuffle_3,1-2-0-3-4,ewc,0,ewc,PASS,100.0,100.0,0,2,0.999,0.0,-0.999,0.999,160,10,128,2000,0,2000,20000
7,shuffle_3,1-2-0-3-4,ewc,0,ewc,PASS,100.0,100.0,3,3,0.996,0.0,-0.996,0.996,160,10,128,2000,0,2000,20000
7,shuffle_3,1-2-0-3-4,ewc,0,ewc,PASS,100.0,100.0,4,4,0.981,0.981,0.0,0.0,160,10,128,2000,0,2000,20000
8,canonical,0-1-2-3-4,no_replay,0,no_replay,PASS,0.0,0.0,0,0,0.999,0.0,-0.999,0.999,160,10,128,2000,0,2000,20000
8,canonical,0-1-2-3-4,no_replay,0,no_replay,PASS,0.0,0.0,1,1,0.973,0.0,-0.973,0.973,160,10,128,2000,0,2000,20000
8,canonical,0-1-2-3-4,no_replay,0,no_replay,PASS,0.0,0.0,2,2,0.992,0.0,-0.992,0.992,160,10,128,2000,0,2000,20000
8,canonical,0-1-2-3-4,no_replay,0,no_replay,PASS,0.0,0.0,3,3,0.993,0.0,-0.993,0.993,160,10,128,2000,0,2000,20000
8,canonical,0-1-2-3-4,no_replay,0,no_replay,PASS,0.0,0.0,4,4,0.977,0.977,0.0,0.0,160,10,128,2000,0,2000,20000
8,canonical,0-1-2-3-4,experience_replay,100,er100,PASS,0.0,0.0,0,0,0.999,0.0,-0.999,0.999,160,10,128,2000,0,2000,20000
8,canonical,0-1-2-3-4,experience_replay,100,er100,PASS,0.0,0.0,1,1,0.968,0.0,-0.968,0.968,170,10,128,2000,100,2100,21000
8,canonical,0-1-2-3-4,experience_replay,100,er100,PASS,0.0,0.0,2,2,0.99,0.0,-0.99,0.99,170,10,128,2000,100,2100,21000
8,canonical,0-1-2-3-4,experience_replay,100,er100,PASS,0.0,0.0,3,3,0.986,0.739,-0.247,0.247,170,10,128,2000,100,2100,21000
8,canonical,0-1-2-3-4,experience_replay,100,er100,PASS,0.0,0.0,4,4,0.978,0.978,0.0,0.0,170,10,128,2000,100,2100,21000
8,canonical,0-1-2-3-4,experience_replay,500,er500,PASS,0.0,0.0,0,0,0.999,0.0,-0.999,0.999,160,10,128,2000,0,2000,20000
8,canonical,0-1-2-3-4,experience_replay,500,er500,PASS,0.0,0.0,1,1,0.97,0.374,-0.596,0.596,200,10,128,2000,500,2500,25000
8,canonical,0-1-2-3-4,experience_replay,500,er500,PASS,0.0,0.0,2,2,0.983,0.458,-0.5249999999999999,0.5249999999999999,200,10,128,2000,500,2500,25000
8,canonical,0-1-2-3-4,experience_replay,500,er500,PASS,0.0,0.0,3,3,0.988,0.902,-0.08599999999999997,0.08599999999999997,200,10,128,2000,500,2500,25000
8,canonical,0-1-2-3-4,experience_replay,500,er500,PASS,0.0,0.0,4,4,0.972,0.972,0.0,0.0,200,10,128,2000,500,2500,25000
8,canonical,0-1-2-3-4,ewc,0,ewc,PASS,100.0,100.0,0,0,0.999,0.0,-0.999,0.999,160,10,128,2000,0,2000,20000
8,canonical,0-1-2-3-4,ewc,0,ewc,PASS,100.0,100.0,1,1,0.973,0.0,-0.973,0.973,160,10,128,2000,0,2000,20000
8,canonical,0-1-2-3-4,ewc,0,ewc,PASS,100.0,100.0,2,2,0.99,0.0,-0.99,0.99,160,10,128,2000,0,2000,20000
8,canonical,0-1-2-3-4,ewc,0,ewc,PASS,100.0,100.0,3,3,0.995,0.0,-0.995,0.995,160,10,128,2000,0,2000,20000
8,canonical,0-1-2-3-4,ewc,0,ewc,PASS,100.0,100.0,4,4,0.983,0.983,0.0,0.0,160,10,128,2000,0,2000,20000
8,shuffle_0,2-3-1-0-4,no_replay,0,no_replay,PASS,0.0,0.0,2,0,0.995,0.0,-0.995,0.995,160,10,128,2000,0,2000,20000
8,shuffle_0,2-3-1-0-4,no_replay,0,no_replay,PASS,0.0,0.0,3,1,0.993,0.0,-0.993,0.993,160,10,128,2000,0,2000,20000
8,shuffle_0,2-3-1-0-4,no_replay,0,no_replay,PASS,0.0,0.0,1,2,0.971,0.0,-0.971,0.971,160,10,128,2000,0,2000,20000
8,shuffle_0,2-3-1-0-4,no_replay,0,no_replay,PASS,0.0,0.0,0,3,0.999,0.0,-0.999,0.999,160,10,128,2000,0,2000,20000
8,shuffle_0,2-3-1-0-4,no_replay,0,no_replay,PASS,0.0,0.0,4,4,0.975,0.975,0.0,0.0,160,10,128,2000,0,2000,20000
8,shuffle_0,2-3-1-0-4,experience_replay,100,er100,PASS,0.0,0.0,2,0,0.995,0.0,-0.995,0.995,160,10,128,2000,0,2000,20000
8,shuffle_0,2-3-1-0-4,experience_replay,100,er100,PASS,0.0,0.0,3,1,0.991,0.0,-0.991,0.991,170,10,128,2000,100,2100,21000
8,shuffle_0,2-3-1-0-4,experience_replay,100,er100,PASS,0.0,0.0,1,2,0.972,0.054,-0.9179999999999999,0.9179999999999999,170,10,128,2000,100,2100,21000
8,shuffle_0,2-3-1-0-4,experience_replay,100,er100,PASS,0.0,0.0,0,3,0.999,0.844,-0.15500000000000003,0.15500000000000003,170,10,128,2000,100,2100,21000
8,shuffle_0,2-3-1-0-4,experience_replay,100,er100,PASS,0.0,0.0,4,4,0.975,0.975,0.0,0.0,170,10,128,2000,100,2100,21000
8,shuffle_0,2-3-1-0-4,experience_replay,500,er500,PASS,0.0,0.0,2,0,0.995,0.0,-0.995,0.995,160,10,128,2000,0,2000,20000
8,shuffle_0,2-3-1-0-4,experience_replay,500,er500,PASS,0.0,0.0,3,1,0.983,0.188,-0.7949999999999999,0.7949999999999999,200,10,128,2000,500,2500,25000
8,shuffle_0,2-3-1-0-4,experience_replay,500,er500,PASS,0.0,0.0,1,2,0.962,0.706,-0.256,0.256,200,10,128,2000,500,2500,25000
8,shuffle_0,2-3-1-0-4,experience_replay,500,er500,PASS,0.0,0.0,0,3,0.996,0.979,-0.017000000000000015,0.017000000000000015,200,10,128,2000,500,2500,25000
8,shuffle_0,2-3-1-0-4,experience_replay,500,er500,PASS,0.0,0.0,4,4,0.979,0.979,0.0,0.0,200,10,128,2000,500,2500,25000
8,shuffle_0,2-3-1-0-4,ewc,0,ewc,PASS,100.0,100.0,2,0,0.995,0.0,-0.995,0.995,160,10,128,2000,0,2000,20000
8,shuffle_0,2-3-1-0-4,ewc,0,ewc,PASS,100.0,100.0,3,1,0.993,0.0,-0.993,0.993,160,10,128,2000,0,2000,20000
8,shuffle_0,2-3-1-0-4,ewc,0,ewc,PASS,100.0,100.0,1,2,0.971,0.0,-0.971,0.971,160,10,128,2000,0,2000,20000
8,shuffle_0,2-3-1-0-4,ewc,0,ewc,PASS,100.0,100.0,0,3,1.0,0.0,-1.0,1.0,160,10,128,2000,0,2000,20000
8,shuffle_0,2-3-1-0-4,ewc,0,ewc,PASS,100.0,100.0,4,4,0.981,0.981,0.0,0.0,160,10,128,2000,0,2000,20000
8,shuffle_1,1-0-2-4-3,no_replay,0,no_replay,PASS,0.0,0.0,1,0,0.977,0.0,-0.977,0.977,160,10,128,2000,0,2000,20000
8,shuffle_1,1-0-2-4-3,no_replay,0,no_replay,PASS,0.0,0.0,0,1,1.0,0.0,-1.0,1.0,160,10,128,2000,0,2000,20000
8,shuffle_1,1-0-2-4-3,no_replay,0,no_replay,PASS,0.0,0.0,2,2,0.991,0.0,-0.991,0.991,160,10,128,2000,0,2000,20000
8,shuffle_1,1-0-2-4-3,no_replay,0,no_replay,PASS,0.0,0.0,4,3,0.974,0.0,-0.974,0.974,160,10,128,2000,0,2000,20000
8,shuffle_1,1-0-2-4-3,no_replay,0,no_replay,PASS,0.0,0.0,3,4,0.993,0.993,0.0,0.0,160,10,128,2000,0,2000,20000
8,shuffle_1,1-0-2-4-3,experience_replay,100,er100,PASS,0.0,0.0,1,0,0.977,0.0,-0.977,0.977,160,10,128,2000,0,2000,20000
8,shuffle_1,1-0-2-4-3,experience_replay,100,er100,PASS,0.0,0.0,0,1,0.997,0.0,-0.997,0.997,170,10,128,2000,100,2100,21000
8,shuffle_1,1-0-2-4-3,experience_replay,100,er100,PASS,0.0,0.0,2,2,0.991,0.0,-0.991,0.991,170,10,128,2000,100,2100,21000
8,shuffle_1,1-0-2-4-3,experience_replay,100,er100,PASS,0.0,0.0,4,3,0.984,0.65,-0.33399999999999996,0.33399999999999996,170,10,128,2000,100,2100,21000
8,shuffle_1,1-0-2-4-3,experience_replay,100,er100,PASS,0.0,0.0,3,4,0.977,0.977,0.0,0.0,170,10,128,2000,100,2100,21000
8,shuffle_1,1-0-2-4-3,experience_replay,500,er500,PASS,0.0,0.0,1,0,0.977,0.0,-0.977,0.977,160,10,128,2000,0,2000,20000
8,shuffle_1,1-0-2-4-3,experience_replay,500,er500,PASS,0.0,0.0,0,1,0.995,0.823,-0.17200000000000004,0.17200000000000004,200,10,128,2000,500,2500,25000
8,shuffle_1,1-0-2-4-3,experience_replay,500,er500,PASS,0.0,0.0,2,2,0.989,0.77,-0.21899999999999997,0.21899999999999997,200,10,128,2000,500,2500,25000
8,shuffle_1,1-0-2-4-3,experience_replay,500,er500,PASS,0.0,0.0,4,3,0.963,0.914,-0.04899999999999993,0.04899999999999993,200,10,128,2000,500,2500,25000
8,shuffle_1,1-0-2-4-3,experience_replay,500,er500,PASS,0.0,0.0,3,4,0.961,0.961,0.0,0.0,200,10,128,2000,500,2500,25000
8,shuffle_1,1-0-2-4-3,ewc,0,ewc,PASS,100.0,100.0,1,0,0.977,0.0,-0.977,0.977,160,10,128,2000,0,2000,20000
8,shuffle_1,1-0-2-4-3,ewc,0,ewc,PASS,100.0,100.0,0,1,1.0,0.0,-1.0,1.0,160,10,128,2000,0,2000,20000
8,shuffle_1,1-0-2-4-3,ewc,0,ewc,PASS,100.0,100.0,2,2,0.995,0.0,-0.995,0.995,160,10,128,2000,0,2000,20000
8,shuffle_1,1-0-2-4-3,ewc,0,ewc,PASS,100.0,100.0,4,3,0.982,0.0,-0.982,0.982,160,10,128,2000,0,2000,20000
8,shuffle_1,1-0-2-4-3,ewc,0,ewc,PASS,100.0,100.0,3,4,0.991,0.991,0.0,0.0,160,10,128,2000,0,2000,20000
8,shuffle_2,2-3-0-4-1,no_replay,0,no_replay,PASS,0.0,0.0,2,0,0.991,0.0,-0.991,0.991,160,10,128,2000,0,2000,20000
8,shuffle_2,2-3-0-4-1,no_replay,0,no_replay,PASS,0.0,0.0,3,1,0.994,0.0,-0.994,0.994,160,10,128,2000,0,2000,20000
8,shuffle_2,2-3-0-4-1,no_replay,0,no_replay,PASS,0.0,0.0,0,2,1.0,0.0,-1.0,1.0,160,10,128,2000,0,2000,20000
8,shuffle_2,2-3-0-4-1,no_replay,0,no_replay,PASS,0.0,0.0,4,3,0.979,0.0,-0.979,0.979,160,10,128,2000,0,2000,20000
8,shuffle_2,2-3-0-4-1,no_replay,0,no_replay,PASS,0.0,0.0,1,4,0.971,0.971,0.0,0.0,160,10,128,2000,0,2000,20000
8,shuffle_2,2-3-0-4-1,experience_replay,100,er100,PASS,0.0,0.0,2,0,0.991,0.0,-0.991,0.991,160,10,128,2000,0,2000,20000
8,shuffle_2,2-3-0-4-1,experience_replay,100,er100,PASS,0.0,0.0,3,1,0.987,0.0,-0.987,0.987,170,10,128,2000,100,2100,21000
8,shuffle_2,2-3-0-4-1,experience_replay,100,er100,PASS,0.0,0.0,0,2,0.999,0.0,-0.999,0.999,170,10,128,2000,100,2100,21000
8,shuffle_2,2-3-0-4-1,experience_replay,100,er100,PASS,0.0,0.0,4,3,0.977,0.419,-0.558,0.558,170,10,128,2000,100,2100,21000
8,shuffle_2,2-3-0-4-1,experience_replay,100,er100,PASS,0.0,0.0,1,4,0.975,0.975,0.0,0.0,170,10,128,2000,100,2100,21000
8,shuffle_2,2-3-0-4-1,experience_replay,500,er500,PASS,0.0,0.0,2,0,0.991,0.024,-0.967,0.967,160,10,128,2000,0,2000,20000
8,shuffle_2,2-3-0-4-1,experience_replay,500,er500,PASS,0.0,0.0,3,1,0.981,0.208,-0.773,0.773,200,10,128,2000,500,2500,25000
8,shuffle_2,2-3-0-4-1,experience_replay,500,er500,PASS,0.0,0.0,0,2,0.997,0.881,-0.11599999999999999,0.11599999999999999,200,10,128,2000,500,2500,25000
8,shuffle_2,2-3-0-4-1,experience_replay,500,er500,PASS,0.0,0.0,4,3,0.971,0.868,-0.10299999999999998,0.10299999999999998,200,10,128,2000,500,2500,25000
8,shuffle_2,2-3-0-4-1,experience_replay,500,er500,PASS,0.0,0.0,1,4,0.964,0.964,0.0,0.0,200,10,128,2000,500,2500,25000
8,shuffle_2,2-3-0-4-1,ewc,0,ewc,PASS,100.0,100.0,2,0,0.991,0.0,-0.991,0.991,160,10,128,2000,0,2000,20000
8,shuffle_2,2-3-0-4-1,ewc,0,ewc,PASS,100.0,100.0,3,1,0.994,0.0,-0.994,0.994,160,10,128,2000,0,2000,20000
8,shuffle_2,2-3-0-4-1,ewc,0,ewc,PASS,100.0,100.0,0,2,1.0,0.0,-1.0,1.0,160,10,128,2000,0,2000,20000
8,shuffle_2,2-3-0-4-1,ewc,0,ewc,PASS,100.0,100.0,4,3,0.982,0.0,-0.982,0.982,160,10,128,2000,0,2000,20000
8,shuffle_2,2-3-0-4-1,ewc,0,ewc,PASS,100.0,100.0,1,4,0.971,0.971,0.0,0.0,160,10,128,2000,0,2000,20000
8,shuffle_3,1-2-0-3-4,no_replay,0,no_replay,PASS,0.0,0.0,1,0,0.974,0.0,-0.974,0.974,160,10,128,2000,0,2000,20000
8,shuffle_3,1-2-0-3-4,no_replay,0,no_replay,PASS,0.0,0.0,2,1,0.994,0.0,-0.994,0.994,160,10,128,2000,0,2000,20000
8,shuffle_3,1-2-0-3-4,no_replay,0,no_replay,PASS,0.0,0.0,0,2,0.999,0.0,-0.999,0.999,160,10,128,2000,0,2000,20000
8,shuffle_3,1-2-0-3-4,no_replay,0,no_replay,PASS,0.0,0.0,3,3,0.994,0.0,-0.994,0.994,160,10,128,2000,0,2000,20000
8,shuffle_3,1-2-0-3-4,no_replay,0,no_replay,PASS,0.0,0.0,4,4,0.966,0.966,0.0,0.0,160,10,128,2000,0,2000,20000
8,shuffle_3,1-2-0-3-4,experience_replay,100,er100,PASS,0.0,0.0,1,0,0.974,0.0,-0.974,0.974,160,10,128,2000,0,2000,20000
8,shuffle_3,1-2-0-3-4,experience_replay,100,er100,PASS,0.0,0.0,2,1,0.99,0.0,-0.99,0.99,170,10,128,2000,100,2100,21000
8,shuffle_3,1-2-0-3-4,experience_replay,100,er100,PASS,0.0,0.0,0,2,1.0,0.039,-0.961,0.961,170,10,128,2000,100,2100,21000
8,shuffle_3,1-2-0-3-4,experience_replay,100,er100,PASS,0.0,0.0,3,3,0.99,0.679,-0.31099999999999994,0.31099999999999994,170,10,128,2000,100,2100,21000
8,shuffle_3,1-2-0-3-4,experience_replay,100,er100,PASS,0.0,0.0,4,4,0.971,0.971,0.0,0.0,170,10,128,2000,100,2100,21000
8,shuffle_3,1-2-0-3-4,experience_replay,500,er500,PASS,0.0,0.0,1,0,0.974,0.005,-0.969,0.969,160,10,128,2000,0,2000,20000
8,shuffle_3,1-2-0-3-4,experience_replay,500,er500,PASS,0.0,0.0,2,1,0.976,0.069,-0.907,0.907,200,10,128,2000,500,2500,25000
8,shuffle_3,1-2-0-3-4,experience_replay,500,er500,PASS,0.0,0.0,0,2,0.997,0.865,-0.132,0.132,200,10,128,2000,500,2500,25000
8,shuffle_3,1-2-0-3-4,experience_replay,500,er500,PASS,0.0,0.0,3,3,0.985,0.901,-0.08399999999999996,0.08399999999999996,200,10,128,2000,500,2500,25000
8,shuffle_3,1-2-0-3-4,experience_replay,500,er500,PASS,0.0,0.0,4,4,0.975,0.975,0.0,0.0,200,10,128,2000,500,2500,25000
8,shuffle_3,1-2-0-3-4,ewc,0,ewc,PASS,100.0,100.0,1,0,0.974,0.0,-0.974,0.974,160,10,128,2000,0,2000,20000
8,shuffle_3,1-2-0-3-4,ewc,0,ewc,PASS,100.0,100.0,2,1,0.996,0.0,-0.996,0.996,160,10,128,2000,0,2000,20000
8,shuffle_3,1-2-0-3-4,ewc,0,ewc,PASS,100.0,100.0,0,2,0.999,0.0,-0.999,0.999,160,10,128,2000,0,2000,20000
8,shuffle_3,1-2-0-3-4,ewc,0,ewc,PASS,100.0,100.0,3,3,0.996,0.0,-0.996,0.996,160,10,128,2000,0,2000,20000
8,shuffle_3,1-2-0-3-4,ewc,0,ewc,PASS,100.0,100.0,4,4,0.98,0.98,0.0,0.0,160,10,128,2000,0,2000,20000
9,canonical,0-1-2-3-4,no_replay,0,no_replay,PASS,0.0,0.0,0,0,0.999,0.0,-0.999,0.999,160,10,128,2000,0,2000,20000
9,canonical,0-1-2-3-4,no_replay,0,no_replay,PASS,0.0,0.0,1,1,0.979,0.0,-0.979,0.979,160,10,128,2000,0,2000,20000
9,canonical,0-1-2-3-4,no_replay,0,no_replay,PASS,0.0,0.0,2,2,0.993,0.0,-0.993,0.993,160,10,128,2000,0,2000,20000
9,canonical,0-1-2-3-4,no_replay,0,no_replay,PASS,0.0,0.0,3,3,0.993,0.0,-0.993,0.993,160,10,128,2000,0,2000,20000
9,canonical,0-1-2-3-4,no_replay,0,no_replay,PASS,0.0,0.0,4,4,0.978,0.978,0.0,0.0,160,10,128,2000,0,2000,20000
9,canonical,0-1-2-3-4,experience_replay,100,er100,PASS,0.0,0.0,0,0,0.999,0.0,-0.999,0.999,160,10,128,2000,0,2000,20000
9,canonical,0-1-2-3-4,experience_replay,100,er100,PASS,0.0,0.0,1,1,0.96,0.0,-0.96,0.96,170,10,128,2000,100,2100,21000
9,canonical,0-1-2-3-4,experience_replay,100,er100,PASS,0.0,0.0,2,2,0.99,0.0,-0.99,0.99,170,10,128,2000,100,2100,21000
9,canonical,0-1-2-3-4,experience_replay,100,er100,PASS,0.0,0.0,3,3,0.985,0.518,-0.46699999999999997,0.46699999999999997,170,10,128,2000,100,2100,21000
9,canonical,0-1-2-3-4,experience_replay,100,er100,PASS,0.0,0.0,4,4,0.976,0.976,0.0,0.0,170,10,128,2000,100,2100,21000
9,canonical,0-1-2-3-4,experience_replay,500,er500,PASS,0.0,0.0,0,0,0.999,0.373,-0.626,0.626,160,10,128,2000,0,2000,20000
9,canonical,0-1-2-3-4,experience_replay,500,er500,PASS,0.0,0.0,1,1,0.974,0.162,-0.8119999999999999,0.8119999999999999,200,10,128,2000,500,2500,25000
9,canonical,0-1-2-3-4,experience_replay,500,er500,PASS,0.0,0.0,2,2,0.98,0.361,-0.619,0.619,200,10,128,2000,500,2500,25000
9,canonical,0-1-2-3-4,experience_replay,500,er500,PASS,0.0,0.0,3,3,0.978,0.894,-0.08399999999999996,0.08399999999999996,200,10,128,2000,500,2500,25000
9,canonical,0-1-2-3-4,experience_replay,500,er500,PASS,0.0,0.0,4,4,0.968,0.968,0.0,0.0,200,10,128,2000,500,2500,25000
9,canonical,0-1-2-3-4,ewc,0,ewc,PASS,100.0,100.0,0,0,0.999,0.0,-0.999,0.999,160,10,128,2000,0,2000,20000
9,canonical,0-1-2-3-4,ewc,0,ewc,PASS,100.0,100.0,1,1,0.979,0.0,-0.979,0.979,160,10,128,2000,0,2000,20000
9,canonical,0-1-2-3-4,ewc,0,ewc,PASS,100.0,100.0,2,2,0.993,0.0,-0.993,0.993,160,10,128,2000,0,2000,20000
9,canonical,0-1-2-3-4,ewc,0,ewc,PASS,100.0,100.0,3,3,0.993,0.0,-0.993,0.993,160,10,128,2000,0,2000,20000
9,canonical,0-1-2-3-4,ewc,0,ewc,PASS,100.0,100.0,4,4,0.981,0.981,0.0,0.0,160,10,128,2000,0,2000,20000
9,shuffle_0,2-3-1-0-4,no_replay,0,no_replay,PASS,0.0,0.0,2,0,0.995,0.0,-0.995,0.995,160,10,128,2000,0,2000,20000
9,shuffle_0,2-3-1-0-4,no_replay,0,no_replay,PASS,0.0,0.0,3,1,0.992,0.0,-0.992,0.992,160,10,128,2000,0,2000,20000
9,shuffle_0,2-3-1-0-4,no_replay,0,no_replay,PASS,0.0,0.0,1,2,0.97,0.0,-0.97,0.97,160,10,128,2000,0,2000,20000
9,shuffle_0,2-3-1-0-4,no_replay,0,no_replay,PASS,0.0,0.0,0,3,1.0,0.0,-1.0,1.0,160,10,128,2000,0,2000,20000
9,shuffle_0,2-3-1-0-4,no_replay,0,no_replay,PASS,0.0,0.0,4,4,0.977,0.977,0.0,0.0,160,10,128,2000,0,2000,20000
9,shuffle_0,2-3-1-0-4,experience_replay,100,er100,PASS,0.0,0.0,2,0,0.995,0.0,-0.995,0.995,160,10,128,2000,0,2000,20000
9,shuffle_0,2-3-1-0-4,experience_replay,100,er100,PASS,0.0,0.0,3,1,0.993,0.0,-0.993,0.993,170,10,128,2000,100,2100,21000
9,shuffle_0,2-3-1-0-4,experience_replay,100,er100,PASS,0.0,0.0,1,2,0.973,0.004,-0.969,0.969,170,10,128,2000,100,2100,21000
9,shuffle_0,2-3-1-0-4,experience_replay,100,er100,PASS,0.0,0.0,0,3,0.998,0.885,-0.11299999999999999,0.11299999999999999,170,10,128,2000,100,2100,21000
9,shuffle_0,2-3-1-0-4,experience_replay,100,er100,PASS,0.0,0.0,4,4,0.978,0.978,0.0,0.0,170,10,128,2000,100,2100,21000
9,shuffle_0,2-3-1-0-4,experience_replay,500,er500,PASS,0.0,0.0,2,0,0.995,0.0,-0.995,0.995,160,10,128,2000,0,2000,20000
9,shuffle_0,2-3-1-0-4,experience_replay,500,er500,PASS,0.0,0.0,3,1,0.987,0.531,-0.45599999999999996,0.45599999999999996,200,10,128,2000,500,2500,25000
9,shuffle_0,2-3-1-0-4,experience_replay,500,er500,PASS,0.0,0.0,1,2,0.966,0.672,-0.29399999999999993,0.29399999999999993,200,10,128,2000,500,2500,25000
9,shuffle_0,2-3-1-0-4,experience_replay,500,er500,PASS,0.0,0.0,0,3,0.996,0.974,-0.02200000000000002,0.02200000000000002,200,10,128,2000,500,2500,25000
9,shuffle_0,2-3-1-0-4,experience_replay,500,er500,PASS,0.0,0.0,4,4,0.977,0.977,0.0,0.0,200,10,128,2000,500,2500,25000
9,shuffle_0,2-3-1-0-4,ewc,0,ewc,PASS,100.0,100.0,2,0,0.995,0.0,-0.995,0.995,160,10,128,2000,0,2000,20000
9,shuffle_0,2-3-1-0-4,ewc,0,ewc,PASS,100.0,100.0,3,1,0.994,0.0,-0.994,0.994,160,10,128,2000,0,2000,20000
9,shuffle_0,2-3-1-0-4,ewc,0,ewc,PASS,100.0,100.0,1,2,0.965,0.0,-0.965,0.965,160,10,128,2000,0,2000,20000
9,shuffle_0,2-3-1-0-4,ewc,0,ewc,PASS,100.0,100.0,0,3,1.0,0.0,-1.0,1.0,160,10,128,2000,0,2000,20000
9,shuffle_0,2-3-1-0-4,ewc,0,ewc,PASS,100.0,100.0,4,4,0.978,0.978,0.0,0.0,160,10,128,2000,0,2000,20000
9,shuffle_1,1-0-2-4-3,no_replay,0,no_replay,PASS,0.0,0.0,1,0,0.976,0.0,-0.976,0.976,160,10,128,2000,0,2000,20000
9,shuffle_1,1-0-2-4-3,no_replay,0,no_replay,PASS,0.0,0.0,0,1,1.0,0.0,-1.0,1.0,160,10,128,2000,0,2000,20000
9,shuffle_1,1-0-2-4-3,no_replay,0,no_replay,PASS,0.0,0.0,2,2,0.993,0.0,-0.993,0.993,160,10,128,2000,0,2000,20000
9,shuffle_1,1-0-2-4-3,no_replay,0,no_replay,PASS,0.0,0.0,4,3,0.941,0.0,-0.941,0.941,160,10,128,2000,0,2000,20000
9,shuffle_1,1-0-2-4-3,no_replay,0,no_replay,PASS,0.0,0.0,3,4,0.992,0.992,0.0,0.0,160,10,128,2000,0,2000,20000
9,shuffle_1,1-0-2-4-3,experience_replay,100,er100,PASS,0.0,0.0,1,0,0.976,0.0,-0.976,0.976,160,10,128,2000,0,2000,20000
9,shuffle_1,1-0-2-4-3,experience_replay,100,er100,PASS,0.0,0.0,0,1,0.998,0.0,-0.998,0.998,170,10,128,2000,100,2100,21000
9,shuffle_1,1-0-2-4-3,experience_replay,100,er100,PASS,0.0,0.0,2,2,0.992,0.0,-0.992,0.992,170,10,128,2000,100,2100,21000
9,shuffle_1,1-0-2-4-3,experience_replay,100,er100,PASS,0.0,0.0,4,3,0.983,0.458,-0.5249999999999999,0.5249999999999999,170,10,128,2000,100,2100,21000
9,shuffle_1,1-0-2-4-3,experience_replay,100,er100,PASS,0.0,0.0,3,4,0.986,0.986,0.0,0.0,170,10,128,2000,100,2100,21000
9,shuffle_1,1-0-2-4-3,experience_replay,500,er500,PASS,0.0,0.0,1,0,0.976,0.0,-0.976,0.976,160,10,128,2000,0,2000,20000
9,shuffle_1,1-0-2-4-3,experience_replay,500,er500,PASS,0.0,0.0,0,1,0.996,0.494,-0.502,0.502,200,10,128,2000,500,2500,25000
9,shuffle_1,1-0-2-4-3,experience_replay,500,er500,PASS,0.0,0.0,2,2,0.993,0.715,-0.278,0.278,200,10,128,2000,500,2500,25000
9,shuffle_1,1-0-2-4-3,experience_replay,500,er500,PASS,0.0,0.0,4,3,0.966,0.903,-0.06299999999999994,0.06299999999999994,200,10,128,2000,500,2500,25000
9,shuffle_1,1-0-2-4-3,experience_replay,500,er500,PASS,0.0,0.0,3,4,0.973,0.973,0.0,0.0,200,10,128,2000,500,2500,25000
9,shuffle_1,1-0-2-4-3,ewc,0,ewc,PASS,100.0,100.0,1,0,0.976,0.0,-0.976,0.976,160,10,128,2000,0,2000,20000
9,shuffle_1,1-0-2-4-3,ewc,0,ewc,PASS,100.0,100.0,0,1,1.0,0.0,-1.0,1.0,160,10,128,2000,0,2000,20000
9,shuffle_1,1-0-2-4-3,ewc,0,ewc,PASS,100.0,100.0,2,2,0.995,0.0,-0.995,0.995,160,10,128,2000,0,2000,20000
9,shuffle_1,1-0-2-4-3,ewc,0,ewc,PASS,100.0,100.0,4,3,0.986,0.0,-0.986,0.986,160,10,128,2000,0,2000,20000
9,shuffle_1,1-0-2-4-3,ewc,0,ewc,PASS,100.0,100.0,3,4,0.994,0.994,0.0,0.0,160,10,128,2000,0,2000,20000
9,shuffle_2,2-3-0-4-1,no_replay,0,no_replay,PASS,0.0,0.0,2,0,0.994,0.0,-0.994,0.994,160,10,128,2000,0,2000,20000
9,shuffle_2,2-3-0-4-1,no_replay,0,no_replay,PASS,0.0,0.0,3,1,0.993,0.0,-0.993,0.993,160,10,128,2000,0,2000,20000
9,shuffle_2,2-3-0-4-1,no_replay,0,no_replay,PASS,0.0,0.0,0,2,0.999,0.0,-0.999,0.999,160,10,128,2000,0,2000,20000
9,shuffle_2,2-3-0-4-1,no_replay,0,no_replay,PASS,0.0,0.0,4,3,0.982,0.0,-0.982,0.982,160,10,128,2000,0,2000,20000
9,shuffle_2,2-3-0-4-1,no_replay,0,no_replay,PASS,0.0,0.0,1,4,0.975,0.975,0.0,0.0,160,10,128,2000,0,2000,20000
9,shuffle_2,2-3-0-4-1,experience_replay,100,er100,PASS,0.0,0.0,2,0,0.994,0.0,-0.994,0.994,160,10,128,2000,0,2000,20000
9,shuffle_2,2-3-0-4-1,experience_replay,100,er100,PASS,0.0,0.0,3,1,0.99,0.0,-0.99,0.99,170,10,128,2000,100,2100,21000
9,shuffle_2,2-3-0-4-1,experience_replay,100,er100,PASS,0.0,0.0,0,2,0.999,0.0,-0.999,0.999,170,10,128,2000,100,2100,21000
9,shuffle_2,2-3-0-4-1,experience_replay,100,er100,PASS,0.0,0.0,4,3,0.975,0.394,-0.581,0.581,170,10,128,2000,100,2100,21000
9,shuffle_2,2-3-0-4-1,experience_replay,100,er100,PASS,0.0,0.0,1,4,0.969,0.969,0.0,0.0,170,10,128,2000,100,2100,21000
9,shuffle_2,2-3-0-4-1,experience_replay,500,er500,PASS,0.0,0.0,2,0,0.994,0.0,-0.994,0.994,160,10,128,2000,0,2000,20000
9,shuffle_2,2-3-0-4-1,experience_replay,500,er500,PASS,0.0,0.0,3,1,0.982,0.211,-0.771,0.771,200,10,128,2000,500,2500,25000
9,shuffle_2,2-3-0-4-1,experience_replay,500,er500,PASS,0.0,0.0,0,2,0.995,0.914,-0.08099999999999996,0.08099999999999996,200,10,128,2000,500,2500,25000
9,shuffle_2,2-3-0-4-1,experience_replay,500,er500,PASS,0.0,0.0,4,3,0.976,0.865,-0.11099999999999999,0.11099999999999999,200,10,128,2000,500,2500,25000
9,shuffle_2,2-3-0-4-1,experience_replay,500,er500,PASS,0.0,0.0,1,4,0.965,0.965,0.0,0.0,200,10,128,2000,500,2500,25000
9,shuffle_2,2-3-0-4-1,ewc,0,ewc,PASS,100.0,100.0,2,0,0.994,0.0,-0.994,0.994,160,10,128,2000,0,2000,20000
9,shuffle_2,2-3-0-4-1,ewc,0,ewc,PASS,100.0,100.0,3,1,0.993,0.0,-0.993,0.993,160,10,128,2000,0,2000,20000
9,shuffle_2,2-3-0-4-1,ewc,0,ewc,PASS,100.0,100.0,0,2,0.999,0.0,-0.999,0.999,160,10,128,2000,0,2000,20000
9,shuffle_2,2-3-0-4-1,ewc,0,ewc,PASS,100.0,100.0,4,3,0.982,0.0,-0.982,0.982,160,10,128,2000,0,2000,20000
9,shuffle_2,2-3-0-4-1,ewc,0,ewc,PASS,100.0,100.0,1,4,0.969,0.969,0.0,0.0,160,10,128,2000,0,2000,20000
9,shuffle_3,1-2-0-3-4,no_replay,0,no_replay,PASS,0.0,0.0,1,0,0.977,0.0,-0.977,0.977,160,10,128,2000,0,2000,20000
9,shuffle_3,1-2-0-3-4,no_replay,0,no_replay,PASS,0.0,0.0,2,1,0.995,0.0,-0.995,0.995,160,10,128,2000,0,2000,20000
9,shuffle_3,1-2-0-3-4,no_replay,0,no_replay,PASS,0.0,0.0,0,2,0.999,0.0,-0.999,0.999,160,10,128,2000,0,2000,20000
9,shuffle_3,1-2-0-3-4,no_replay,0,no_replay,PASS,0.0,0.0,3,3,0.995,0.0,-0.995,0.995,160,10,128,2000,0,2000,20000
9,shuffle_3,1-2-0-3-4,no_replay,0,no_replay,PASS,0.0,0.0,4,4,0.979,0.979,0.0,0.0,160,10,128,2000,0,2000,20000
9,shuffle_3,1-2-0-3-4,experience_replay,100,er100,PASS,0.0,0.0,1,0,0.977,0.0,-0.977,0.977,160,10,128,2000,0,2000,20000
9,shuffle_3,1-2-0-3-4,experience_replay,100,er100,PASS,0.0,0.0,2,1,0.987,0.0,-0.987,0.987,170,10,128,2000,100,2100,21000
9,shuffle_3,1-2-0-3-4,experience_replay,100,er100,PASS,0.0,0.0,0,2,0.999,0.131,-0.868,0.868,170,10,128,2000,100,2100,21000
9,shuffle_3,1-2-0-3-4,experience_replay,100,er100,PASS,0.0,0.0,3,3,0.988,0.754,-0.23399999999999999,0.23399999999999999,170,10,128,2000,100,2100,21000
9,shuffle_3,1-2-0-3-4,experience_replay,100,er100,PASS,0.0,0.0,4,4,0.981,0.981,0.0,0.0,170,10,128,2000,100,2100,21000
9,shuffle_3,1-2-0-3-4,experience_replay,500,er500,PASS,0.0,0.0,1,0,0.977,0.02,-0.957,0.957,160,10,128,2000,0,2000,20000
9,shuffle_3,1-2-0-3-4,experience_replay,500,er500,PASS,0.0,0.0,2,1,0.982,0.192,-0.79,0.79,200,10,128,2000,500,2500,25000
9,shuffle_3,1-2-0-3-4,experience_replay,500,er500,PASS,0.0,0.0,0,2,0.995,0.913,-0.08199999999999996,0.08199999999999996,200,10,128,2000,500,2500,25000
9,shuffle_3,1-2-0-3-4,experience_replay,500,er500,PASS,0.0,0.0,3,3,0.982,0.884,-0.09799999999999998,0.09799999999999998,200,10,128,2000,500,2500,25000
9,shuffle_3,1-2-0-3-4,experience_replay,500,er500,PASS,0.0,0.0,4,4,0.972,0.972,0.0,0.0,200,10,128,2000,500,2500,25000
9,shuffle_3,1-2-0-3-4,ewc,0,ewc,PASS,100.0,100.0,1,0,0.977,0.0,-0.977,0.977,160,10,128,2000,0,2000,20000
9,shuffle_3,1-2-0-3-4,ewc,0,ewc,PASS,100.0,100.0,2,1,0.995,0.0,-0.995,0.995,160,10,128,2000,0,2000,20000
9,shuffle_3,1-2-0-3-4,ewc,0,ewc,PASS,100.0,100.0,0,2,1.0,0.0,-1.0,1.0,160,10,128,2000,0,2000,20000
9,shuffle_3,1-2-0-3-4,ewc,0,ewc,PASS,100.0,100.0,3,3,0.995,0.0,-0.995,0.995,160,10,128,2000,0,2000,20000
9,shuffle_3,1-2-0-3-4,ewc,0,ewc,PASS,100.0,100.0,4,4,0.984,0.984,0.0,0.0,160,10,128,2000,0,2000,20000
10,canonical,0-1-2-3-4,no_replay,0,no_replay,PASS,0.0,0.0,0,0,0.999,0.0,-0.999,0.999,160,10,128,2000,0,2000,20000
10,canonical,0-1-2-3-4,no_replay,0,no_replay,PASS,0.0,0.0,1,1,0.973,0.0,-0.973,0.973,160,10,128,2000,0,2000,20000
10,canonical,0-1-2-3-4,no_replay,0,no_replay,PASS,0.0,0.0,2,2,0.994,0.0,-0.994,0.994,160,10,128,2000,0,2000,20000
10,canonical,0-1-2-3-4,no_replay,0,no_replay,PASS,0.0,0.0,3,3,0.993,0.0,-0.993,0.993,160,10,128,2000,0,2000,20000
10,canonical,0-1-2-3-4,no_replay,0,no_replay,PASS,0.0,0.0,4,4,0.976,0.976,0.0,0.0,160,10,128,2000,0,2000,20000
10,canonical,0-1-2-3-4,experience_replay,100,er100,PASS,0.0,0.0,0,0,0.999,0.0,-0.999,0.999,160,10,128,2000,0,2000,20000
10,canonical,0-1-2-3-4,experience_replay,100,er100,PASS,0.0,0.0,1,1,0.974,0.0,-0.974,0.974,170,10,128,2000,100,2100,21000
10,canonical,0-1-2-3-4,experience_replay,100,er100,PASS,0.0,0.0,2,2,0.993,0.0,-0.993,0.993,170,10,128,2000,100,2100,21000
10,canonical,0-1-2-3-4,experience_replay,100,er100,PASS,0.0,0.0,3,3,0.99,0.741,-0.249,0.249,170,10,128,2000,100,2100,21000
10,canonical,0-1-2-3-4,experience_replay,100,er100,PASS,0.0,0.0,4,4,0.981,0.981,0.0,0.0,170,10,128,2000,100,2100,21000
10,canonical,0-1-2-3-4,experience_replay,500,er500,PASS,0.0,0.0,0,0,0.999,0.142,-0.857,0.857,160,10,128,2000,0,2000,20000
10,canonical,0-1-2-3-4,experience_replay,500,er500,PASS,0.0,0.0,1,1,0.973,0.369,-0.604,0.604,200,10,128,2000,500,2500,25000
10,canonical,0-1-2-3-4,experience_replay,500,er500,PASS,0.0,0.0,2,2,0.982,0.154,-0.828,0.828,200,10,128,2000,500,2500,25000
10,canonical,0-1-2-3-4,experience_replay,500,er500,PASS,0.0,0.0,3,3,0.973,0.941,-0.03200000000000003,0.03200000000000003,200,10,128,2000,500,2500,25000
10,canonical,0-1-2-3-4,experience_replay,500,er500,PASS,0.0,0.0,4,4,0.976,0.976,0.0,0.0,200,10,128,2000,500,2500,25000
10,canonical,0-1-2-3-4,ewc,0,ewc,PASS,100.0,100.0,0,0,0.999,0.0,-0.999,0.999,160,10,128,2000,0,2000,20000
10,canonical,0-1-2-3-4,ewc,0,ewc,PASS,100.0,100.0,1,1,0.973,0.009,-0.964,0.964,160,10,128,2000,0,2000,20000
10,canonical,0-1-2-3-4,ewc,0,ewc,PASS,100.0,100.0,2,2,0.993,0.0,-0.993,0.993,160,10,128,2000,0,2000,20000
10,canonical,0-1-2-3-4,ewc,0,ewc,PASS,100.0,100.0,3,3,0.993,0.0,-0.993,0.993,160,10,128,2000,0,2000,20000
10,canonical,0-1-2-3-4,ewc,0,ewc,PASS,100.0,100.0,4,4,0.982,0.982,0.0,0.0,160,10,128,2000,0,2000,20000
10,shuffle_0,2-3-1-0-4,no_replay,0,no_replay,PASS,0.0,0.0,2,0,0.991,0.0,-0.991,0.991,160,10,128,2000,0,2000,20000
10,shuffle_0,2-3-1-0-4,no_replay,0,no_replay,PASS,0.0,0.0,3,1,0.992,0.0,-0.992,0.992,160,10,128,2000,0,2000,20000
10,shuffle_0,2-3-1-0-4,no_replay,0,no_replay,PASS,0.0,0.0,1,2,0.971,0.0,-0.971,0.971,160,10,128,2000,0,2000,20000
10,shuffle_0,2-3-1-0-4,no_replay,0,no_replay,PASS,0.0,0.0,0,3,1.0,0.0,-1.0,1.0,160,10,128,2000,0,2000,20000
10,shuffle_0,2-3-1-0-4,no_replay,0,no_replay,PASS,0.0,0.0,4,4,0.98,0.98,0.0,0.0,160,10,128,2000,0,2000,20000
10,shuffle_0,2-3-1-0-4,experience_replay,100,er100,PASS,0.0,0.0,2,0,0.991,0.0,-0.991,0.991,160,10,128,2000,0,2000,20000
10,shuffle_0,2-3-1-0-4,experience_replay,100,er100,PASS,0.0,0.0,3,1,0.992,0.0,-0.992,0.992,170,10,128,2000,100,2100,21000
10,shuffle_0,2-3-1-0-4,experience_replay,100,er100,PASS,0.0,0.0,1,2,0.975,0.007,-0.968,0.968,170,10,128,2000,100,2100,21000
10,shuffle_0,2-3-1-0-4,experience_replay,100,er100,PASS,0.0,0.0,0,3,0.998,0.868,-0.13,0.13,170,10,128,2000,100,2100,21000
10,shuffle_0,2-3-1-0-4,experience_replay,100,er100,PASS,0.0,0.0,4,4,0.98,0.98,0.0,0.0,170,10,128,2000,100,2100,21000
10,shuffle_0,2-3-1-0-4,experience_replay,500,er500,PASS,0.0,0.0,2,0,0.991,0.0,-0.991,0.991,160,10,128,2000,0,2000,20000
10,shuffle_0,2-3-1-0-4,experience_replay,500,er500,PASS,0.0,0.0,3,1,0.982,0.6,-0.382,0.382,200,10,128,2000,500,2500,25000
10,shuffle_0,2-3-1-0-4,experience_replay,500,er500,PASS,0.0,0.0,1,2,0.967,0.609,-0.358,0.358,200,10,128,2000,500,2500,25000
10,shuffle_0,2-3-1-0-4,experience_replay,500,er500,PASS,0.0,0.0,0,3,0.994,0.96,-0.03400000000000003,0.03400000000000003,200,10,128,2000,500,2500,25000
10,shuffle_0,2-3-1-0-4,experience_replay,500,er500,PASS,0.0,0.0,4,4,0.976,0.976,0.0,0.0,200,10,128,2000,500,2500,25000
10,shuffle_0,2-3-1-0-4,ewc,0,ewc,PASS,100.0,100.0,2,0,0.991,0.0,-0.991,0.991,160,10,128,2000,0,2000,20000
10,shuffle_0,2-3-1-0-4,ewc,0,ewc,PASS,100.0,100.0,3,1,0.992,0.0,-0.992,0.992,160,10,128,2000,0,2000,20000
10,shuffle_0,2-3-1-0-4,ewc,0,ewc,PASS,100.0,100.0,1,2,0.978,0.0,-0.978,0.978,160,10,128,2000,0,2000,20000
10,shuffle_0,2-3-1-0-4,ewc,0,ewc,PASS,100.0,100.0,0,3,1.0,0.0,-1.0,1.0,160,10,128,2000,0,2000,20000
10,shuffle_0,2-3-1-0-4,ewc,0,ewc,PASS,100.0,100.0,4,4,0.983,0.983,0.0,0.0,160,10,128,2000,0,2000,20000
10,shuffle_1,1-0-2-4-3,no_replay,0,no_replay,PASS,0.0,0.0,1,0,0.975,0.0,-0.975,0.975,160,10,128,2000,0,2000,20000
10,shuffle_1,1-0-2-4-3,no_replay,0,no_replay,PASS,0.0,0.0,0,1,1.0,0.0,-1.0,1.0,160,10,128,2000,0,2000,20000
10,shuffle_1,1-0-2-4-3,no_replay,0,no_replay,PASS,0.0,0.0,2,2,0.994,0.0,-0.994,0.994,160,10,128,2000,0,2000,20000
10,shuffle_1,1-0-2-4-3,no_replay,0,no_replay,PASS,0.0,0.0,4,3,0.978,0.0,-0.978,0.978,160,10,128,2000,0,2000,20000
10,shuffle_1,1-0-2-4-3,no_replay,0,no_replay,PASS,0.0,0.0,3,4,0.993,0.993,0.0,0.0,160,10,128,2000,0,2000,20000
10,shuffle_1,1-0-2-4-3,experience_replay,100,er100,PASS,0.0,0.0,1,0,0.975,0.0,-0.975,0.975,160,10,128,2000,0,2000,20000
10,shuffle_1,1-0-2-4-3,experience_replay,100,er100,PASS,0.0,0.0,0,1,0.995,0.0,-0.995,0.995,170,10,128,2000,100,2100,21000
10,shuffle_1,1-0-2-4-3,experience_replay,100,er100,PASS,0.0,0.0,2,2,0.992,0.0,-0.992,0.992,170,10,128,2000,100,2100,21000
10,shuffle_1,1-0-2-4-3,experience_replay,100,er100,PASS,0.0,0.0,4,3,0.976,0.499,-0.477,0.477,170,10,128,2000,100,2100,21000
10,shuffle_1,1-0-2-4-3,experience_replay,100,er100,PASS,0.0,0.0,3,4,0.984,0.984,0.0,0.0,170,10,128,2000,100,2100,21000
10,shuffle_1,1-0-2-4-3,experience_replay,500,er500,PASS,0.0,0.0,1,0,0.975,0.0,-0.975,0.975,160,10,128,2000,0,2000,20000
10,shuffle_1,1-0-2-4-3,experience_replay,500,er500,PASS,0.0,0.0,0,1,0.995,0.6,-0.395,0.395,200,10,128,2000,500,2500,25000
10,shuffle_1,1-0-2-4-3,experience_replay,500,er500,PASS,0.0,0.0,2,2,0.985,0.806,-0.17899999999999994,0.17899999999999994,200,10,128,2000,500,2500,25000
10,shuffle_1,1-0-2-4-3,experience_replay,500,er500,PASS,0.0,0.0,4,3,0.953,0.896,-0.05699999999999994,0.05699999999999994,200,10,128,2000,500,2500,25000
10,shuffle_1,1-0-2-4-3,experience_replay,500,er500,PASS,0.0,0.0,3,4,0.976,0.976,0.0,0.0,200,10,128,2000,500,2500,25000
10,shuffle_1,1-0-2-4-3,ewc,0,ewc,PASS,100.0,100.0,1,0,0.975,0.0,-0.975,0.975,160,10,128,2000,0,2000,20000
10,shuffle_1,1-0-2-4-3,ewc,0,ewc,PASS,100.0,100.0,0,1,1.0,0.0,-1.0,1.0,160,10,128,2000,0,2000,20000
10,shuffle_1,1-0-2-4-3,ewc,0,ewc,PASS,100.0,100.0,2,2,0.995,0.0,-0.995,0.995,160,10,128,2000,0,2000,20000
10,shuffle_1,1-0-2-4-3,ewc,0,ewc,PASS,100.0,100.0,4,3,0.986,0.0,-0.986,0.986,160,10,128,2000,0,2000,20000
10,shuffle_1,1-0-2-4-3,ewc,0,ewc,PASS,100.0,100.0,3,4,0.996,0.996,0.0,0.0,160,10,128,2000,0,2000,20000
10,shuffle_2,2-3-0-4-1,no_replay,0,no_replay,PASS,0.0,0.0,2,0,0.993,0.0,-0.993,0.993,160,10,128,2000,0,2000,20000
10,shuffle_2,2-3-0-4-1,no_replay,0,no_replay,PASS,0.0,0.0,3,1,0.992,0.0,-0.992,0.992,160,10,128,2000,0,2000,20000
10,shuffle_2,2-3-0-4-1,no_replay,0,no_replay,PASS,0.0,0.0,0,2,0.999,0.0,-0.999,0.999,160,10,128,2000,0,2000,20000
10,shuffle_2,2-3-0-4-1,no_replay,0,no_replay,PASS,0.0,0.0,4,3,0.98,0.0,-0.98,0.98,160,10,128,2000,0,2000,20000
10,shuffle_2,2-3-0-4-1,no_replay,0,no_replay,PASS,0.0,0.0,1,4,0.969,0.969,0.0,0.0,160,10,128,2000,0,2000,20000
10,shuffle_2,2-3-0-4-1,experience_replay,100,er100,PASS,0.0,0.0,2,0,0.993,0.0,-0.993,0.993,160,10,128,2000,0,2000,20000
10,shuffle_2,2-3-0-4-1,experience_replay,100,er100,PASS,0.0,0.0,3,1,0.989,0.0,-0.989,0.989,170,10,128,2000,100,2100,21000
10,shuffle_2,2-3-0-4-1,experience_replay,100,er100,PASS,0.0,0.0,0,2,1.0,0.0,-1.0,1.0,170,10,128,2000,100,2100,21000
10,shuffle_2,2-3-0-4-1,experience_replay,100,er100,PASS,0.0,0.0,4,3,0.979,0.224,-0.755,0.755,170,10,128,2000,100,2100,21000
10,shuffle_2,2-3-0-4-1,experience_replay,100,er100,PASS,0.0,0.0,1,4,0.969,0.969,0.0,0.0,170,10,128,2000,100,2100,21000
10,shuffle_2,2-3-0-4-1,experience_replay,500,er500,PASS,0.0,0.0,2,0,0.993,0.0,-0.993,0.993,160,10,128,2000,0,2000,20000
10,shuffle_2,2-3-0-4-1,experience_replay,500,er500,PASS,0.0,0.0,3,1,0.977,0.295,-0.6819999999999999,0.6819999999999999,200,10,128,2000,500,2500,25000
10,shuffle_2,2-3-0-4-1,experience_replay,500,er500,PASS,0.0,0.0,0,2,0.996,0.89,-0.10599999999999998,0.10599999999999998,200,10,128,2000,500,2500,25000
10,shuffle_2,2-3-0-4-1,experience_replay,500,er500,PASS,0.0,0.0,4,3,0.97,0.885,-0.08499999999999996,0.08499999999999996,200,10,128,2000,500,2500,25000
10,shuffle_2,2-3-0-4-1,experience_replay,500,er500,PASS,0.0,0.0,1,4,0.965,0.965,0.0,0.0,200,10,128,2000,500,2500,25000
10,shuffle_2,2-3-0-4-1,ewc,0,ewc,PASS,100.0,100.0,2,0,0.993,0.0,-0.993,0.993,160,10,128,2000,0,2000,20000
10,shuffle_2,2-3-0-4-1,ewc,0,ewc,PASS,100.0,100.0,3,1,0.992,0.0,-0.992,0.992,160,10,128,2000,0,2000,20000
10,shuffle_2,2-3-0-4-1,ewc,0,ewc,PASS,100.0,100.0,0,2,0.999,0.0,-0.999,0.999,160,10,128,2000,0,2000,20000
10,shuffle_2,2-3-0-4-1,ewc,0,ewc,PASS,100.0,100.0,4,3,0.977,0.0,-0.977,0.977,160,10,128,2000,0,2000,20000
10,shuffle_2,2-3-0-4-1,ewc,0,ewc,PASS,100.0,100.0,1,4,0.972,0.972,0.0,0.0,160,10,128,2000,0,2000,20000
10,shuffle_3,1-2-0-3-4,no_replay,0,no_replay,PASS,0.0,0.0,1,0,0.982,0.0,-0.982,0.982,160,10,128,2000,0,2000,20000
10,shuffle_3,1-2-0-3-4,no_replay,0,no_replay,PASS,0.0,0.0,2,1,0.995,0.0,-0.995,0.995,160,10,128,2000,0,2000,20000
10,shuffle_3,1-2-0-3-4,no_replay,0,no_replay,PASS,0.0,0.0,0,2,0.999,0.0,-0.999,0.999,160,10,128,2000,0,2000,20000
10,shuffle_3,1-2-0-3-4,no_replay,0,no_replay,PASS,0.0,0.0,3,3,0.993,0.0,-0.993,0.993,160,10,128,2000,0,2000,20000
10,shuffle_3,1-2-0-3-4,no_replay,0,no_replay,PASS,0.0,0.0,4,4,0.978,0.978,0.0,0.0,160,10,128,2000,0,2000,20000
10,shuffle_3,1-2-0-3-4,experience_replay,100,er100,PASS,0.0,0.0,1,0,0.982,0.0,-0.982,0.982,160,10,128,2000,0,2000,20000
10,shuffle_3,1-2-0-3-4,experience_replay,100,er100,PASS,0.0,0.0,2,1,0.991,0.0,-0.991,0.991,170,10,128,2000,100,2100,21000
10,shuffle_3,1-2-0-3-4,experience_replay,100,er100,PASS,0.0,0.0,0,2,0.999,0.0,-0.999,0.999,170,10,128,2000,100,2100,21000
10,shuffle_3,1-2-0-3-4,experience_replay,100,er100,PASS,0.0,0.0,3,3,0.987,0.534,-0.45299999999999996,0.45299999999999996,170,10,128,2000,100,2100,21000
10,shuffle_3,1-2-0-3-4,experience_replay,100,er100,PASS,0.0,0.0,4,4,0.972,0.972,0.0,0.0,170,10,128,2000,100,2100,21000
10,shuffle_3,1-2-0-3-4,experience_replay,500,er500,PASS,0.0,0.0,1,0,0.982,0.0,-0.982,0.982,160,10,128,2000,0,2000,20000
10,shuffle_3,1-2-0-3-4,experience_replay,500,er500,PASS,0.0,0.0,2,1,0.985,0.005,-0.98,0.98,200,10,128,2000,500,2500,25000
10,shuffle_3,1-2-0-3-4,experience_replay,500,er500,PASS,0.0,0.0,0,2,0.994,0.882,-0.11199999999999999,0.11199999999999999,200,10,128,2000,500,2500,25000
10,shuffle_3,1-2-0-3-4,experience_replay,500,er500,PASS,0.0,0.0,3,3,0.985,0.896,-0.08899999999999997,0.08899999999999997,200,10,128,2000,500,2500,25000
10,shuffle_3,1-2-0-3-4,experience_replay,500,er500,PASS,0.0,0.0,4,4,0.975,0.975,0.0,0.0,200,10,128,2000,500,2500,25000
10,shuffle_3,1-2-0-3-4,ewc,0,ewc,PASS,100.0,100.0,1,0,0.982,0.0,-0.982,0.982,160,10,128,2000,0,2000,20000
10,shuffle_3,1-2-0-3-4,ewc,0,ewc,PASS,100.0,100.0,2,1,0.994,0.0,-0.994,0.994,160,10,128,2000,0,2000,20000
10,shuffle_3,1-2-0-3-4,ewc,0,ewc,PASS,100.0,100.0,0,2,0.999,0.0,-0.999,0.999,160,10,128,2000,0,2000,20000
10,shuffle_3,1-2-0-3-4,ewc,0,ewc,PASS,100.0,100.0,3,3,0.994,0.0,-0.994,0.994,160,10,128,2000,0,2000,20000
10,shuffle_3,1-2-0-3-4,ewc,0,ewc,PASS,100.0,100.0,4,4,0.988,0.988,0.0,0.0,160,10,128,2000,0,2000,20000
