seed,order_id,legacy_order_id,run_order_id,order,task_order,method,memory_budget,method_cell,status,ewc_lambda,selected_ewc_lambda,epochs,batch_size,matched_step_cap_per_task,effective_epoch_passes_per_task,optimizer_steps_total,optimizer_steps_per_task,optimizer_steps,processed_examples_total,processed_examples_per_task,processed_examples,fisher_method,fisher_sample_counts_per_anchor,A_after_mean,A_after_median,A_after_min,A_after_le_0_001_count,final_average_accuracy,average_forgetting,AF,elapsed_seconds,elapsed_time_seconds,device,train_cap_per_digit,test_cap_per_digit,result_kind,task_0_A_after,task_1_A_after,task_2_A_after,task_3_A_after,task_4_A_after,task_0_A_end,task_1_A_end,task_2_A_end,task_3_A_end,task_4_A_end,task_0_final_accuracy,task_1_final_accuracy,task_2_final_accuracy,task_3_final_accuracy,task_4_final_accuracy
1,perm_000,canonical,canonical,"[0,1,2,3,4]",0-1-2-3-4,experience_replay_compute_matched,500,er500_matched,PASS,0.0,0.0,10,128,160,10;8;8;8;8,800,160;160;160;160;160,800,100000,20000;20000;20000;20000;20000,100000,not_applicable,not_applicable,0.9783999999999999,0.977,0.966,0,0.4454000000000001,0.66625,0.66625,1.261,1.261,cuda:0,1000,500,compute_matched_er500,1.0,0.967,0.982,0.977,0.966,0.03,0.096,0.274,0.861,0.966,0.03,0.096,0.274,0.861,0.966
2,perm_000,canonical,canonical,"[0,1,2,3,4]",0-1-2-3-4,experience_replay_compute_matched,500,er500_matched,PASS,0.0,0.0,10,128,160,10;8;8;8;8,800,160;160;160;160;160,800,100000,20000;20000;20000;20000;20000,100000,not_applicable,not_applicable,0.9812,0.976,0.974,0,0.47800000000000004,0.629,0.629,1.233,1.233,cuda:0,1000,500,compute_matched_er500,0.999,0.974,0.983,0.974,0.976,0.191,0.107,0.214,0.902,0.976,0.191,0.107,0.214,0.902,0.976
3,perm_000,canonical,canonical,"[0,1,2,3,4]",0-1-2-3-4,experience_replay_compute_matched,500,er500_matched,PASS,0.0,0.0,10,128,160,10;8;8;8;8,800,160;160;160;160;160,800,100000,20000;20000;20000;20000;20000,100000,not_applicable,not_applicable,0.9812,0.981,0.969,0,0.3802,0.75125,0.75125,1.236,1.236,cuda:0,1000,500,compute_matched_er500,0.999,0.974,0.983,0.981,0.969,0.0,0.045,0.019,0.868,0.969,0.0,0.045,0.019,0.868,0.969
4,perm_000,canonical,canonical,"[0,1,2,3,4]",0-1-2-3-4,experience_replay_compute_matched,500,er500_matched,PASS,0.0,0.0,10,128,160,10;8;8;8;8,800,160;160;160;160;160,800,100000,20000;20000;20000;20000;20000,100000,not_applicable,not_applicable,0.9802,0.978,0.968,0,0.4636,0.64575,0.64575,1.252,1.252,cuda:0,1000,500,compute_matched_er500,0.999,0.97,0.986,0.978,0.968,0.036,0.092,0.316,0.906,0.968,0.036,0.092,0.316,0.906,0.968
5,perm_000,canonical,canonical,"[0,1,2,3,4]",0-1-2-3-4,experience_replay_compute_matched,500,er500_matched,PASS,0.0,0.0,10,128,160,10;8;8;8;8,800,160;160;160;160;160,800,100000,20000;20000;20000;20000;20000,100000,not_applicable,not_applicable,0.9808,0.985,0.96,0,0.6502000000000001,0.41325,0.41325,1.246,1.246,cuda:0,1000,500,compute_matched_er500,1.0,0.96,0.988,0.985,0.971,0.334,0.439,0.63,0.877,0.971,0.334,0.439,0.63,0.877,0.971
6,perm_000,canonical,canonical,"[0,1,2,3,4]",0-1-2-3-4,experience_replay_compute_matched,500,er500_matched,PASS,0.0,0.0,10,128,160,10;8;8;8;8,800,160;160;160;160;160,800,100000,20000;20000;20000;20000;20000,100000,not_applicable,not_applicable,0.9812,0.977,0.972,0,0.41400000000000003,0.7090000000000001,0.7090000000000001,1.304,1.304,cuda:0,1000,500,compute_matched_er500,0.999,0.972,0.984,0.977,0.974,0.0,0.081,0.115,0.9,0.974,0.0,0.081,0.115,0.9,0.974
7,perm_000,canonical,canonical,"[0,1,2,3,4]",0-1-2-3-4,experience_replay_compute_matched,500,er500_matched,PASS,0.0,0.0,10,128,160,10;8;8;8;8,800,160;160;160;160;160,800,100000,20000;20000;20000;20000;20000,100000,not_applicable,not_applicable,0.9802,0.975,0.97,0,0.5442,0.5449999999999999,0.5449999999999999,1.297,1.297,cuda:0,1000,500,compute_matched_er500,0.999,0.975,0.982,0.975,0.97,0.075,0.305,0.483,0.888,0.97,0.075,0.305,0.483,0.888,0.97
8,perm_000,canonical,canonical,"[0,1,2,3,4]",0-1-2-3-4,experience_replay_compute_matched,500,er500_matched,PASS,0.0,0.0,10,128,160,10;8;8;8;8,800,160;160;160;160;160,800,100000,20000;20000;20000;20000;20000,100000,not_applicable,not_applicable,0.9798,0.979,0.967,0,0.5247999999999999,0.5687499999999999,0.5687499999999999,1.322,1.322,cuda:0,1000,500,compute_matched_er500,0.999,0.967,0.984,0.979,0.97,0.0,0.155,0.615,0.884,0.97,0.0,0.155,0.615,0.884,0.97
9,perm_000,canonical,canonical,"[0,1,2,3,4]",0-1-2-3-4,experience_replay_compute_matched,500,er500_matched,PASS,0.0,0.0,10,128,160,10;8;8;8;8,800,160;160;160;160;160,800,100000,20000;20000;20000;20000;20000,100000,not_applicable,not_applicable,0.9802,0.976,0.971,0,0.5376000000000001,0.55325,0.55325,1.271,1.271,cuda:0,1000,500,compute_matched_er500,0.999,0.974,0.981,0.976,0.971,0.373,0.051,0.402,0.891,0.971,0.373,0.051,0.402,0.891,0.971
10,perm_000,canonical,canonical,"[0,1,2,3,4]",0-1-2-3-4,experience_replay_compute_matched,500,er500_matched,PASS,0.0,0.0,10,128,160,10;8;8;8;8,800,160;160;160;160;160,800,100000,20000;20000;20000;20000;20000,100000,not_applicable,not_applicable,0.9806000000000001,0.976,0.971,0,0.4692,0.63925,0.63925,1.266,1.266,cuda:0,1000,500,compute_matched_er500,0.999,0.972,0.985,0.971,0.976,0.188,0.24,0.051,0.891,0.976,0.188,0.24,0.051,0.891,0.976
1,perm_001,none,perm_001,"[0,1,2,4,3]",0-1-2-4-3,experience_replay_compute_matched,500,er500_matched,PASS,0.0,0.0,10,128,160,10;8;8;8;8,800,160;160;160;160;160,800,100000,20000;20000;20000;20000;20000,100000,not_applicable,not_applicable,0.9792,0.978,0.959,0,0.6338000000000001,0.43174999999999986,0.43174999999999986,1.281,1.281,cuda:0,1000,500,compute_matched_er500,0.999,0.978,0.986,0.974,0.959,0.325,0.271,0.686,0.974,0.913,0.325,0.271,0.686,0.974,0.913
2,perm_001,none,perm_001,"[0,1,2,4,3]",0-1-2-4-3,experience_replay_compute_matched,500,er500_matched,PASS,0.0,0.0,10,128,160,10;8;8;8;8,800,160;160;160;160;160,800,100000,20000;20000;20000;20000;20000,100000,not_applicable,not_applicable,0.9792,0.974,0.968,0,0.6794,0.3747499999999999,0.3747499999999999,1.279,1.279,cuda:0,1000,500,compute_matched_er500,0.999,0.971,0.984,0.974,0.968,0.241,0.502,0.764,0.974,0.916,0.241,0.502,0.764,0.974,0.916
3,perm_001,none,perm_001,"[0,1,2,4,3]",0-1-2-4-3,experience_replay_compute_matched,500,er500_matched,PASS,0.0,0.0,10,128,160,10;8;8;8;8,800,160;160;160;160;160,800,100000,20000;20000;20000;20000;20000,100000,not_applicable,not_applicable,0.9767999999999999,0.974,0.957,0,0.5913999999999999,0.48175,0.48175,1.254,1.254,cuda:0,1000,500,compute_matched_er500,0.999,0.973,0.981,0.974,0.957,0.191,0.228,0.699,0.974,0.865,0.191,0.228,0.699,0.974,0.865
4,perm_001,none,perm_001,"[0,1,2,4,3]",0-1-2-4-3,experience_replay_compute_matched,500,er500_matched,PASS,0.0,0.0,10,128,160,10;8;8;8;8,800,160;160;160;160;160,800,100000,20000;20000;20000;20000;20000,100000,not_applicable,not_applicable,0.9788,0.976,0.959,0,0.5671999999999999,0.5145,0.5145,1.247,1.247,cuda:0,1000,500,compute_matched_er500,0.999,0.976,0.986,0.974,0.959,0.034,0.177,0.751,0.974,0.9,0.034,0.177,0.751,0.974,0.9
5,perm_001,none,perm_001,"[0,1,2,4,3]",0-1-2-4-3,experience_replay_compute_matched,500,er500_matched,PASS,0.0,0.0,10,128,160,10;8;8;8;8,800,160;160;160;160;160,800,100000,20000;20000;20000;20000;20000,100000,not_applicable,not_applicable,0.9794,0.981,0.967,0,0.5886,0.4885,0.4885,1.249,1.249,cuda:0,1000,500,compute_matched_er500,0.999,0.968,0.981,0.982,0.967,0.127,0.167,0.767,0.982,0.9,0.127,0.167,0.767,0.982,0.9
6,perm_001,none,perm_001,"[0,1,2,4,3]",0-1-2-4-3,experience_replay_compute_matched,500,er500_matched,PASS,0.0,0.0,10,128,160,10;8;8;8;8,800,160;160;160;160;160,800,100000,20000;20000;20000;20000;20000,100000,not_applicable,not_applicable,0.9776,0.974,0.955,0,0.542,0.5445,0.5445,1.251,1.251,cuda:0,1000,500,compute_matched_er500,0.999,0.974,0.988,0.972,0.955,0.0,0.225,0.646,0.972,0.867,0.0,0.225,0.646,0.972,0.867
7,perm_001,none,perm_001,"[0,1,2,4,3]",0-1-2-4-3,experience_replay_compute_matched,500,er500_matched,PASS,0.0,0.0,10,128,160,10;8;8;8;8,800,160;160;160;160;160,800,100000,20000;20000;20000;20000;20000,100000,not_applicable,not_applicable,0.9784,0.977,0.959,0,0.585,0.49175,0.49175,1.262,1.262,cuda:0,1000,500,compute_matched_er500,0.999,0.974,0.983,0.977,0.959,0.02,0.3,0.733,0.977,0.895,0.02,0.3,0.733,0.977,0.895
8,perm_001,none,perm_001,"[0,1,2,4,3]",0-1-2-4-3,experience_replay_compute_matched,500,er500_matched,PASS,0.0,0.0,10,128,160,10;8;8;8;8,800,160;160;160;160;160,800,100000,20000;20000;20000;20000;20000,100000,not_applicable,not_applicable,0.9808,0.977,0.968,0,0.604,0.471,0.471,1.25,1.25,cuda:0,1000,500,compute_matched_er500,0.999,0.974,0.986,0.977,0.968,0.0,0.368,0.769,0.977,0.906,0.0,0.368,0.769,0.977,0.906
9,perm_001,none,perm_001,"[0,1,2,4,3]",0-1-2-4-3,experience_replay_compute_matched,500,er500_matched,PASS,0.0,0.0,10,128,160,10;8;8;8;8,800,160;160;160;160;160,800,100000,20000;20000;20000;20000;20000,100000,not_applicable,not_applicable,0.9754000000000002,0.972,0.954,0,0.5432,0.5402499999999999,0.5402499999999999,1.27,1.27,cuda:0,1000,500,compute_matched_er500,0.999,0.972,0.983,0.969,0.954,0.092,0.012,0.752,0.969,0.891,0.092,0.012,0.752,0.969,0.891
10,perm_001,none,perm_001,"[0,1,2,4,3]",0-1-2-4-3,experience_replay_compute_matched,500,er500_matched,PASS,0.0,0.0,10,128,160,10;8;8;8;8,800,160;160;160;160;160,800,100000,20000;20000;20000;20000;20000,100000,not_applicable,not_applicable,0.9768000000000001,0.973,0.958,0,0.6466000000000001,0.41275000000000006,0.41275000000000006,1.269,1.269,cuda:0,1000,500,compute_matched_er500,0.999,0.973,0.986,0.968,0.958,0.123,0.475,0.773,0.968,0.894,0.123,0.475,0.773,0.968,0.894
1,perm_002,none,perm_002,"[0,1,3,2,4]",0-1-3-2-4,experience_replay_compute_matched,500,er500_matched,PASS,0.0,0.0,10,128,160,10;8;8;8;8,800,160;160;160;160;160,800,100000,20000;20000;20000;20000;20000,100000,not_applicable,not_applicable,0.9767999999999999,0.977,0.955,0,0.4984,0.598,0.598,1.263,1.263,cuda:0,1000,500,compute_matched_er500,0.999,0.974,0.977,0.979,0.955,0.0,0.27,0.731,0.536,0.955,0.0,0.27,0.731,0.536,0.955
2,perm_002,none,perm_002,"[0,1,3,2,4]",0-1-3-2-4,experience_replay_compute_matched,500,er500_matched,PASS,0.0,0.0,10,128,160,10;8;8;8;8,800,160;160;160;160;160,800,100000,20000;20000;20000;20000;20000,100000,not_applicable,not_applicable,0.9802,0.984,0.957,0,0.504,0.5952500000000001,0.5952500000000001,1.264,1.264,cuda:0,1000,500,compute_matched_er500,0.999,0.977,0.984,0.984,0.957,0.166,0.085,0.853,0.459,0.957,0.166,0.085,0.853,0.459,0.957
3,perm_002,none,perm_002,"[0,1,3,2,4]",0-1-3-2-4,experience_replay_compute_matched,500,er500_matched,PASS,0.0,0.0,10,128,160,10;8;8;8;8,800,160;160;160;160;160,800,100000,20000;20000;20000;20000;20000,100000,not_applicable,not_applicable,0.9767999999999999,0.98,0.957,0,0.5194,0.57175,0.57175,1.29,1.29,cuda:0,1000,500,compute_matched_er500,0.999,0.966,0.982,0.98,0.957,0.004,0.138,0.838,0.66,0.957,0.004,0.138,0.838,0.66,0.957
4,perm_002,none,perm_002,"[0,1,3,2,4]",0-1-3-2-4,experience_replay_compute_matched,500,er500_matched,PASS,0.0,0.0,10,128,160,10;8;8;8;8,800,160;160;160;160;160,800,100000,20000;20000;20000;20000;20000,100000,not_applicable,not_applicable,0.9756,0.979,0.947,0,0.5294000000000001,0.55775,0.55775,1.278,1.278,cuda:0,1000,500,compute_matched_er500,0.999,0.972,0.979,0.981,0.947,0.0,0.044,0.899,0.757,0.947,0.0,0.044,0.899,0.757,0.947
5,perm_002,none,perm_002,"[0,1,3,2,4]",0-1-3-2-4,experience_replay_compute_matched,500,er500_matched,PASS,0.0,0.0,10,128,160,10;8;8;8;8,800,160;160;160;160;160,800,100000,20000;20000;20000;20000;20000,100000,not_applicable,not_applicable,0.9771999999999998,0.98,0.956,0,0.5167999999999999,0.5754999999999999,0.5754999999999999,1.3,1.3,cuda:0,1000,500,compute_matched_er500,0.999,0.969,0.982,0.98,0.956,0.0,0.08,0.82,0.728,0.956,0.0,0.08,0.82,0.728,0.956
6,perm_002,none,perm_002,"[0,1,3,2,4]",0-1-3-2-4,experience_replay_compute_matched,500,er500_matched,PASS,0.0,0.0,10,128,160,10;8;8;8;8,800,160;160;160;160;160,800,100000,20000;20000;20000;20000;20000,100000,not_applicable,not_applicable,0.9787999999999999,0.976,0.963,0,0.5836,0.49400000000000005,0.49400000000000005,1.297,1.297,cuda:0,1000,500,compute_matched_er500,0.999,0.971,0.985,0.976,0.963,0.081,0.273,0.873,0.728,0.963,0.081,0.273,0.873,0.728,0.963
7,perm_002,none,perm_002,"[0,1,3,2,4]",0-1-3-2-4,experience_replay_compute_matched,500,er500_matched,PASS,0.0,0.0,10,128,160,10;8;8;8;8,800,160;160;160;160;160,800,100000,20000;20000;20000;20000;20000,100000,not_applicable,not_applicable,0.9757999999999999,0.977,0.959,0,0.532,0.5547500000000001,0.5547500000000001,1.289,1.289,cuda:0,1000,500,compute_matched_er500,1.0,0.965,0.978,0.977,0.959,0.029,0.082,0.862,0.728,0.959,0.029,0.082,0.862,0.728,0.959
8,perm_002,none,perm_002,"[0,1,3,2,4]",0-1-3-2-4,experience_replay_compute_matched,500,er500_matched,PASS,0.0,0.0,10,128,160,10;8;8;8;8,800,160;160;160;160;160,800,100000,20000;20000;20000;20000;20000,100000,not_applicable,not_applicable,0.975,0.979,0.949,0,0.493,0.6025,0.6025,1.289,1.289,cuda:0,1000,500,compute_matched_er500,0.999,0.966,0.979,0.982,0.949,0.03,0.02,0.811,0.655,0.949,0.03,0.02,0.811,0.655,0.949
9,perm_002,none,perm_002,"[0,1,3,2,4]",0-1-3-2-4,experience_replay_compute_matched,500,er500_matched,PASS,0.0,0.0,10,128,160,10;8;8;8;8,800,160;160;160;160;160,800,100000,20000;20000;20000;20000;20000,100000,not_applicable,not_applicable,0.9777999999999999,0.974,0.963,0,0.4702,0.6345000000000001,0.6345000000000001,1.277,1.277,cuda:0,1000,500,compute_matched_er500,0.999,0.974,0.98,0.973,0.963,0.081,0.135,0.703,0.469,0.963,0.081,0.135,0.703,0.469,0.963
10,perm_002,none,perm_002,"[0,1,3,2,4]",0-1-3-2-4,experience_replay_compute_matched,500,er500_matched,PASS,0.0,0.0,10,128,160,10;8;8;8;8,800,160;160;160;160;160,800,100000,20000;20000;20000;20000;20000,100000,not_applicable,not_applicable,0.9785999999999999,0.976,0.964,0,0.5468,0.53975,0.53975,1.316,1.316,cuda:0,1000,500,compute_matched_er500,1.0,0.969,0.984,0.976,0.964,0.075,0.197,0.849,0.649,0.964,0.075,0.197,0.849,0.649,0.964
1,perm_003,none,perm_003,"[0,1,3,4,2]",0-1-3-4-2,experience_replay_compute_matched,500,er500_matched,PASS,0.0,0.0,10,128,160,10;8;8;8;8,800,160;160;160;160;160,800,100000,20000;20000;20000;20000;20000,100000,not_applicable,not_applicable,0.982,0.979,0.969,0,0.5738,0.51025,0.51025,1.293,1.293,cuda:0,1000,500,compute_matched_er500,0.999,0.969,0.987,0.976,0.979,0.057,0.323,0.987,0.659,0.843,0.057,0.323,0.987,0.659,0.843
2,perm_003,none,perm_003,"[0,1,3,4,2]",0-1-3-4-2,experience_replay_compute_matched,500,er500_matched,PASS,0.0,0.0,10,128,160,10;8;8;8;8,800,160;160;160;160;160,800,100000,20000;20000;20000;20000;20000,100000,not_applicable,not_applicable,0.9793999999999998,0.975,0.97,0,0.6496,0.41225,0.41225,1.294,1.294,cuda:0,1000,500,compute_matched_er500,0.999,0.97,0.975,0.979,0.974,0.368,0.303,0.975,0.767,0.835,0.368,0.303,0.975,0.767,0.835
3,perm_003,none,perm_003,"[0,1,3,4,2]",0-1-3-4-2,experience_replay_compute_matched,500,er500_matched,PASS,0.0,0.0,10,128,160,10;8;8;8;8,800,160;160;160;160;160,800,100000,20000;20000;20000;20000;20000,100000,not_applicable,not_applicable,0.9806000000000001,0.977,0.963,0,0.6365999999999999,0.42999999999999994,0.42999999999999994,1.312,1.312,cuda:0,1000,500,compute_matched_er500,0.999,0.963,0.989,0.977,0.975,0.397,0.301,0.989,0.703,0.793,0.397,0.301,0.989,0.703,0.793
4,perm_003,none,perm_003,"[0,1,3,4,2]",0-1-3-4-2,experience_replay_compute_matched,500,er500_matched,PASS,0.0,0.0,10,128,160,10;8;8;8;8,800,160;160;160;160;160,800,100000,20000;20000;20000;20000;20000,100000,not_applicable,not_applicable,0.9782,0.974,0.972,0,0.6096,0.46075,0.46075,1.296,1.296,cuda:0,1000,500,compute_matched_er500,0.999,0.972,0.972,0.974,0.974,0.279,0.214,0.972,0.77,0.813,0.279,0.214,0.972,0.77,0.813
5,perm_003,none,perm_003,"[0,1,3,4,2]",0-1-3-4-2,experience_replay_compute_matched,500,er500_matched,PASS,0.0,0.0,10,128,160,10;8;8;8;8,800,160;160;160;160;160,800,100000,20000;20000;20000;20000;20000,100000,not_applicable,not_applicable,0.9785999999999999,0.975,0.968,0,0.558,0.52575,0.52575,1.285,1.285,cuda:0,1000,500,compute_matched_er500,0.999,0.968,0.979,0.975,0.972,0.226,0.001,0.979,0.768,0.816,0.226,0.001,0.979,0.768,0.816
6,perm_003,none,perm_003,"[0,1,3,4,2]",0-1-3-4-2,experience_replay_compute_matched,500,er500_matched,PASS,0.0,0.0,10,128,160,10;8;8;8;8,800,160;160;160;160;160,800,100000,20000;20000;20000;20000;20000,100000,not_applicable,not_applicable,0.9799999999999999,0.976,0.97,0,0.6232,0.446,0.446,1.276,1.276,cuda:0,1000,500,compute_matched_er500,0.999,0.97,0.979,0.976,0.976,0.276,0.273,0.979,0.751,0.837,0.276,0.273,0.979,0.751,0.837
7,perm_003,none,perm_003,"[0,1,3,4,2]",0-1-3-4-2,experience_replay_compute_matched,500,er500_matched,PASS,0.0,0.0,10,128,160,10;8;8;8;8,800,160;160;160;160;160,800,100000,20000;20000;20000;20000;20000,100000,not_applicable,not_applicable,0.9788,0.98,0.963,0,0.6502000000000001,0.41074999999999995,0.41074999999999995,1.28,1.28,cuda:0,1000,500,compute_matched_er500,1.0,0.963,0.98,0.98,0.971,0.203,0.487,0.98,0.804,0.777,0.203,0.487,0.98,0.804,0.777
8,perm_003,none,perm_003,"[0,1,3,4,2]",0-1-3-4-2,experience_replay_compute_matched,500,er500_matched,PASS,0.0,0.0,10,128,160,10;8;8;8;8,800,160;160;160;160;160,800,100000,20000;20000;20000;20000;20000,100000,not_applicable,not_applicable,0.9806000000000001,0.976,0.969,0,0.5506,0.5375,0.5375,1.28,1.28,cuda:0,1000,500,compute_matched_er500,0.999,0.969,0.984,0.976,0.975,0.005,0.158,0.984,0.781,0.825,0.005,0.158,0.984,0.781,0.825
9,perm_003,none,perm_003,"[0,1,3,4,2]",0-1-3-4-2,experience_replay_compute_matched,500,er500_matched,PASS,0.0,0.0,10,128,160,10;8;8;8;8,800,160;160;160;160;160,800,100000,20000;20000;20000;20000;20000,100000,not_applicable,not_applicable,0.9783999999999999,0.976,0.97,0,0.5822,0.49524999999999997,0.49524999999999997,1.32,1.32,cuda:0,1000,500,compute_matched_er500,0.999,0.971,0.976,0.976,0.97,0.023,0.376,0.976,0.722,0.814,0.023,0.376,0.976,0.722,0.814
10,perm_003,none,perm_003,"[0,1,3,4,2]",0-1-3-4-2,experience_replay_compute_matched,500,er500_matched,PASS,0.0,0.0,10,128,160,10;8;8;8;8,800,160;160;160;160;160,800,100000,20000;20000;20000;20000;20000,100000,not_applicable,not_applicable,0.978,0.98,0.962,0,0.5631999999999999,0.5185,0.5185,1.27,1.27,cuda:0,1000,500,compute_matched_er500,0.999,0.962,0.98,0.98,0.969,0.05,0.166,0.98,0.768,0.852,0.05,0.166,0.98,0.768,0.852
1,perm_004,none,perm_004,"[0,1,4,2,3]",0-1-4-2-3,experience_replay_compute_matched,500,er500_matched,PASS,0.0,0.0,10,128,160,10;8;8;8;8,800,160;160;160;160;160,800,100000,20000;20000;20000;20000;20000,100000,not_applicable,not_applicable,0.9823999999999999,0.983,0.972,0,0.5194000000000001,0.57875,0.57875,1.3,1.3,cuda:0,1000,500,compute_matched_er500,0.999,0.974,0.984,0.983,0.972,0.097,0.261,0.935,0.983,0.321,0.097,0.261,0.935,0.983,0.321
2,perm_004,none,perm_004,"[0,1,4,2,3]",0-1-4-2-3,experience_replay_compute_matched,500,er500_matched,PASS,0.0,0.0,10,128,160,10;8;8;8;8,800,160;160;160;160;160,800,100000,20000;20000;20000;20000;20000,100000,not_applicable,not_applicable,0.9815999999999999,0.983,0.967,0,0.5186,0.5787499999999999,0.5787499999999999,1.291,1.291,cuda:0,1000,500,compute_matched_er500,1.0,0.974,0.984,0.983,0.967,0.132,0.058,0.929,0.983,0.491,0.132,0.058,0.929,0.983,0.491
3,perm_004,none,perm_004,"[0,1,4,2,3]",0-1-4-2-3,experience_replay_compute_matched,500,er500_matched,PASS,0.0,0.0,10,128,160,10;8;8;8;8,800,160;160;160;160;160,800,100000,20000;20000;20000;20000;20000,100000,not_applicable,not_applicable,0.9785999999999999,0.973,0.97,0,0.5134000000000001,0.5814999999999999,0.5814999999999999,1.274,1.274,cuda:0,1000,500,compute_matched_er500,0.999,0.97,0.97,0.981,0.973,0.0,0.108,0.929,0.981,0.549,0.0,0.108,0.929,0.981,0.549
4,perm_004,none,perm_004,"[0,1,4,2,3]",0-1-4-2-3,experience_replay_compute_matched,500,er500_matched,PASS,0.0,0.0,10,128,160,10;8;8;8;8,800,160;160;160;160;160,800,100000,20000;20000;20000;20000;20000,100000,not_applicable,not_applicable,0.9808,0.981,0.968,0,0.5964,0.4804999999999999,0.4804999999999999,1.262,1.262,cuda:0,1000,500,compute_matched_er500,0.999,0.968,0.984,0.981,0.972,0.224,0.197,0.935,0.981,0.645,0.224,0.197,0.935,0.981,0.645
5,perm_004,none,perm_004,"[0,1,4,2,3]",0-1-4-2-3,experience_replay_compute_matched,500,er500_matched,PASS,0.0,0.0,10,128,160,10;8;8;8;8,800,160;160;160;160;160,800,100000,20000;20000;20000;20000;20000,100000,not_applicable,not_applicable,0.9818,0.982,0.966,0,0.6154,0.45799999999999996,0.45799999999999996,1.272,1.272,cuda:0,1000,500,compute_matched_er500,0.999,0.966,0.982,0.985,0.977,0.098,0.338,0.935,0.985,0.721,0.098,0.338,0.935,0.985,0.721
6,perm_004,none,perm_004,"[0,1,4,2,3]",0-1-4-2-3,experience_replay_compute_matched,500,er500_matched,PASS,0.0,0.0,10,128,160,10;8;8;8;8,800,160;160;160;160;160,800,100000,20000;20000;20000;20000;20000,100000,not_applicable,not_applicable,0.9809999999999999,0.986,0.957,0,0.5162000000000001,0.581,0.581,1.264,1.264,cuda:0,1000,500,compute_matched_er500,0.999,0.975,0.986,0.988,0.957,0.002,0.117,0.939,0.988,0.535,0.002,0.117,0.939,0.988,0.535
7,perm_004,none,perm_004,"[0,1,4,2,3]",0-1-4-2-3,experience_replay_compute_matched,500,er500_matched,PASS,0.0,0.0,10,128,160,10;8;8;8;8,800,160;160;160;160;160,800,100000,20000;20000;20000;20000;20000,100000,not_applicable,not_applicable,0.9791999999999998,0.974,0.969,0,0.5102,0.5862499999999999,0.5862499999999999,1.284,1.284,cuda:0,1000,500,compute_matched_er500,1.0,0.969,0.973,0.98,0.974,0.051,0.14,0.928,0.98,0.452,0.051,0.14,0.928,0.98,0.452
8,perm_004,none,perm_004,"[0,1,4,2,3]",0-1-4-2-3,experience_replay_compute_matched,500,er500_matched,PASS,0.0,0.0,10,128,160,10;8;8;8;8,800,160;160;160;160;160,800,100000,20000;20000;20000;20000;20000,100000,not_applicable,not_applicable,0.9799999999999999,0.975,0.969,0,0.45840000000000003,0.6519999999999999,0.6519999999999999,1.264,1.264,cuda:0,1000,500,compute_matched_er500,0.999,0.969,0.974,0.983,0.975,0.03,0.0,0.925,0.983,0.354,0.03,0.0,0.925,0.983,0.354
9,perm_004,none,perm_004,"[0,1,4,2,3]",0-1-4-2-3,experience_replay_compute_matched,500,er500_matched,PASS,0.0,0.0,10,128,160,10;8;8;8;8,800,160;160;160;160;160,800,100000,20000;20000;20000;20000;20000,100000,not_applicable,not_applicable,0.9827999999999999,0.983,0.971,0,0.6188,0.45499999999999996,0.45499999999999996,1.265,1.265,cuda:0,1000,500,compute_matched_er500,0.999,0.977,0.984,0.983,0.971,0.194,0.445,0.94,0.983,0.532,0.194,0.445,0.94,0.983,0.532
10,perm_004,none,perm_004,"[0,1,4,2,3]",0-1-4-2-3,experience_replay_compute_matched,500,er500_matched,PASS,0.0,0.0,10,128,160,10;8;8;8;8,800,160;160;160;160;160,800,100000,20000;20000;20000;20000;20000,100000,not_applicable,not_applicable,0.9818,0.985,0.966,0,0.5728,0.5112499999999999,0.5112499999999999,1.259,1.259,cuda:0,1000,500,compute_matched_er500,1.0,0.972,0.985,0.986,0.966,0.001,0.34,0.915,0.986,0.622,0.001,0.34,0.915,0.986,0.622
1,perm_005,none,perm_005,"[0,1,4,3,2]",0-1-4-3-2,experience_replay_compute_matched,500,er500_matched,PASS,0.0,0.0,10,128,160,10;8;8;8;8,800,160;160;160;160;160,800,100000,20000;20000;20000;20000;20000,100000,not_applicable,not_applicable,0.9795999999999999,0.975,0.972,0,0.5534,0.53275,0.53275,1.264,1.264,cuda:0,1000,500,compute_matched_er500,0.999,0.974,0.975,0.978,0.972,0.148,0.344,0.975,0.929,0.371,0.148,0.344,0.975,0.929,0.371
2,perm_005,none,perm_005,"[0,1,4,3,2]",0-1-4-3-2,experience_replay_compute_matched,500,er500_matched,PASS,0.0,0.0,10,128,160,10;8;8;8;8,800,160;160;160;160;160,800,100000,20000;20000;20000;20000;20000,100000,not_applicable,not_applicable,0.9804,0.975,0.971,0,0.5694000000000001,0.5137499999999999,0.5137499999999999,1.32,1.32,cuda:0,1000,500,compute_matched_er500,0.999,0.975,0.983,0.971,0.974,0.316,0.347,0.983,0.921,0.28,0.316,0.347,0.983,0.921,0.28
3,perm_005,none,perm_005,"[0,1,4,3,2]",0-1-4-3-2,experience_replay_compute_matched,500,er500_matched,PASS,0.0,0.0,10,128,160,10;8;8;8;8,800,160;160;160;160;160,800,100000,20000;20000;20000;20000;20000,100000,not_applicable,not_applicable,0.9798,0.977,0.965,0,0.45719999999999994,0.6532499999999999,0.6532499999999999,1.308,1.308,cuda:0,1000,500,compute_matched_er500,0.999,0.965,0.982,0.977,0.976,0.054,0.086,0.982,0.924,0.24,0.054,0.086,0.982,0.924,0.24
4,perm_005,none,perm_005,"[0,1,4,3,2]",0-1-4-3-2,experience_replay_compute_matched,500,er500_matched,PASS,0.0,0.0,10,128,160,10;8;8;8;8,800,160;160;160;160;160,800,100000,20000;20000;20000;20000;20000,100000,not_applicable,not_applicable,0.9782,0.975,0.966,0,0.587,0.489,0.489,1.315,1.315,cuda:0,1000,500,compute_matched_er500,0.999,0.966,0.98,0.975,0.971,0.33,0.301,0.98,0.913,0.411,0.33,0.301,0.98,0.913,0.411
5,perm_005,none,perm_005,"[0,1,4,3,2]",0-1-4-3-2,experience_replay_compute_matched,500,er500_matched,PASS,0.0,0.0,10,128,160,10;8;8;8;8,800,160;160;160;160;160,800,100000,20000;20000;20000;20000;20000,100000,not_applicable,not_applicable,0.9818000000000001,0.983,0.971,0,0.6192,0.45324999999999993,0.45324999999999993,1.317,1.317,cuda:0,1000,500,compute_matched_er500,0.999,0.972,0.984,0.983,0.971,0.389,0.56,0.984,0.896,0.267,0.389,0.56,0.984,0.896,0.267
6,perm_005,none,perm_005,"[0,1,4,3,2]",0-1-4-3-2,experience_replay_compute_matched,500,er500_matched,PASS,0.0,0.0,10,128,160,10;8;8;8;8,800,160;160;160;160;160,800,100000,20000;20000;20000;20000;20000,100000,not_applicable,not_applicable,0.976,0.972,0.963,0,0.5868,0.48649999999999993,0.48649999999999993,1.288,1.288,cuda:0,1000,500,compute_matched_er500,0.999,0.963,0.982,0.964,0.972,0.336,0.303,0.982,0.894,0.419,0.336,0.303,0.982,0.894,0.419
7,perm_005,none,perm_005,"[0,1,4,3,2]",0-1-4-3-2,experience_replay_compute_matched,500,er500_matched,PASS,0.0,0.0,10,128,160,10;8;8;8;8,800,160;160;160;160;160,800,100000,20000;20000;20000;20000;20000,100000,not_applicable,not_applicable,0.9783999999999999,0.973,0.973,0,0.562,0.5205,0.5205,1.265,1.265,cuda:0,1000,500,compute_matched_er500,0.999,0.974,0.973,0.973,0.973,0.2,0.348,0.973,0.923,0.366,0.2,0.348,0.973,0.923,0.366
8,perm_005,none,perm_005,"[0,1,4,3,2]",0-1-4-3-2,experience_replay_compute_matched,500,er500_matched,PASS,0.0,0.0,10,128,160,10;8;8;8;8,800,160;160;160;160;160,800,100000,20000;20000;20000;20000;20000,100000,not_applicable,not_applicable,0.9783999999999999,0.976,0.965,0,0.472,0.633,0.633,1.295,1.295,cuda:0,1000,500,compute_matched_er500,0.999,0.965,0.983,0.976,0.969,0.161,0.138,0.983,0.927,0.151,0.161,0.138,0.983,0.927,0.151
9,perm_005,none,perm_005,"[0,1,4,3,2]",0-1-4-3-2,experience_replay_compute_matched,500,er500_matched,PASS,0.0,0.0,10,128,160,10;8;8;8;8,800,160;160;160;160;160,800,100000,20000;20000;20000;20000;20000,100000,not_applicable,not_applicable,0.9806000000000001,0.978,0.967,0,0.5342,0.5579999999999999,0.5579999999999999,1.299,1.299,cuda:0,1000,500,compute_matched_er500,0.999,0.967,0.977,0.978,0.982,0.286,0.272,0.977,0.915,0.221,0.286,0.272,0.977,0.915,0.221
10,perm_005,none,perm_005,"[0,1,4,3,2]",0-1-4-3-2,experience_replay_compute_matched,500,er500_matched,PASS,0.0,0.0,10,128,160,10;8;8;8;8,800,160;160;160;160;160,800,100000,20000;20000;20000;20000;20000,100000,not_applicable,not_applicable,0.9794,0.977,0.969,0,0.615,0.45549999999999996,0.45549999999999996,1.316,1.316,cuda:0,1000,500,compute_matched_er500,0.999,0.969,0.981,0.971,0.977,0.375,0.389,0.981,0.908,0.422,0.375,0.389,0.981,0.908,0.422
1,perm_006,none,perm_006,"[0,2,1,3,4]",0-2-1-3-4,experience_replay_compute_matched,500,er500_matched,PASS,0.0,0.0,10,128,160,10;8;8;8;8,800,160;160;160;160;160,800,100000,20000;20000;20000;20000;20000,100000,not_applicable,not_applicable,0.9814,0.978,0.965,0,0.523,0.573,0.573,1.34,1.34,cuda:0,1000,500,compute_matched_er500,0.999,0.965,0.991,0.978,0.974,0.0,0.705,0.046,0.89,0.974,0.0,0.705,0.046,0.89,0.974
2,perm_006,none,perm_006,"[0,2,1,3,4]",0-2-1-3-4,experience_replay_compute_matched,500,er500_matched,PASS,0.0,0.0,10,128,160,10;8;8;8;8,800,160;160;160;160;160,800,100000,20000;20000;20000;20000;20000,100000,not_applicable,not_applicable,0.9809999999999999,0.979,0.962,0,0.5108,0.58775,0.58775,1.302,1.302,cuda:0,1000,500,compute_matched_er500,1.0,0.962,0.992,0.979,0.972,0.004,0.663,0.033,0.882,0.972,0.004,0.663,0.033,0.882,0.972
3,perm_006,none,perm_006,"[0,2,1,3,4]",0-2-1-3-4,experience_replay_compute_matched,500,er500_matched,PASS,0.0,0.0,10,128,160,10;8;8;8;8,800,160;160;160;160;160,800,100000,20000;20000;20000;20000;20000,100000,not_applicable,not_applicable,0.9802,0.98,0.962,0,0.4866,0.617,0.617,1.319,1.319,cuda:0,1000,500,compute_matched_er500,0.999,0.962,0.987,0.98,0.973,0.0,0.537,0.003,0.92,0.973,0.0,0.537,0.003,0.92,0.973
4,perm_006,none,perm_006,"[0,2,1,3,4]",0-2-1-3-4,experience_replay_compute_matched,500,er500_matched,PASS,0.0,0.0,10,128,160,10;8;8;8;8,800,160;160;160;160;160,800,100000,20000;20000;20000;20000;20000,100000,not_applicable,not_applicable,0.9847999999999999,0.983,0.974,0,0.5374000000000001,0.55925,0.55925,1.253,1.253,cuda:0,1000,500,compute_matched_er500,0.999,0.978,0.99,0.983,0.974,0.009,0.731,0.055,0.918,0.974,0.009,0.731,0.055,0.918,0.974
5,perm_006,none,perm_006,"[0,2,1,3,4]",0-2-1-3-4,experience_replay_compute_matched,500,er500_matched,PASS,0.0,0.0,10,128,160,10;8;8;8;8,800,160;160;160;160;160,800,100000,20000;20000;20000;20000;20000,100000,not_applicable,not_applicable,0.9822000000000001,0.983,0.962,0,0.5414000000000001,0.551,0.551,1.262,1.262,cuda:0,1000,500,compute_matched_er500,0.999,0.962,0.992,0.983,0.975,0.192,0.624,0.017,0.899,0.975,0.192,0.624,0.017,0.899,0.975
6,perm_006,none,perm_006,"[0,2,1,3,4]",0-2-1-3-4,experience_replay_compute_matched,500,er500_matched,PASS,0.0,0.0,10,128,160,10;8;8;8;8,800,160;160;160;160;160,800,100000,20000;20000;20000;20000;20000,100000,not_applicable,not_applicable,0.9808,0.977,0.964,0,0.5056,0.594,0.594,1.237,1.237,cuda:0,1000,500,compute_matched_er500,1.0,0.964,0.988,0.977,0.975,0.0,0.686,0.0,0.867,0.975,0.0,0.686,0.0,0.867,0.975
7,perm_006,none,perm_006,"[0,2,1,3,4]",0-2-1-3-4,experience_replay_compute_matched,500,er500_matched,PASS,0.0,0.0,10,128,160,10;8;8;8;8,800,160;160;160;160;160,800,100000,20000;20000;20000;20000;20000,100000,not_applicable,not_applicable,0.9846,0.982,0.969,0,0.537,0.5595,0.5595,1.234,1.234,cuda:0,1000,500,compute_matched_er500,0.999,0.969,0.992,0.982,0.981,0.066,0.757,0.0,0.881,0.981,0.066,0.757,0.0,0.881,0.981
8,perm_006,none,perm_006,"[0,2,1,3,4]",0-2-1-3-4,experience_replay_compute_matched,500,er500_matched,PASS,0.0,0.0,10,128,160,10;8;8;8;8,800,160;160;160;160;160,800,100000,20000;20000;20000;20000;20000,100000,not_applicable,not_applicable,0.9804,0.978,0.963,0,0.516,0.5804999999999999,0.5804999999999999,1.248,1.248,cuda:0,1000,500,compute_matched_er500,0.999,0.963,0.991,0.978,0.971,0.049,0.682,0.005,0.873,0.971,0.049,0.682,0.005,0.873,0.971
9,perm_006,none,perm_006,"[0,2,1,3,4]",0-2-1-3-4,experience_replay_compute_matched,500,er500_matched,PASS,0.0,0.0,10,128,160,10;8;8;8;8,800,160;160;160;160;160,800,100000,20000;20000;20000;20000;20000,100000,not_applicable,not_applicable,0.9808,0.978,0.97,0,0.5466,0.5427500000000001,0.5427500000000001,1.267,1.267,cuda:0,1000,500,compute_matched_er500,0.999,0.971,0.986,0.978,0.97,0.181,0.684,0.0,0.898,0.97,0.181,0.684,0.0,0.898,0.97
10,perm_006,none,perm_006,"[0,2,1,3,4]",0-2-1-3-4,experience_replay_compute_matched,500,er500_matched,PASS,0.0,0.0,10,128,160,10;8;8;8;8,800,160;160;160;160;160,800,100000,20000;20000;20000;20000;20000,100000,not_applicable,not_applicable,0.9836,0.983,0.971,0,0.5352,0.5604999999999999,0.5604999999999999,1.235,1.235,cuda:0,1000,500,compute_matched_er500,0.999,0.971,0.991,0.983,0.974,0.165,0.634,0.001,0.902,0.974,0.165,0.634,0.001,0.902,0.974
1,perm_007,none,perm_007,"[0,2,1,4,3]",0-2-1-4-3,experience_replay_compute_matched,500,er500_matched,PASS,0.0,0.0,10,128,160,10;8;8;8;8,800,160;160;160;160;160,800,100000,20000;20000;20000;20000;20000,100000,not_applicable,not_applicable,0.9818,0.976,0.969,0,0.5566,0.5315,0.5315,1.24,1.24,cuda:0,1000,500,compute_matched_er500,0.999,0.969,0.991,0.976,0.974,0.0,0.776,0.125,0.976,0.906,0.0,0.776,0.125,0.976,0.906
2,perm_007,none,perm_007,"[0,2,1,4,3]",0-2-1-4-3,experience_replay_compute_matched,500,er500_matched,PASS,0.0,0.0,10,128,160,10;8;8;8;8,800,160;160;160;160;160,800,100000,20000;20000;20000;20000;20000,100000,not_applicable,not_applicable,0.9822,0.979,0.969,0,0.563,0.524,0.524,1.243,1.243,cuda:0,1000,500,compute_matched_er500,0.999,0.969,0.992,0.979,0.972,0.007,0.751,0.175,0.979,0.903,0.007,0.751,0.175,0.979,0.903
3,perm_007,none,perm_007,"[0,2,1,4,3]",0-2-1-4-3,experience_replay_compute_matched,500,er500_matched,PASS,0.0,0.0,10,128,160,10;8;8;8;8,800,160;160;160;160;160,800,100000,20000;20000;20000;20000;20000,100000,not_applicable,not_applicable,0.9814,0.975,0.967,0,0.5978,0.4794999999999999,0.4794999999999999,1.248,1.248,cuda:0,1000,500,compute_matched_er500,0.999,0.967,0.993,0.975,0.973,0.046,0.789,0.258,0.975,0.921,0.046,0.789,0.258,0.975,0.921
4,perm_007,none,perm_007,"[0,2,1,4,3]",0-2-1-4-3,experience_replay_compute_matched,500,er500_matched,PASS,0.0,0.0,10,128,160,10;8;8;8;8,800,160;160;160;160;160,800,100000,20000;20000;20000;20000;20000,100000,not_applicable,not_applicable,0.9792,0.977,0.959,0,0.5471999999999999,0.54,0.54,1.268,1.268,cuda:0,1000,500,compute_matched_er500,0.999,0.959,0.988,0.977,0.973,0.003,0.693,0.174,0.977,0.889,0.003,0.693,0.174,0.977,0.889
5,perm_007,none,perm_007,"[0,2,1,4,3]",0-2-1-4-3,experience_replay_compute_matched,500,er500_matched,PASS,0.0,0.0,10,128,160,10;8;8;8;8,800,160;160;160;160;160,800,100000,20000;20000;20000;20000;20000,100000,not_applicable,not_applicable,0.9822,0.982,0.966,0,0.6272,0.44375,0.44375,1.282,1.282,cuda:0,1000,500,compute_matched_er500,0.999,0.966,0.994,0.982,0.97,0.337,0.793,0.12,0.982,0.904,0.337,0.793,0.12,0.982,0.904
6,perm_007,none,perm_007,"[0,2,1,4,3]",0-2-1-4-3,experience_replay_compute_matched,500,er500_matched,PASS,0.0,0.0,10,128,160,10;8;8;8;8,800,160;160;160;160;160,800,100000,20000;20000;20000;20000;20000,100000,not_applicable,not_applicable,0.9806000000000001,0.98,0.958,0,0.5598,0.526,0.526,1.273,1.273,cuda:0,1000,500,compute_matched_er500,0.999,0.958,0.988,0.978,0.98,0.105,0.751,0.046,0.978,0.919,0.105,0.751,0.046,0.978,0.919
7,perm_007,none,perm_007,"[0,2,1,4,3]",0-2-1-4-3,experience_replay_compute_matched,500,er500_matched,PASS,0.0,0.0,10,128,160,10;8;8;8;8,800,160;160;160;160;160,800,100000,20000;20000;20000;20000;20000,100000,not_applicable,not_applicable,0.9826,0.977,0.971,0,0.649,0.4169999999999999,0.4169999999999999,1.272,1.272,cuda:0,1000,500,compute_matched_er500,0.999,0.971,0.994,0.972,0.977,0.171,0.817,0.37,0.972,0.915,0.171,0.817,0.37,0.972,0.915
8,perm_007,none,perm_007,"[0,2,1,4,3]",0-2-1-4-3,experience_replay_compute_matched,500,er500_matched,PASS,0.0,0.0,10,128,160,10;8;8;8;8,800,160;160;160;160;160,800,100000,20000;20000;20000;20000;20000,100000,not_applicable,not_applicable,0.9792,0.98,0.953,0,0.6284,0.4385,0.4385,1.256,1.256,cuda:0,1000,500,compute_matched_er500,0.999,0.953,0.986,0.978,0.98,0.21,0.74,0.316,0.978,0.898,0.21,0.74,0.316,0.978,0.898
9,perm_007,none,perm_007,"[0,2,1,4,3]",0-2-1-4-3,experience_replay_compute_matched,500,er500_matched,PASS,0.0,0.0,10,128,160,10;8;8;8;8,800,160;160;160;160;160,800,100000,20000;20000;20000;20000;20000,100000,not_applicable,not_applicable,0.9823999999999999,0.978,0.969,0,0.5662,0.52025,0.52025,1.25,1.25,cuda:0,1000,500,compute_matched_er500,1.0,0.969,0.994,0.978,0.971,0.053,0.799,0.117,0.978,0.884,0.053,0.799,0.117,0.978,0.884
10,perm_007,none,perm_007,"[0,2,1,4,3]",0-2-1-4-3,experience_replay_compute_matched,500,er500_matched,PASS,0.0,0.0,10,128,160,10;8;8;8;8,800,160;160;160;160;160,800,100000,20000;20000;20000;20000;20000,100000,not_applicable,not_applicable,0.9810000000000001,0.975,0.963,0,0.625,0.44499999999999995,0.44499999999999995,1.252,1.252,cuda:0,1000,500,compute_matched_er500,0.999,0.963,0.993,0.975,0.975,0.276,0.803,0.166,0.975,0.905,0.276,0.803,0.166,0.975,0.905
1,perm_008,none,perm_008,"[0,2,3,1,4]",0-2-3-1-4,experience_replay_compute_matched,500,er500_matched,PASS,0.0,0.0,10,128,160,10;8;8;8;8,800,160;160;160;160;160,800,100000,20000;20000;20000;20000;20000,100000,not_applicable,not_applicable,0.9789999999999999,0.975,0.96,0,0.5224,0.57075,0.57075,1.267,1.267,cuda:0,1000,500,compute_matched_er500,0.999,0.96,0.993,0.975,0.968,0.014,0.884,0.0,0.746,0.968,0.014,0.884,0.0,0.746,0.968
2,perm_008,none,perm_008,"[0,2,3,1,4]",0-2-3-1-4,experience_replay_compute_matched,500,er500_matched,PASS,0.0,0.0,10,128,160,10;8;8;8;8,800,160;160;160;160;160,800,100000,20000;20000;20000;20000;20000,100000,not_applicable,not_applicable,0.9818,0.982,0.964,0,0.5146,0.584,0.584,1.277,1.277,cuda:0,1000,500,compute_matched_er500,0.999,0.964,0.99,0.982,0.974,0.0,0.877,0.002,0.72,0.974,0.0,0.877,0.002,0.72,0.974
3,perm_008,none,perm_008,"[0,2,3,1,4]",0-2-3-1-4,experience_replay_compute_matched,500,er500_matched,PASS,0.0,0.0,10,128,160,10;8;8;8;8,800,160;160;160;160;160,800,100000,20000;20000;20000;20000;20000,100000,not_applicable,not_applicable,0.9832000000000001,0.983,0.964,0,0.5204,0.5785,0.5785,1.25,1.25,cuda:0,1000,500,compute_matched_er500,0.999,0.964,0.994,0.983,0.976,0.01,0.872,0.0,0.744,0.976,0.01,0.872,0.0,0.744,0.976
4,perm_008,none,perm_008,"[0,2,3,1,4]",0-2-3-1-4,experience_replay_compute_matched,500,er500_matched,PASS,0.0,0.0,10,128,160,10;8;8;8;8,800,160;160;160;160;160,800,100000,20000;20000;20000;20000;20000,100000,not_applicable,not_applicable,0.9800000000000001,0.981,0.962,0,0.5264,0.567,0.567,1.247,1.247,cuda:0,1000,500,compute_matched_er500,0.999,0.962,0.984,0.981,0.974,0.0,0.898,0.0,0.76,0.974,0.0,0.898,0.0,0.76,0.974
5,perm_008,none,perm_008,"[0,2,3,1,4]",0-2-3-1-4,experience_replay_compute_matched,500,er500_matched,PASS,0.0,0.0,10,128,160,10;8;8;8;8,800,160;160;160;160;160,800,100000,20000;20000;20000;20000;20000,100000,not_applicable,not_applicable,0.9827999999999999,0.98,0.97,0,0.5147999999999999,0.585,0.585,1.3,1.3,cuda:0,1000,500,compute_matched_er500,0.999,0.97,0.99,0.98,0.975,0.0,0.867,0.0,0.732,0.975,0.0,0.867,0.0,0.732,0.975
6,perm_008,none,perm_008,"[0,2,3,1,4]",0-2-3-1-4,experience_replay_compute_matched,500,er500_matched,PASS,0.0,0.0,10,128,160,10;8;8;8;8,800,160;160;160;160;160,800,100000,20000;20000;20000;20000;20000,100000,not_applicable,not_applicable,0.9804,0.98,0.962,0,0.5776,0.5035,0.5035,1.279,1.279,cuda:0,1000,500,compute_matched_er500,0.999,0.962,0.99,0.98,0.971,0.215,0.887,0.053,0.762,0.971,0.215,0.887,0.053,0.762,0.971
7,perm_008,none,perm_008,"[0,2,3,1,4]",0-2-3-1-4,experience_replay_compute_matched,500,er500_matched,PASS,0.0,0.0,10,128,160,10;8;8;8;8,800,160;160;160;160;160,800,100000,20000;20000;20000;20000;20000,100000,not_applicable,not_applicable,0.9823999999999999,0.983,0.969,0,0.5696,0.5159999999999999,0.5159999999999999,1.278,1.278,cuda:0,1000,500,compute_matched_er500,0.999,0.969,0.991,0.983,0.97,0.05,0.896,0.143,0.789,0.97,0.05,0.896,0.143,0.789,0.97
8,perm_008,none,perm_008,"[0,2,3,1,4]",0-2-3-1-4,experience_replay_compute_matched,500,er500_matched,PASS,0.0,0.0,10,128,160,10;8;8;8;8,800,160;160;160;160;160,800,100000,20000;20000;20000;20000;20000,100000,not_applicable,not_applicable,0.9823999999999999,0.988,0.961,0,0.538,0.5554999999999999,0.5554999999999999,1.259,1.259,cuda:0,1000,500,compute_matched_er500,0.999,0.961,0.992,0.988,0.972,0.0,0.894,0.046,0.778,0.972,0.0,0.894,0.046,0.778,0.972
9,perm_008,none,perm_008,"[0,2,3,1,4]",0-2-3-1-4,experience_replay_compute_matched,500,er500_matched,PASS,0.0,0.0,10,128,160,10;8;8;8;8,800,160;160;160;160;160,800,100000,20000;20000;20000;20000;20000,100000,not_applicable,not_applicable,0.9826,0.984,0.968,0,0.5212,0.5767499999999999,0.5767499999999999,1.264,1.264,cuda:0,1000,500,compute_matched_er500,0.999,0.974,0.988,0.984,0.968,0.033,0.889,0.0,0.716,0.968,0.033,0.889,0.0,0.716,0.968
10,perm_008,none,perm_008,"[0,2,3,1,4]",0-2-3-1-4,experience_replay_compute_matched,500,er500_matched,PASS,0.0,0.0,10,128,160,10;8;8;8;8,800,160;160;160;160;160,800,100000,20000;20000;20000;20000;20000,100000,not_applicable,not_applicable,0.9805999999999999,0.977,0.966,0,0.5618000000000001,0.5235,0.5235,1.287,1.287,cuda:0,1000,500,compute_matched_er500,0.999,0.971,0.99,0.977,0.966,0.208,0.887,0.0,0.748,0.966,0.208,0.887,0.0,0.748,0.966
1,perm_009,none,perm_009,"[0,2,3,4,1]",0-2-3-4-1,experience_replay_compute_matched,500,er500_matched,PASS,0.0,0.0,10,128,160,10;8;8;8;8,800,160;160;160;160;160,800,100000,20000;20000;20000;20000;20000,100000,not_applicable,not_applicable,0.9795999999999999,0.979,0.954,0,0.499,0.60075,0.60075,1.315,1.315,cuda:0,1000,500,compute_matched_er500,1.0,0.954,0.992,0.979,0.973,0.0,0.954,0.0,0.664,0.877,0.0,0.954,0.0,0.664,0.877
2,perm_009,none,perm_009,"[0,2,3,4,1]",0-2-3-4-1,experience_replay_compute_matched,500,er500_matched,PASS,0.0,0.0,10,128,160,10;8;8;8;8,800,160;160;160;160;160,800,100000,20000;20000;20000;20000;20000,100000,not_applicable,not_applicable,0.9793999999999998,0.98,0.958,0,0.465,0.643,0.643,1.301,1.301,cuda:0,1000,500,compute_matched_er500,0.999,0.958,0.991,0.98,0.969,0.0,0.958,0.035,0.458,0.874,0.0,0.958,0.035,0.458,0.874
3,perm_009,none,perm_009,"[0,2,3,4,1]",0-2-3-4-1,experience_replay_compute_matched,500,er500_matched,PASS,0.0,0.0,10,128,160,10;8;8;8;8,800,160;160;160;160;160,800,100000,20000;20000;20000;20000;20000,100000,not_applicable,not_applicable,0.9800000000000001,0.979,0.96,0,0.5688000000000001,0.514,0.514,1.313,1.313,cuda:0,1000,500,compute_matched_er500,0.999,0.96,0.991,0.979,0.971,0.0,0.96,0.213,0.79,0.881,0.0,0.96,0.213,0.79,0.881
4,perm_009,none,perm_009,"[0,2,3,4,1]",0-2-3-4-1,experience_replay_compute_matched,500,er500_matched,PASS,0.0,0.0,10,128,160,10;8;8;8;8,800,160;160;160;160;160,800,100000,20000;20000;20000;20000;20000,100000,not_applicable,not_applicable,0.9785999999999999,0.98,0.955,0,0.5172,0.5767499999999999,0.5767499999999999,1.303,1.303,cuda:0,1000,500,compute_matched_er500,0.999,0.955,0.99,0.98,0.969,0.0,0.955,0.048,0.704,0.879,0.0,0.955,0.048,0.704,0.879
5,perm_009,none,perm_009,"[0,2,3,4,1]",0-2-3-4-1,experience_replay_compute_matched,500,er500_matched,PASS,0.0,0.0,10,128,160,10;8;8;8;8,800,160;160;160;160;160,800,100000,20000;20000;20000;20000;20000,100000,not_applicable,not_applicable,0.9798,0.979,0.957,0,0.5176000000000001,0.57775,0.57775,1.255,1.255,cuda:0,1000,500,compute_matched_er500,0.999,0.957,0.992,0.979,0.972,0.0,0.957,0.001,0.726,0.904,0.0,0.957,0.001,0.726,0.904
6,perm_009,none,perm_009,"[0,2,3,4,1]",0-2-3-4-1,experience_replay_compute_matched,500,er500_matched,PASS,0.0,0.0,10,128,160,10;8;8;8;8,800,160;160;160;160;160,800,100000,20000;20000;20000;20000;20000,100000,not_applicable,not_applicable,0.9783999999999999,0.976,0.956,0,0.5549999999999999,0.52925,0.52925,1.361,1.361,cuda:0,1000,500,compute_matched_er500,0.999,0.956,0.988,0.976,0.973,0.083,0.956,0.158,0.707,0.871,0.083,0.956,0.158,0.707,0.871
7,perm_009,none,perm_009,"[0,2,3,4,1]",0-2-3-4-1,experience_replay_compute_matched,500,er500_matched,PASS,0.0,0.0,10,128,160,10;8;8;8;8,800,160;160;160;160;160,800,100000,20000;20000;20000;20000;20000,100000,not_applicable,not_applicable,0.9800000000000001,0.977,0.96,0,0.5806,0.49925,0.49925,1.305,1.305,cuda:0,1000,500,compute_matched_er500,0.999,0.96,0.993,0.977,0.971,0.143,0.96,0.181,0.733,0.886,0.143,0.96,0.181,0.733,0.886
8,perm_009,none,perm_009,"[0,2,3,4,1]",0-2-3-4-1,experience_replay_compute_matched,500,er500_matched,PASS,0.0,0.0,10,128,160,10;8;8;8;8,800,160;160;160;160;160,800,100000,20000;20000;20000;20000;20000,100000,not_applicable,not_applicable,0.9767999999999999,0.982,0.943,0,0.6016,0.469,0.469,1.272,1.272,cuda:0,1000,500,compute_matched_er500,0.999,0.943,0.99,0.982,0.97,0.178,0.943,0.322,0.688,0.877,0.178,0.943,0.322,0.688,0.877
9,perm_009,none,perm_009,"[0,2,3,4,1]",0-2-3-4-1,experience_replay_compute_matched,500,er500_matched,PASS,0.0,0.0,10,128,160,10;8;8;8;8,800,160;160;160;160;160,800,100000,20000;20000;20000;20000;20000,100000,not_applicable,not_applicable,0.9784,0.981,0.95,0,0.5654,0.51625,0.51625,1.299,1.299,cuda:0,1000,500,compute_matched_er500,1.0,0.95,0.991,0.981,0.97,0.0,0.95,0.258,0.737,0.882,0.0,0.95,0.258,0.737,0.882
10,perm_009,none,perm_009,"[0,2,3,4,1]",0-2-3-4-1,experience_replay_compute_matched,500,er500_matched,PASS,0.0,0.0,10,128,160,10;8;8;8;8,800,160;160;160;160;160,800,100000,20000;20000;20000;20000;20000,100000,not_applicable,not_applicable,0.9793999999999998,0.977,0.954,0,0.5298,0.5619999999999999,0.5619999999999999,1.312,1.312,cuda:0,1000,500,compute_matched_er500,0.999,0.954,0.994,0.977,0.973,0.021,0.954,0.021,0.774,0.879,0.021,0.954,0.021,0.774,0.879
1,perm_010,none,perm_010,"[0,2,4,1,3]",0-2-4-1-3,experience_replay_compute_matched,500,er500_matched,PASS,0.0,0.0,10,128,160,10;8;8;8;8,800,160;160;160;160;160,800,100000,20000;20000;20000;20000;20000,100000,not_applicable,not_applicable,0.9762000000000001,0.98,0.947,0,0.5582,0.5225,0.5225,1.246,1.246,cuda:0,1000,500,compute_matched_er500,0.999,0.947,0.987,0.98,0.968,0.059,0.916,0.099,0.98,0.737,0.059,0.916,0.099,0.98,0.737
2,perm_010,none,perm_010,"[0,2,4,1,3]",0-2-4-1-3,experience_replay_compute_matched,500,er500_matched,PASS,0.0,0.0,10,128,160,10;8;8;8;8,800,160;160;160;160;160,800,100000,20000;20000;20000;20000;20000,100000,not_applicable,not_applicable,0.9792,0.979,0.958,0,0.5624,0.5209999999999999,0.5209999999999999,1.239,1.239,cuda:0,1000,500,compute_matched_er500,0.999,0.958,0.989,0.979,0.971,0.0,0.918,0.345,0.979,0.57,0.0,0.918,0.345,0.979,0.57
3,perm_010,none,perm_010,"[0,2,4,1,3]",0-2-4-1-3,experience_replay_compute_matched,500,er500_matched,PASS,0.0,0.0,10,128,160,10;8;8;8;8,800,160;160;160;160;160,800,100000,20000;20000;20000;20000;20000,100000,not_applicable,not_applicable,0.9782,0.98,0.956,0,0.5344,0.55475,0.55475,1.258,1.258,cuda:0,1000,500,compute_matched_er500,0.999,0.956,0.989,0.98,0.967,0.004,0.926,0.303,0.98,0.459,0.004,0.926,0.303,0.98,0.459
4,perm_010,none,perm_010,"[0,2,4,1,3]",0-2-4-1-3,experience_replay_compute_matched,500,er500_matched,PASS,0.0,0.0,10,128,160,10;8;8;8;8,800,160;160;160;160;160,800,100000,20000;20000;20000;20000;20000,100000,not_applicable,not_applicable,0.9790000000000001,0.982,0.954,0,0.6262000000000001,0.44099999999999995,0.44099999999999995,1.283,1.283,cuda:0,1000,500,compute_matched_er500,0.999,0.954,0.989,0.982,0.971,0.045,0.911,0.43,0.982,0.763,0.045,0.911,0.43,0.982,0.763
5,perm_010,none,perm_010,"[0,2,4,1,3]",0-2-4-1-3,experience_replay_compute_matched,500,er500_matched,PASS,0.0,0.0,10,128,160,10;8;8;8;8,800,160;160;160;160;160,800,100000,20000;20000;20000;20000;20000,100000,not_applicable,not_applicable,0.9757999999999999,0.983,0.947,0,0.5730000000000001,0.5035,0.5035,1.266,1.266,cuda:0,1000,500,compute_matched_er500,0.999,0.947,0.992,0.983,0.958,0.132,0.903,0.268,0.983,0.579,0.132,0.903,0.268,0.983,0.579
6,perm_010,none,perm_010,"[0,2,4,1,3]",0-2-4-1-3,experience_replay_compute_matched,500,er500_matched,PASS,0.0,0.0,10,128,160,10;8;8;8;8,800,160;160;160;160;160,800,100000,20000;20000;20000;20000;20000,100000,not_applicable,not_applicable,0.978,0.979,0.955,0,0.5188,0.574,0.574,1.302,1.302,cuda:0,1000,500,compute_matched_er500,0.999,0.964,0.993,0.979,0.955,0.013,0.923,0.083,0.979,0.596,0.013,0.923,0.083,0.979,0.596
7,perm_010,none,perm_010,"[0,2,4,1,3]",0-2-4-1-3,experience_replay_compute_matched,500,er500_matched,PASS,0.0,0.0,10,128,160,10;8;8;8;8,800,160;160;160;160;160,800,100000,20000;20000;20000;20000;20000,100000,not_applicable,not_applicable,0.9755999999999998,0.972,0.954,0,0.6544000000000001,0.4015,0.4015,1.371,1.371,cuda:0,1000,500,compute_matched_er500,0.999,0.954,0.991,0.962,0.972,0.121,0.917,0.443,0.962,0.829,0.121,0.917,0.443,0.962,0.829
8,perm_010,none,perm_010,"[0,2,4,1,3]",0-2-4-1-3,experience_replay_compute_matched,500,er500_matched,PASS,0.0,0.0,10,128,160,10;8;8;8;8,800,160;160;160;160;160,800,100000,20000;20000;20000;20000;20000,100000,not_applicable,not_applicable,0.977,0.981,0.955,0,0.5468,0.53775,0.53775,1.356,1.356,cuda:0,1000,500,compute_matched_er500,0.999,0.955,0.992,0.981,0.958,0.169,0.911,0.196,0.981,0.477,0.169,0.911,0.196,0.981,0.477
9,perm_010,none,perm_010,"[0,2,4,1,3]",0-2-4-1-3,experience_replay_compute_matched,500,er500_matched,PASS,0.0,0.0,10,128,160,10;8;8;8;8,800,160;160;160;160;160,800,100000,20000;20000;20000;20000;20000,100000,not_applicable,not_applicable,0.9767999999999999,0.981,0.954,0,0.49300000000000005,0.6047499999999999,0.6047499999999999,1.342,1.342,cuda:0,1000,500,compute_matched_er500,0.999,0.954,0.993,0.981,0.957,0.0,0.926,0.2,0.981,0.358,0.0,0.926,0.2,0.981,0.358
10,perm_010,none,perm_010,"[0,2,4,1,3]",0-2-4-1-3,experience_replay_compute_matched,500,er500_matched,PASS,0.0,0.0,10,128,160,10;8;8;8;8,800,160;160;160;160;160,800,100000,20000;20000;20000;20000;20000,100000,not_applicable,not_applicable,0.9802,0.979,0.964,0,0.594,0.48274999999999996,0.48274999999999996,1.328,1.328,cuda:0,1000,500,compute_matched_er500,0.999,0.964,0.993,0.979,0.966,0.0,0.917,0.386,0.979,0.688,0.0,0.917,0.386,0.979,0.688
1,perm_011,none,perm_011,"[0,2,4,3,1]",0-2-4-3-1,experience_replay_compute_matched,500,er500_matched,PASS,0.0,0.0,10,128,160,10;8;8;8;8,800,160;160;160;160;160,800,100000,20000;20000;20000;20000;20000,100000,not_applicable,not_applicable,0.9804,0.979,0.963,0,0.5728,0.5095000000000001,0.5095000000000001,1.351,1.351,cuda:0,1000,500,compute_matched_er500,0.999,0.963,0.989,0.979,0.972,0.1,0.963,0.37,0.901,0.53,0.1,0.963,0.37,0.901,0.53
2,perm_011,none,perm_011,"[0,2,4,3,1]",0-2-4-3-1,experience_replay_compute_matched,500,er500_matched,PASS,0.0,0.0,10,128,160,10;8;8;8;8,800,160;160;160;160;160,800,100000,20000;20000;20000;20000;20000,100000,not_applicable,not_applicable,0.9800000000000001,0.971,0.968,0,0.5878,0.49024999999999996,0.49024999999999996,1.345,1.345,cuda:0,1000,500,compute_matched_er500,0.999,0.968,0.994,0.971,0.968,0.022,0.968,0.37,0.936,0.643,0.022,0.968,0.37,0.936,0.643
3,perm_011,none,perm_011,"[0,2,4,3,1]",0-2-4-3-1,experience_replay_compute_matched,500,er500_matched,PASS,0.0,0.0,10,128,160,10;8;8;8;8,800,160;160;160;160;160,800,100000,20000;20000;20000;20000;20000,100000,not_applicable,not_applicable,0.9795999999999999,0.976,0.964,0,0.5706,0.51125,0.51125,1.349,1.349,cuda:0,1000,500,compute_matched_er500,0.999,0.964,0.993,0.976,0.966,0.0,0.964,0.391,0.918,0.58,0.0,0.964,0.391,0.918,0.58
4,perm_011,none,perm_011,"[0,2,4,3,1]",0-2-4-3-1,experience_replay_compute_matched,500,er500_matched,PASS,0.0,0.0,10,128,160,10;8;8;8;8,800,160;160;160;160;160,800,100000,20000;20000;20000;20000;20000,100000,not_applicable,not_applicable,0.9778,0.971,0.962,0,0.4974,0.6004999999999999,0.6004999999999999,1.333,1.333,cuda:0,1000,500,compute_matched_er500,0.999,0.962,0.993,0.964,0.971,0.0,0.962,0.192,0.919,0.414,0.0,0.962,0.192,0.919,0.414
5,perm_011,none,perm_011,"[0,2,4,3,1]",0-2-4-3-1,experience_replay_compute_matched,500,er500_matched,PASS,0.0,0.0,10,128,160,10;8;8;8;8,800,160;160;160;160;160,800,100000,20000;20000;20000;20000;20000,100000,not_applicable,not_applicable,0.9766,0.979,0.957,0,0.6055999999999999,0.46375,0.46375,1.328,1.328,cuda:0,1000,500,compute_matched_er500,0.999,0.958,0.99,0.979,0.957,0.366,0.958,0.264,0.91,0.53,0.366,0.958,0.264,0.91,0.53
6,perm_011,none,perm_011,"[0,2,4,3,1]",0-2-4-3-1,experience_replay_compute_matched,500,er500_matched,PASS,0.0,0.0,10,128,160,10;8;8;8;8,800,160;160;160;160;160,800,100000,20000;20000;20000;20000;20000,100000,not_applicable,not_applicable,0.9802,0.977,0.967,0,0.51,0.58775,0.58775,1.333,1.333,cuda:0,1000,500,compute_matched_er500,0.999,0.969,0.989,0.977,0.967,0.022,0.969,0.128,0.93,0.501,0.022,0.969,0.128,0.93,0.501
7,perm_011,none,perm_011,"[0,2,4,3,1]",0-2-4-3-1,experience_replay_compute_matched,500,er500_matched,PASS,0.0,0.0,10,128,160,10;8;8;8;8,800,160;160;160;160;160,800,100000,20000;20000;20000;20000;20000,100000,not_applicable,not_applicable,0.9780000000000001,0.97,0.963,0,0.472,0.6325,0.6325,1.349,1.349,cuda:0,1000,500,compute_matched_er500,0.999,0.966,0.992,0.97,0.963,0.0,0.966,0.128,0.872,0.394,0.0,0.966,0.128,0.872,0.394
8,perm_011,none,perm_011,"[0,2,4,3,1]",0-2-4-3-1,experience_replay_compute_matched,500,er500_matched,PASS,0.0,0.0,10,128,160,10;8;8;8;8,800,160;160;160;160;160,800,100000,20000;20000;20000;20000;20000,100000,not_applicable,not_applicable,0.9766,0.971,0.96,0,0.549,0.5345,0.5345,1.317,1.317,cuda:0,1000,500,compute_matched_er500,0.999,0.965,0.988,0.971,0.96,0.0,0.965,0.349,0.912,0.519,0.0,0.965,0.349,0.912,0.519
9,perm_011,none,perm_011,"[0,2,4,3,1]",0-2-4-3-1,experience_replay_compute_matched,500,er500_matched,PASS,0.0,0.0,10,128,160,10;8;8;8;8,800,160;160;160;160;160,800,100000,20000;20000;20000;20000;20000,100000,not_applicable,not_applicable,0.9772000000000001,0.966,0.963,0,0.5076,0.587,0.587,1.314,1.314,cuda:0,1000,500,compute_matched_er500,0.999,0.963,0.993,0.966,0.965,0.0,0.963,0.255,0.906,0.414,0.0,0.963,0.255,0.906,0.414
10,perm_011,none,perm_011,"[0,2,4,3,1]",0-2-4-3-1,experience_replay_compute_matched,500,er500_matched,PASS,0.0,0.0,10,128,160,10;8;8;8;8,800,160;160;160;160;160,800,100000,20000;20000;20000;20000;20000,100000,not_applicable,not_applicable,0.9789999999999999,0.979,0.959,0,0.5289999999999999,0.5625,0.5625,1.335,1.335,cuda:0,1000,500,compute_matched_er500,0.999,0.964,0.994,0.979,0.959,0.0,0.964,0.212,0.906,0.563,0.0,0.964,0.212,0.906,0.563
1,perm_012,none,perm_012,"[0,3,1,2,4]",0-3-1-2-4,experience_replay_compute_matched,500,er500_matched,PASS,0.0,0.0,10,128,160,10;8;8;8;8,800,160;160;160;160;160,800,100000,20000;20000;20000;20000;20000,100000,not_applicable,not_applicable,0.9766,0.977,0.959,0,0.4568,0.64975,0.64975,1.345,1.345,cuda:0,1000,500,compute_matched_er500,0.999,0.965,0.977,0.983,0.959,0.032,0.437,0.815,0.041,0.959,0.032,0.437,0.815,0.041,0.959
2,perm_012,none,perm_012,"[0,3,1,2,4]",0-3-1-2-4,experience_replay_compute_matched,500,er500_matched,PASS,0.0,0.0,10,128,160,10;8;8;8;8,800,160;160;160;160;160,800,100000,20000;20000;20000;20000;20000,100000,not_applicable,not_applicable,0.9776,0.981,0.958,0,0.5394,0.54775,0.54775,1.348,1.348,cuda:0,1000,500,compute_matched_er500,0.999,0.967,0.981,0.983,0.958,0.0,0.535,0.871,0.333,0.958,0.0,0.535,0.871,0.333,0.958
3,perm_012,none,perm_012,"[0,3,1,2,4]",0-3-1-2-4,experience_replay_compute_matched,500,er500_matched,PASS,0.0,0.0,10,128,160,10;8;8;8;8,800,160;160;160;160;160,800,100000,20000;20000;20000;20000;20000,100000,not_applicable,not_applicable,0.9789999999999999,0.98,0.967,0,0.5062,0.591,0.591,1.341,1.341,cuda:0,1000,500,compute_matched_er500,0.999,0.967,0.98,0.982,0.967,0.0,0.507,0.853,0.204,0.967,0.0,0.507,0.853,0.204,0.967
4,perm_012,none,perm_012,"[0,3,1,2,4]",0-3-1-2-4,experience_replay_compute_matched,500,er500_matched,PASS,0.0,0.0,10,128,160,10;8;8;8;8,800,160;160;160;160;160,800,100000,20000;20000;20000;20000;20000,100000,not_applicable,not_applicable,0.9798,0.981,0.965,0,0.5416,0.54775,0.54775,1.339,1.339,cuda:0,1000,500,compute_matched_er500,0.999,0.972,0.981,0.982,0.965,0.002,0.595,0.844,0.302,0.965,0.002,0.595,0.844,0.302,0.965
5,perm_012,none,perm_012,"[0,3,1,2,4]",0-3-1-2-4,experience_replay_compute_matched,500,er500_matched,PASS,0.0,0.0,10,128,160,10;8;8;8;8,800,160;160;160;160;160,800,100000,20000;20000;20000;20000;20000,100000,not_applicable,not_applicable,0.977,0.981,0.95,0,0.5641999999999999,0.516,0.516,1.341,1.341,cuda:0,1000,500,compute_matched_er500,0.999,0.972,0.981,0.983,0.95,0.0,0.638,0.899,0.334,0.95,0.0,0.638,0.899,0.334,0.95
6,perm_012,none,perm_012,"[0,3,1,2,4]",0-3-1-2-4,experience_replay_compute_matched,500,er500_matched,PASS,0.0,0.0,10,128,160,10;8;8;8;8,800,160;160;160;160;160,800,100000,20000;20000;20000;20000;20000,100000,not_applicable,not_applicable,0.9774,0.977,0.96,0,0.5494,0.535,0.535,1.334,1.334,cuda:0,1000,500,compute_matched_er500,0.999,0.967,0.984,0.977,0.96,0.002,0.638,0.855,0.292,0.96,0.002,0.638,0.855,0.292,0.96
7,perm_012,none,perm_012,"[0,3,1,2,4]",0-3-1-2-4,experience_replay_compute_matched,500,er500_matched,PASS,0.0,0.0,10,128,160,10;8;8;8;8,800,160;160;160;160;160,800,100000,20000;20000;20000;20000;20000,100000,not_applicable,not_applicable,0.9762000000000001,0.977,0.954,0,0.5214000000000001,0.5685,0.5685,1.356,1.356,cuda:0,1000,500,compute_matched_er500,0.999,0.966,0.977,0.985,0.954,0.0,0.449,0.852,0.352,0.954,0.0,0.449,0.852,0.352,0.954
8,perm_012,none,perm_012,"[0,3,1,2,4]",0-3-1-2-4,experience_replay_compute_matched,500,er500_matched,PASS,0.0,0.0,10,128,160,10;8;8;8;8,800,160;160;160;160;160,800,100000,20000;20000;20000;20000;20000,100000,not_applicable,not_applicable,0.9756,0.976,0.956,0,0.5831999999999999,0.4905,0.4905,1.325,1.325,cuda:0,1000,500,compute_matched_er500,0.999,0.966,0.976,0.981,0.956,0.0,0.689,0.893,0.378,0.956,0.0,0.689,0.893,0.378,0.956
9,perm_012,none,perm_012,"[0,3,1,2,4]",0-3-1-2-4,experience_replay_compute_matched,500,er500_matched,PASS,0.0,0.0,10,128,160,10;8;8;8;8,800,160;160;160;160;160,800,100000,20000;20000;20000;20000;20000,100000,not_applicable,not_applicable,0.9795999999999999,0.98,0.965,0,0.581,0.49825,0.49825,1.343,1.343,cuda:0,1000,500,compute_matched_er500,1.0,0.972,0.981,0.98,0.965,0.064,0.682,0.829,0.365,0.965,0.064,0.682,0.829,0.365,0.965
10,perm_012,none,perm_012,"[0,3,1,2,4]",0-3-1-2-4,experience_replay_compute_matched,500,er500_matched,PASS,0.0,0.0,10,128,160,10;8;8;8;8,800,160;160;160;160;160,800,100000,20000;20000;20000;20000;20000,100000,not_applicable,not_applicable,0.9762000000000001,0.978,0.957,0,0.5247999999999999,0.56425,0.56425,1.314,1.314,cuda:0,1000,500,compute_matched_er500,0.999,0.963,0.978,0.984,0.957,0.0,0.579,0.757,0.331,0.957,0.0,0.579,0.757,0.331,0.957
1,perm_013,none,perm_013,"[0,3,1,4,2]",0-3-1-4-2,experience_replay_compute_matched,500,er500_matched,PASS,0.0,0.0,10,128,160,10;8;8;8;8,800,160;160;160;160;160,800,100000,20000;20000;20000;20000;20000,100000,not_applicable,not_applicable,0.9812,0.979,0.97,0,0.5916,0.48699999999999993,0.48699999999999993,1.326,1.326,cuda:0,1000,500,compute_matched_er500,0.999,0.97,0.984,0.979,0.974,0.202,0.696,0.984,0.278,0.798,0.202,0.696,0.984,0.278,0.798
2,perm_013,none,perm_013,"[0,3,1,4,2]",0-3-1-4-2,experience_replay_compute_matched,500,er500_matched,PASS,0.0,0.0,10,128,160,10;8;8;8;8,800,160;160;160;160;160,800,100000,20000;20000;20000;20000;20000,100000,not_applicable,not_applicable,0.9757999999999999,0.973,0.962,0,0.5294000000000001,0.558,0.558,1.339,1.339,cuda:0,1000,500,compute_matched_er500,0.999,0.964,0.962,0.981,0.973,0.01,0.725,0.962,0.129,0.821,0.01,0.725,0.962,0.129,0.821
3,perm_013,none,perm_013,"[0,3,1,4,2]",0-3-1-4-2,experience_replay_compute_matched,500,er500_matched,PASS,0.0,0.0,10,128,160,10;8;8;8;8,800,160;160;160;160;160,800,100000,20000;20000;20000;20000;20000,100000,not_applicable,not_applicable,0.9810000000000001,0.982,0.966,0,0.5018,0.599,0.599,1.339,1.339,cuda:0,1000,500,compute_matched_er500,0.999,0.966,0.987,0.982,0.971,0.003,0.7,0.987,0.038,0.781,0.003,0.7,0.987,0.038,0.781
4,perm_013,none,perm_013,"[0,3,1,4,2]",0-3-1-4-2,experience_replay_compute_matched,500,er500_matched,PASS,0.0,0.0,10,128,160,10;8;8;8;8,800,160;160;160;160;160,800,100000,20000;20000;20000;20000;20000,100000,not_applicable,not_applicable,0.9825999999999999,0.982,0.965,0,0.6378,0.431,0.431,1.339,1.339,cuda:0,1000,500,compute_matched_er500,0.999,0.98,0.987,0.982,0.965,0.341,0.757,0.987,0.286,0.818,0.341,0.757,0.987,0.286,0.818
5,perm_013,none,perm_013,"[0,3,1,4,2]",0-3-1-4-2,experience_replay_compute_matched,500,er500_matched,PASS,0.0,0.0,10,128,160,10;8;8;8;8,800,160;160;160;160;160,800,100000,20000;20000;20000;20000;20000,100000,not_applicable,not_applicable,0.9814,0.978,0.971,0,0.6036,0.47225,0.47225,1.329,1.329,cuda:0,1000,500,compute_matched_er500,0.999,0.971,0.985,0.978,0.974,0.282,0.776,0.985,0.156,0.819,0.282,0.776,0.985,0.156,0.819
6,perm_013,none,perm_013,"[0,3,1,4,2]",0-3-1-4-2,experience_replay_compute_matched,500,er500_matched,PASS,0.0,0.0,10,128,160,10;8;8;8;8,800,160;160;160;160;160,800,100000,20000;20000;20000;20000;20000,100000,not_applicable,not_applicable,0.9822,0.979,0.973,0,0.6460000000000001,0.42024999999999996,0.42024999999999996,1.316,1.316,cuda:0,1000,500,compute_matched_er500,0.999,0.973,0.979,0.983,0.977,0.249,0.747,0.979,0.466,0.789,0.249,0.747,0.979,0.466,0.789
7,perm_013,none,perm_013,"[0,3,1,4,2]",0-3-1-4-2,experience_replay_compute_matched,500,er500_matched,PASS,0.0,0.0,10,128,160,10;8;8;8;8,800,160;160;160;160;160,800,100000,20000;20000;20000;20000;20000,100000,not_applicable,not_applicable,0.9800000000000001,0.984,0.962,0,0.5682,0.5147499999999999,0.5147499999999999,1.336,1.336,cuda:0,1000,500,compute_matched_er500,0.999,0.962,0.989,0.984,0.966,0.147,0.604,0.989,0.312,0.789,0.147,0.604,0.989,0.312,0.789
8,perm_013,none,perm_013,"[0,3,1,4,2]",0-3-1-4-2,experience_replay_compute_matched,500,er500_matched,PASS,0.0,0.0,10,128,160,10;8;8;8;8,800,160;160;160;160;160,800,100000,20000;20000;20000;20000;20000,100000,not_applicable,not_applicable,0.9810000000000001,0.979,0.967,0,0.5626,0.523,0.523,1.314,1.314,cuda:0,1000,500,compute_matched_er500,1.0,0.967,0.978,0.981,0.979,0.0,0.653,0.978,0.323,0.859,0.0,0.653,0.978,0.323,0.859
9,perm_013,none,perm_013,"[0,3,1,4,2]",0-3-1-4-2,experience_replay_compute_matched,500,er500_matched,PASS,0.0,0.0,10,128,160,10;8;8;8;8,800,160;160;160;160;160,800,100000,20000;20000;20000;20000;20000,100000,not_applicable,not_applicable,0.9827999999999999,0.985,0.968,0,0.5804,0.503,0.503,1.338,1.338,cuda:0,1000,500,compute_matched_er500,0.999,0.968,0.985,0.985,0.977,0.312,0.545,0.985,0.215,0.845,0.312,0.545,0.985,0.215,0.845
10,perm_013,none,perm_013,"[0,3,1,4,2]",0-3-1-4-2,experience_replay_compute_matched,500,er500_matched,PASS,0.0,0.0,10,128,160,10;8;8;8;8,800,160;160;160;160;160,800,100000,20000;20000;20000;20000;20000,100000,not_applicable,not_applicable,0.9802,0.981,0.961,0,0.5586,0.5269999999999999,0.5269999999999999,1.34,1.34,cuda:0,1000,500,compute_matched_er500,1.0,0.961,0.985,0.981,0.974,0.118,0.749,0.985,0.118,0.823,0.118,0.749,0.985,0.118,0.823
1,perm_014,none,perm_014,"[0,3,2,1,4]",0-3-2-1-4,experience_replay_compute_matched,500,er500_matched,PASS,0.0,0.0,10,128,160,10;8;8;8;8,800,160;160;160;160;160,800,100000,20000;20000;20000;20000;20000,100000,not_applicable,not_applicable,0.9788,0.983,0.958,0,0.5551999999999999,0.5295000000000001,0.5295000000000001,1.347,1.347,cuda:0,1000,500,compute_matched_er500,0.999,0.958,0.985,0.983,0.969,0.0,0.881,0.592,0.334,0.969,0.0,0.881,0.592,0.334,0.969
2,perm_014,none,perm_014,"[0,3,2,1,4]",0-3-2-1-4,experience_replay_compute_matched,500,er500_matched,PASS,0.0,0.0,10,128,160,10;8;8;8;8,800,160;160;160;160;160,800,100000,20000;20000;20000;20000;20000,100000,not_applicable,not_applicable,0.9788,0.981,0.964,0,0.5660000000000001,0.516,0.516,1.345,1.345,cuda:0,1000,500,compute_matched_er500,0.999,0.964,0.981,0.981,0.969,0.031,0.897,0.471,0.462,0.969,0.031,0.897,0.471,0.462,0.969
3,perm_014,none,perm_014,"[0,3,2,1,4]",0-3-2-1-4,experience_replay_compute_matched,500,er500_matched,PASS,0.0,0.0,10,128,160,10;8;8;8;8,800,160;160;160;160;160,800,100000,20000;20000;20000;20000;20000,100000,not_applicable,not_applicable,0.9783999999999999,0.982,0.959,0,0.4358000000000001,0.67825,0.67825,1.35,1.35,cuda:0,1000,500,compute_matched_er500,0.999,0.959,0.986,0.982,0.966,0.012,0.885,0.193,0.123,0.966,0.012,0.885,0.193,0.123,0.966
4,perm_014,none,perm_014,"[0,3,2,1,4]",0-3-2-1-4,experience_replay_compute_matched,500,er500_matched,PASS,0.0,0.0,10,128,160,10;8;8;8;8,800,160;160;160;160;160,800,100000,20000;20000;20000;20000;20000,100000,not_applicable,not_applicable,0.9773999999999999,0.981,0.957,0,0.4992,0.59775,0.59775,1.358,1.358,cuda:0,1000,500,compute_matched_er500,0.999,0.957,0.981,0.983,0.967,0.0,0.883,0.382,0.264,0.967,0.0,0.883,0.382,0.264,0.967
5,perm_014,none,perm_014,"[0,3,2,1,4]",0-3-2-1-4,experience_replay_compute_matched,500,er500_matched,PASS,0.0,0.0,10,128,160,10;8;8;8;8,800,160;160;160;160;160,800,100000,20000;20000;20000;20000;20000,100000,not_applicable,not_applicable,0.9810000000000001,0.983,0.962,0,0.5267999999999999,0.56775,0.56775,1.353,1.353,cuda:0,1000,500,compute_matched_er500,0.999,0.962,0.984,0.983,0.977,0.127,0.866,0.259,0.405,0.977,0.127,0.866,0.259,0.405,0.977
6,perm_014,none,perm_014,"[0,3,2,1,4]",0-3-2-1-4,experience_replay_compute_matched,500,er500_matched,PASS,0.0,0.0,10,128,160,10;8;8;8;8,800,160;160;160;160;160,800,100000,20000;20000;20000;20000;20000,100000,not_applicable,not_applicable,0.9776,0.982,0.959,0,0.44020000000000004,0.67175,0.67175,1.344,1.344,cuda:0,1000,500,compute_matched_er500,0.999,0.959,0.982,0.983,0.965,0.008,0.893,0.005,0.33,0.965,0.008,0.893,0.005,0.33,0.965
7,perm_014,none,perm_014,"[0,3,2,1,4]",0-3-2-1-4,experience_replay_compute_matched,500,er500_matched,PASS,0.0,0.0,10,128,160,10;8;8;8;8,800,160;160;160;160;160,800,100000,20000;20000;20000;20000;20000,100000,not_applicable,not_applicable,0.9795999999999999,0.982,0.96,0,0.5094,0.58775,0.58775,1.367,1.367,cuda:0,1000,500,compute_matched_er500,0.999,0.96,0.982,0.983,0.974,0.076,0.878,0.379,0.24,0.974,0.076,0.878,0.379,0.24,0.974
8,perm_014,none,perm_014,"[0,3,2,1,4]",0-3-2-1-4,experience_replay_compute_matched,500,er500_matched,PASS,0.0,0.0,10,128,160,10;8;8;8;8,800,160;160;160;160;160,800,100000,20000;20000;20000;20000;20000,100000,not_applicable,not_applicable,0.9772000000000001,0.981,0.958,0,0.45759999999999995,0.6495,0.6495,1.374,1.374,cuda:0,1000,500,compute_matched_er500,0.999,0.958,0.983,0.981,0.965,0.077,0.887,0.283,0.076,0.965,0.077,0.887,0.283,0.076,0.965
9,perm_014,none,perm_014,"[0,3,2,1,4]",0-3-2-1-4,experience_replay_compute_matched,500,er500_matched,PASS,0.0,0.0,10,128,160,10;8;8;8;8,800,160;160;160;160;160,800,100000,20000;20000;20000;20000;20000,100000,not_applicable,not_applicable,0.9771999999999998,0.981,0.954,0,0.4434,0.6672499999999999,0.6672499999999999,1.336,1.336,cuda:0,1000,500,compute_matched_er500,0.999,0.954,0.982,0.981,0.97,0.003,0.885,0.158,0.201,0.97,0.003,0.885,0.158,0.201,0.97
10,perm_014,none,perm_014,"[0,3,2,1,4]",0-3-2-1-4,experience_replay_compute_matched,500,er500_matched,PASS,0.0,0.0,10,128,160,10;8;8;8;8,800,160;160;160;160;160,800,100000,20000;20000;20000;20000;20000,100000,not_applicable,not_applicable,0.9812,0.979,0.97,0,0.6205999999999999,0.45075,0.45075,1.334,1.334,cuda:0,1000,500,compute_matched_er500,0.999,0.972,0.986,0.979,0.97,0.394,0.869,0.353,0.517,0.97,0.394,0.869,0.353,0.517,0.97
1,perm_015,none,perm_015,"[0,3,2,4,1]",0-3-2-4-1,experience_replay_compute_matched,500,er500_matched,PASS,0.0,0.0,10,128,160,10;8;8;8;8,800,160;160;160;160;160,800,100000,20000;20000;20000;20000;20000,100000,not_applicable,not_applicable,0.975,0.982,0.954,0,0.4904,0.6057499999999999,0.6057499999999999,1.265,1.265,cuda:0,1000,500,compute_matched_er500,0.999,0.954,0.985,0.982,0.955,0.0,0.954,0.43,0.195,0.873,0.0,0.954,0.43,0.195,0.873
2,perm_015,none,perm_015,"[0,3,2,4,1]",0-3-2-4-1,experience_replay_compute_matched,500,er500_matched,PASS,0.0,0.0,10,128,160,10;8;8;8;8,800,160;160;160;160;160,800,100000,20000;20000;20000;20000;20000,100000,not_applicable,not_applicable,0.9784,0.982,0.958,0,0.4652,0.6415,0.6415,1.256,1.256,cuda:0,1000,500,compute_matched_er500,1.0,0.958,0.985,0.982,0.967,0.0,0.958,0.516,0.004,0.848,0.0,0.958,0.516,0.004,0.848
3,perm_015,none,perm_015,"[0,3,2,4,1]",0-3-2-4-1,experience_replay_compute_matched,500,er500_matched,PASS,0.0,0.0,10,128,160,10;8;8;8;8,800,160;160;160;160;160,800,100000,20000;20000;20000;20000;20000,100000,not_applicable,not_applicable,0.975,0.977,0.953,0,0.5105999999999999,0.5805,0.5805,1.315,1.315,cuda:0,1000,500,compute_matched_er500,0.999,0.96,0.977,0.986,0.953,0.0,0.96,0.553,0.168,0.872,0.0,0.96,0.553,0.168,0.872
4,perm_015,none,perm_015,"[0,3,2,4,1]",0-3-2-4-1,experience_replay_compute_matched,500,er500_matched,PASS,0.0,0.0,10,128,160,10;8;8;8;8,800,160;160;160;160;160,800,100000,20000;20000;20000;20000;20000,100000,not_applicable,not_applicable,0.9757999999999999,0.977,0.956,0,0.4756,0.6252500000000001,0.6252500000000001,1.259,1.259,cuda:0,1000,500,compute_matched_er500,0.999,0.956,0.977,0.982,0.965,0.0,0.956,0.433,0.117,0.872,0.0,0.956,0.433,0.117,0.872
5,perm_015,none,perm_015,"[0,3,2,4,1]",0-3-2-4-1,experience_replay_compute_matched,500,er500_matched,PASS,0.0,0.0,10,128,160,10;8;8;8;8,800,160;160;160;160;160,800,100000,20000;20000;20000;20000;20000,100000,not_applicable,not_applicable,0.9757999999999999,0.983,0.956,0,0.5626,0.5165000000000001,0.5165000000000001,1.271,1.271,cuda:0,1000,500,compute_matched_er500,0.999,0.956,0.983,0.983,0.958,0.0,0.956,0.624,0.359,0.874,0.0,0.956,0.624,0.359,0.874
6,perm_015,none,perm_015,"[0,3,2,4,1]",0-3-2-4-1,experience_replay_compute_matched,500,er500_matched,PASS,0.0,0.0,10,128,160,10;8;8;8;8,800,160;160;160;160;160,800,100000,20000;20000;20000;20000;20000,100000,not_applicable,not_applicable,0.9762000000000001,0.98,0.948,0,0.5744,0.50225,0.50225,1.291,1.291,cuda:0,1000,500,compute_matched_er500,1.0,0.948,0.987,0.98,0.966,0.0,0.948,0.557,0.488,0.879,0.0,0.948,0.557,0.488,0.879
7,perm_015,none,perm_015,"[0,3,2,4,1]",0-3-2-4-1,experience_replay_compute_matched,500,er500_matched,PASS,0.0,0.0,10,128,160,10;8;8;8;8,800,160;160;160;160;160,800,100000,20000;20000;20000;20000;20000,100000,not_applicable,not_applicable,0.9773999999999999,0.983,0.959,0,0.5132,0.5802499999999999,0.5802499999999999,1.284,1.284,cuda:0,1000,500,compute_matched_er500,0.999,0.959,0.984,0.983,0.962,0.0,0.959,0.65,0.153,0.804,0.0,0.959,0.65,0.153,0.804
8,perm_015,none,perm_015,"[0,3,2,4,1]",0-3-2-4-1,experience_replay_compute_matched,500,er500_matched,PASS,0.0,0.0,10,128,160,10;8;8;8;8,800,160;160;160;160;160,800,100000,20000;20000;20000;20000;20000,100000,not_applicable,not_applicable,0.9788,0.982,0.959,0,0.5214000000000001,0.57175,0.57175,1.291,1.291,cuda:0,1000,500,compute_matched_er500,0.999,0.959,0.987,0.982,0.967,0.0,0.959,0.468,0.353,0.827,0.0,0.959,0.468,0.353,0.827
9,perm_015,none,perm_015,"[0,3,2,4,1]",0-3-2-4-1,experience_replay_compute_matched,500,er500_matched,PASS,0.0,0.0,10,128,160,10;8;8;8;8,800,160;160;160;160;160,800,100000,20000;20000;20000;20000;20000,100000,not_applicable,not_applicable,0.9738,0.982,0.951,0,0.45619999999999994,0.647,0.647,1.293,1.293,cuda:0,1000,500,compute_matched_er500,0.999,0.951,0.982,0.983,0.954,0.0,0.951,0.404,0.095,0.831,0.0,0.951,0.404,0.095,0.831
10,perm_015,none,perm_015,"[0,3,2,4,1]",0-3-2-4-1,experience_replay_compute_matched,500,er500_matched,PASS,0.0,0.0,10,128,160,10;8;8;8;8,800,160;160;160;160;160,800,100000,20000;20000;20000;20000;20000,100000,not_applicable,not_applicable,0.9785999999999998,0.982,0.956,0,0.5399999999999999,0.5482499999999999,0.5482499999999999,1.253,1.253,cuda:0,1000,500,compute_matched_er500,0.999,0.956,0.986,0.982,0.97,0.0,0.956,0.456,0.396,0.892,0.0,0.956,0.456,0.396,0.892
1,perm_016,none,perm_016,"[0,3,4,1,2]",0-3-4-1-2,experience_replay_compute_matched,500,er500_matched,PASS,0.0,0.0,10,128,160,10;8;8;8;8,800,160;160;160;160;160,800,100000,20000;20000;20000;20000;20000,100000,not_applicable,not_applicable,0.9809999999999999,0.984,0.961,0,0.5112,0.58725,0.58725,1.302,1.302,cuda:0,1000,500,compute_matched_er500,0.999,0.961,0.984,0.985,0.976,0.151,0.862,0.984,0.359,0.2,0.151,0.862,0.984,0.359,0.2
2,perm_016,none,perm_016,"[0,3,4,1,2]",0-3-4-1-2,experience_replay_compute_matched,500,er500_matched,PASS,0.0,0.0,10,128,160,10;8;8;8;8,800,160;160;160;160;160,800,100000,20000;20000;20000;20000;20000,100000,not_applicable,not_applicable,0.9767999999999999,0.979,0.957,0,0.5222,0.5682499999999999,0.5682499999999999,1.297,1.297,cuda:0,1000,500,compute_matched_er500,0.999,0.957,0.979,0.983,0.966,0.315,0.888,0.979,0.251,0.178,0.315,0.888,0.979,0.251,0.178
3,perm_016,none,perm_016,"[0,3,4,1,2]",0-3-4-1-2,experience_replay_compute_matched,500,er500_matched,PASS,0.0,0.0,10,128,160,10;8;8;8;8,800,160;160;160;160;160,800,100000,20000;20000;20000;20000;20000,100000,not_applicable,not_applicable,0.9763999999999999,0.973,0.956,0,0.5654,0.5137499999999999,0.5137499999999999,1.284,1.284,cuda:0,1000,500,compute_matched_er500,0.999,0.956,0.973,0.985,0.969,0.374,0.902,0.973,0.234,0.344,0.374,0.902,0.973,0.234,0.344
4,perm_016,none,perm_016,"[0,3,4,1,2]",0-3-4-1-2,experience_replay_compute_matched,500,er500_matched,PASS,0.0,0.0,10,128,160,10;8;8;8;8,800,160;160;160;160;160,800,100000,20000;20000;20000;20000;20000,100000,not_applicable,not_applicable,0.9799999999999999,0.982,0.964,0,0.5984,0.477,0.477,1.281,1.281,cuda:0,1000,500,compute_matched_er500,0.999,0.964,0.985,0.982,0.97,0.415,0.856,0.985,0.451,0.285,0.415,0.856,0.985,0.451,0.285
5,perm_016,none,perm_016,"[0,3,4,1,2]",0-3-4-1-2,experience_replay_compute_matched,500,er500_matched,PASS,0.0,0.0,10,128,160,10;8;8;8;8,800,160;160;160;160;160,800,100000,20000;20000;20000;20000;20000,100000,not_applicable,not_applicable,0.9805999999999999,0.983,0.96,0,0.483,0.622,0.622,1.271,1.271,cuda:0,1000,500,compute_matched_er500,0.999,0.96,0.983,0.986,0.975,0.028,0.89,0.983,0.471,0.043,0.028,0.89,0.983,0.471,0.043
6,perm_016,none,perm_016,"[0,3,4,1,2]",0-3-4-1-2,experience_replay_compute_matched,500,er500_matched,PASS,0.0,0.0,10,128,160,10;8;8;8;8,800,160;160;160;160;160,800,100000,20000;20000;20000;20000;20000,100000,not_applicable,not_applicable,0.9780000000000001,0.981,0.951,0,0.6874,0.36325,0.36325,1.327,1.327,cuda:0,1000,500,compute_matched_er500,0.999,0.951,0.989,0.981,0.97,0.344,0.889,0.989,0.606,0.609,0.344,0.889,0.989,0.606,0.609
7,perm_016,none,perm_016,"[0,3,4,1,2]",0-3-4-1-2,experience_replay_compute_matched,500,er500_matched,PASS,0.0,0.0,10,128,160,10;8;8;8;8,800,160;160;160;160;160,800,100000,20000;20000;20000;20000;20000,100000,not_applicable,not_applicable,0.9818,0.983,0.963,0,0.5466,0.5439999999999999,0.5439999999999999,1.342,1.342,cuda:0,1000,500,compute_matched_er500,0.999,0.963,0.987,0.983,0.977,0.261,0.886,0.987,0.264,0.335,0.261,0.886,0.987,0.264,0.335
8,perm_016,none,perm_016,"[0,3,4,1,2]",0-3-4-1-2,experience_replay_compute_matched,500,er500_matched,PASS,0.0,0.0,10,128,160,10;8;8;8;8,800,160;160;160;160;160,800,100000,20000;20000;20000;20000;20000,100000,not_applicable,not_applicable,0.9759999999999998,0.98,0.95,0,0.5012000000000001,0.5935,0.5935,1.277,1.277,cuda:0,1000,500,compute_matched_er500,0.999,0.95,0.98,0.982,0.969,0.094,0.889,0.98,0.305,0.238,0.094,0.889,0.98,0.305,0.238
9,perm_016,none,perm_016,"[0,3,4,1,2]",0-3-4-1-2,experience_replay_compute_matched,500,er500_matched,PASS,0.0,0.0,10,128,160,10;8;8;8;8,800,160;160;160;160;160,800,100000,20000;20000;20000;20000;20000,100000,not_applicable,not_applicable,0.9772000000000001,0.981,0.951,0,0.6002,0.47125,0.47125,1.274,1.274,cuda:0,1000,500,compute_matched_er500,0.999,0.951,0.981,0.984,0.971,0.375,0.882,0.981,0.278,0.485,0.375,0.882,0.981,0.278,0.485
10,perm_016,none,perm_016,"[0,3,4,1,2]",0-3-4-1-2,experience_replay_compute_matched,500,er500_matched,PASS,0.0,0.0,10,128,160,10;8;8;8;8,800,160;160;160;160;160,800,100000,20000;20000;20000;20000;20000,100000,not_applicable,not_applicable,0.9809999999999999,0.98,0.964,0,0.5589999999999999,0.5275,0.5275,1.302,1.302,cuda:0,1000,500,compute_matched_er500,0.999,0.964,0.98,0.983,0.979,0.044,0.89,0.98,0.38,0.501,0.044,0.89,0.98,0.38,0.501
1,perm_017,none,perm_017,"[0,3,4,2,1]",0-3-4-2-1,experience_replay_compute_matched,500,er500_matched,PASS,0.0,0.0,10,128,160,10;8;8;8;8,800,160;160;160;160;160,800,100000,20000;20000;20000;20000;20000,100000,not_applicable,not_applicable,0.978,0.979,0.958,0,0.5524,0.532,0.532,1.28,1.28,cuda:0,1000,500,compute_matched_er500,0.999,0.958,0.979,0.985,0.969,0.273,0.958,0.91,0.285,0.336,0.273,0.958,0.91,0.285,0.336
2,perm_017,none,perm_017,"[0,3,4,2,1]",0-3-4-2-1,experience_replay_compute_matched,500,er500_matched,PASS,0.0,0.0,10,128,160,10;8;8;8;8,800,160;160;160;160;160,800,100000,20000;20000;20000;20000;20000,100000,not_applicable,not_applicable,0.9773999999999999,0.983,0.957,0,0.4808,0.62075,0.62075,1.217,1.217,cuda:0,1000,500,compute_matched_er500,0.999,0.957,0.984,0.983,0.964,0.003,0.957,0.872,0.371,0.201,0.003,0.957,0.872,0.371,0.201
3,perm_017,none,perm_017,"[0,3,4,2,1]",0-3-4-2-1,experience_replay_compute_matched,500,er500_matched,PASS,0.0,0.0,10,128,160,10;8;8;8;8,800,160;160;160;160;160,800,100000,20000;20000;20000;20000;20000,100000,not_applicable,not_applicable,0.9783999999999999,0.975,0.964,0,0.5184000000000001,0.575,0.575,1.223,1.223,cuda:0,1000,500,compute_matched_er500,0.999,0.964,0.975,0.982,0.972,0.0,0.964,0.91,0.345,0.373,0.0,0.964,0.91,0.345,0.373
4,perm_017,none,perm_017,"[0,3,4,2,1]",0-3-4-2-1,experience_replay_compute_matched,500,er500_matched,PASS,0.0,0.0,10,128,160,10;8;8;8;8,800,160;160;160;160;160,800,100000,20000;20000;20000;20000;20000,100000,not_applicable,not_applicable,0.9814,0.98,0.967,0,0.5644,0.52125,0.52125,1.216,1.216,cuda:0,1000,500,compute_matched_er500,0.999,0.967,0.976,0.985,0.98,0.064,0.967,0.876,0.545,0.37,0.064,0.967,0.876,0.545,0.37
5,perm_017,none,perm_017,"[0,3,4,2,1]",0-3-4-2-1,experience_replay_compute_matched,500,er500_matched,PASS,0.0,0.0,10,128,160,10;8;8;8;8,800,160;160;160;160;160,800,100000,20000;20000;20000;20000;20000,100000,not_applicable,not_applicable,0.9783999999999999,0.981,0.959,0,0.5156,0.5785,0.5785,1.229,1.229,cuda:0,1000,500,compute_matched_er500,0.999,0.959,0.981,0.982,0.971,0.0,0.959,0.893,0.254,0.472,0.0,0.959,0.893,0.254,0.472
6,perm_017,none,perm_017,"[0,3,4,2,1]",0-3-4-2-1,experience_replay_compute_matched,500,er500_matched,PASS,0.0,0.0,10,128,160,10;8;8;8;8,800,160;160;160;160;160,800,100000,20000;20000;20000;20000;20000,100000,not_applicable,not_applicable,0.9780000000000001,0.978,0.958,0,0.5032,0.5935,0.5935,1.226,1.226,cuda:0,1000,500,compute_matched_er500,0.999,0.958,0.978,0.98,0.975,0.0,0.958,0.928,0.239,0.391,0.0,0.958,0.928,0.239,0.391
7,perm_017,none,perm_017,"[0,3,4,2,1]",0-3-4-2-1,experience_replay_compute_matched,500,er500_matched,PASS,0.0,0.0,10,128,160,10;8;8;8;8,800,160;160;160;160;160,800,100000,20000;20000;20000;20000;20000,100000,not_applicable,not_applicable,0.9798,0.984,0.95,0,0.527,0.5660000000000001,0.5660000000000001,1.238,1.238,cuda:0,1000,500,compute_matched_er500,0.999,0.95,0.987,0.984,0.979,0.042,0.95,0.864,0.405,0.374,0.042,0.95,0.864,0.405,0.374
8,perm_017,none,perm_017,"[0,3,4,2,1]",0-3-4-2-1,experience_replay_compute_matched,500,er500_matched,PASS,0.0,0.0,10,128,160,10;8;8;8;8,800,160;160;160;160;160,800,100000,20000;20000;20000;20000;20000,100000,not_applicable,not_applicable,0.9773999999999999,0.979,0.959,0,0.4968,0.6007500000000001,0.6007500000000001,1.256,1.256,cuda:0,1000,500,compute_matched_er500,0.999,0.959,0.979,0.984,0.966,0.0,0.959,0.882,0.219,0.424,0.0,0.959,0.882,0.219,0.424
9,perm_017,none,perm_017,"[0,3,4,2,1]",0-3-4-2-1,experience_replay_compute_matched,500,er500_matched,PASS,0.0,0.0,10,128,160,10;8;8;8;8,800,160;160;160;160;160,800,100000,20000;20000;20000;20000;20000,100000,not_applicable,not_applicable,0.9802,0.984,0.963,0,0.5432,0.5462499999999999,0.5462499999999999,1.283,1.283,cuda:0,1000,500,compute_matched_er500,0.999,0.963,0.985,0.984,0.97,0.285,0.963,0.92,0.1,0.448,0.285,0.963,0.92,0.1,0.448
10,perm_017,none,perm_017,"[0,3,4,2,1]",0-3-4-2-1,experience_replay_compute_matched,500,er500_matched,PASS,0.0,0.0,10,128,160,10;8;8;8;8,800,160;160;160;160;160,800,100000,20000;20000;20000;20000;20000,100000,not_applicable,not_applicable,0.9802,0.978,0.966,0,0.49400000000000005,0.60775,0.60775,1.253,1.253,cuda:0,1000,500,compute_matched_er500,0.999,0.966,0.978,0.983,0.975,0.0,0.966,0.912,0.232,0.36,0.0,0.966,0.912,0.232,0.36
1,perm_018,none,perm_018,"[0,4,1,2,3]",0-4-1-2-3,experience_replay_compute_matched,500,er500_matched,PASS,0.0,0.0,10,128,160,10;8;8;8;8,800,160;160;160;160;160,800,100000,20000;20000;20000;20000;20000,100000,not_applicable,not_applicable,0.9777999999999999,0.98,0.949,0,0.6158,0.45249999999999996,0.45249999999999996,1.299,1.299,cuda:0,1000,500,compute_matched_er500,0.999,0.949,0.984,0.98,0.977,0.227,0.793,0.935,0.98,0.144,0.227,0.793,0.935,0.98,0.144
2,perm_018,none,perm_018,"[0,4,1,2,3]",0-4-1-2-3,experience_replay_compute_matched,500,er500_matched,PASS,0.0,0.0,10,128,160,10;8;8;8;8,800,160;160;160;160;160,800,100000,20000;20000;20000;20000;20000,100000,not_applicable,not_applicable,0.9805999999999999,0.981,0.957,0,0.6234,0.44649999999999995,0.44649999999999995,1.263,1.263,cuda:0,1000,500,compute_matched_er500,0.999,0.957,0.985,0.981,0.981,0.422,0.733,0.927,0.981,0.054,0.422,0.733,0.927,0.981,0.054
3,perm_018,none,perm_018,"[0,4,1,2,3]",0-4-1-2-3,experience_replay_compute_matched,500,er500_matched,PASS,0.0,0.0,10,128,160,10;8;8;8;8,800,160;160;160;160;160,800,100000,20000;20000;20000;20000;20000,100000,not_applicable,not_applicable,0.9814,0.981,0.964,0,0.5554,0.5325,0.5325,1.249,1.249,cuda:0,1000,500,compute_matched_er500,0.999,0.964,0.991,0.981,0.972,0.252,0.617,0.927,0.981,0.0,0.252,0.617,0.927,0.981,0.0
4,perm_018,none,perm_018,"[0,4,1,2,3]",0-4-1-2-3,experience_replay_compute_matched,500,er500_matched,PASS,0.0,0.0,10,128,160,10;8;8;8;8,800,160;160;160;160;160,800,100000,20000;20000;20000;20000;20000,100000,not_applicable,not_applicable,0.9790000000000001,0.979,0.963,0,0.583,0.495,0.495,1.252,1.252,cuda:0,1000,500,compute_matched_er500,0.999,0.963,0.982,0.979,0.972,0.056,0.75,0.944,0.979,0.186,0.056,0.75,0.944,0.979,0.186
5,perm_018,none,perm_018,"[0,4,1,2,3]",0-4-1-2-3,experience_replay_compute_matched,500,er500_matched,PASS,0.0,0.0,10,128,160,10;8;8;8;8,800,160;160;160;160;160,800,100000,20000;20000;20000;20000;20000,100000,not_applicable,not_applicable,0.9788,0.978,0.961,0,0.608,0.46349999999999997,0.46349999999999997,1.201,1.201,cuda:0,1000,500,compute_matched_er500,0.999,0.961,0.98,0.976,0.978,0.039,0.806,0.941,0.976,0.278,0.039,0.806,0.941,0.976,0.278
6,perm_018,none,perm_018,"[0,4,1,2,3]",0-4-1-2-3,experience_replay_compute_matched,500,er500_matched,PASS,0.0,0.0,10,128,160,10;8;8;8;8,800,160;160;160;160;160,800,100000,20000;20000;20000;20000;20000,100000,not_applicable,not_applicable,0.9789999999999999,0.982,0.957,0,0.534,0.55625,0.55625,1.205,1.205,cuda:0,1000,500,compute_matched_er500,0.999,0.957,0.983,0.982,0.974,0.042,0.689,0.924,0.982,0.033,0.042,0.689,0.924,0.982,0.033
7,perm_018,none,perm_018,"[0,4,1,2,3]",0-4-1-2-3,experience_replay_compute_matched,500,er500_matched,PASS,0.0,0.0,10,128,160,10;8;8;8;8,800,160;160;160;160;160,800,100000,20000;20000;20000;20000;20000,100000,not_applicable,not_applicable,0.9783999999999999,0.98,0.952,0,0.5418000000000001,0.54575,0.54575,1.194,1.194,cuda:0,1000,500,compute_matched_er500,0.999,0.952,0.982,0.98,0.979,0.032,0.708,0.94,0.98,0.049,0.032,0.708,0.94,0.98,0.049
8,perm_018,none,perm_018,"[0,4,1,2,3]",0-4-1-2-3,experience_replay_compute_matched,500,er500_matched,PASS,0.0,0.0,10,128,160,10;8;8;8;8,800,160;160;160;160;160,800,100000,20000;20000;20000;20000;20000,100000,not_applicable,not_applicable,0.9788,0.977,0.959,0,0.5761999999999999,0.50325,0.50325,1.246,1.246,cuda:0,1000,500,compute_matched_er500,0.999,0.959,0.985,0.977,0.974,0.204,0.763,0.925,0.977,0.012,0.204,0.763,0.925,0.977,0.012
9,perm_018,none,perm_018,"[0,4,1,2,3]",0-4-1-2-3,experience_replay_compute_matched,500,er500_matched,PASS,0.0,0.0,10,128,160,10;8;8;8;8,800,160;160;160;160;160,800,100000,20000;20000;20000;20000;20000,100000,not_applicable,not_applicable,0.9795999999999999,0.982,0.96,0,0.6048,0.4685,0.4685,1.264,1.264,cuda:0,1000,500,compute_matched_er500,0.999,0.96,0.982,0.983,0.974,0.208,0.781,0.924,0.983,0.128,0.208,0.781,0.924,0.983,0.128
10,perm_018,none,perm_018,"[0,4,1,2,3]",0-4-1-2-3,experience_replay_compute_matched,500,er500_matched,PASS,0.0,0.0,10,128,160,10;8;8;8;8,800,160;160;160;160;160,800,100000,20000;20000;20000;20000;20000,100000,not_applicable,not_applicable,0.9788,0.977,0.956,0,0.6066,0.46525,0.46525,1.259,1.259,cuda:0,1000,500,compute_matched_er500,0.999,0.956,0.986,0.976,0.977,0.177,0.778,0.934,0.976,0.168,0.177,0.778,0.934,0.976,0.168
1,perm_019,none,perm_019,"[0,4,1,3,2]",0-4-1-3-2,experience_replay_compute_matched,500,er500_matched,PASS,0.0,0.0,10,128,160,10;8;8;8;8,800,160;160;160;160;160,800,100000,20000;20000;20000;20000;20000,100000,not_applicable,not_applicable,0.9787999999999999,0.982,0.956,0,0.5366000000000001,0.55275,0.55275,1.203,1.203,cuda:0,1000,500,compute_matched_er500,0.999,0.956,0.983,0.982,0.974,0.176,0.594,0.983,0.929,0.001,0.176,0.594,0.983,0.929,0.001
2,perm_019,none,perm_019,"[0,4,1,3,2]",0-4-1-3-2,experience_replay_compute_matched,500,er500_matched,PASS,0.0,0.0,10,128,160,10;8;8;8;8,800,160;160;160;160;160,800,100000,20000;20000;20000;20000;20000,100000,not_applicable,not_applicable,0.9782,0.978,0.954,0,0.524,0.56775,0.56775,1.225,1.225,cuda:0,1000,500,compute_matched_er500,1.0,0.954,0.975,0.984,0.978,0.042,0.697,0.975,0.906,0.0,0.042,0.697,0.975,0.906,0.0
3,perm_019,none,perm_019,"[0,4,1,3,2]",0-4-1-3-2,experience_replay_compute_matched,500,er500_matched,PASS,0.0,0.0,10,128,160,10;8;8;8;8,800,160;160;160;160;160,800,100000,20000;20000;20000;20000;20000,100000,not_applicable,not_applicable,0.9780000000000001,0.977,0.959,0,0.6083999999999999,0.46199999999999997,0.46199999999999997,1.201,1.201,cuda:0,1000,500,compute_matched_er500,0.999,0.959,0.977,0.983,0.972,0.375,0.766,0.977,0.907,0.017,0.375,0.766,0.977,0.907,0.017
4,perm_019,none,perm_019,"[0,4,1,3,2]",0-4-1-3-2,experience_replay_compute_matched,500,er500_matched,PASS,0.0,0.0,10,128,160,10;8;8;8;8,800,160;160;160;160;160,800,100000,20000;20000;20000;20000;20000,100000,not_applicable,not_applicable,0.9794,0.977,0.965,0,0.6000000000000001,0.47424999999999995,0.47424999999999995,1.208,1.208,cuda:0,1000,500,compute_matched_er500,0.999,0.965,0.98,0.977,0.976,0.199,0.802,0.98,0.919,0.1,0.199,0.802,0.98,0.919,0.1
5,perm_019,none,perm_019,"[0,4,1,3,2]",0-4-1-3-2,experience_replay_compute_matched,500,er500_matched,PASS,0.0,0.0,10,128,160,10;8;8;8;8,800,160;160;160;160;160,800,100000,20000;20000;20000;20000;20000,100000,not_applicable,not_applicable,0.978,0.979,0.955,0,0.5608,0.5215,0.5215,1.221,1.221,cuda:0,1000,500,compute_matched_er500,0.999,0.955,0.979,0.981,0.976,0.195,0.727,0.979,0.894,0.009,0.195,0.727,0.979,0.894,0.009
6,perm_019,none,perm_019,"[0,4,1,3,2]",0-4-1-3-2,experience_replay_compute_matched,500,er500_matched,PASS,0.0,0.0,10,128,160,10;8;8;8;8,800,160;160;160;160;160,800,100000,20000;20000;20000;20000;20000,100000,not_applicable,not_applicable,0.975,0.975,0.946,0,0.5424,0.54075,0.54075,1.239,1.239,cuda:0,1000,500,compute_matched_er500,0.999,0.946,0.973,0.982,0.975,0.118,0.7,0.973,0.911,0.01,0.118,0.7,0.973,0.911,0.01
7,perm_019,none,perm_019,"[0,4,1,3,2]",0-4-1-3-2,experience_replay_compute_matched,500,er500_matched,PASS,0.0,0.0,10,128,160,10;8;8;8;8,800,160;160;160;160;160,800,100000,20000;20000;20000;20000;20000,100000,not_applicable,not_applicable,0.9792,0.977,0.965,0,0.5846,0.49324999999999997,0.49324999999999997,1.221,1.221,cuda:0,1000,500,compute_matched_er500,0.999,0.965,0.977,0.984,0.971,0.36,0.686,0.977,0.9,0.0,0.36,0.686,0.977,0.9,0.0
8,perm_019,none,perm_019,"[0,4,1,3,2]",0-4-1-3-2,experience_replay_compute_matched,500,er500_matched,PASS,0.0,0.0,10,128,160,10;8;8;8;8,800,160;160;160;160;160,800,100000,20000;20000;20000;20000;20000,100000,not_applicable,not_applicable,0.9768000000000001,0.976,0.951,0,0.6098,0.45875,0.45875,1.322,1.322,cuda:0,1000,500,compute_matched_er500,0.999,0.951,0.976,0.984,0.974,0.423,0.742,0.976,0.908,0.0,0.423,0.742,0.976,0.908,0.0
9,perm_019,none,perm_019,"[0,4,1,3,2]",0-4-1-3-2,experience_replay_compute_matched,500,er500_matched,PASS,0.0,0.0,10,128,160,10;8;8;8;8,800,160;160;160;160;160,800,100000,20000;20000;20000;20000;20000,100000,not_applicable,not_applicable,0.9757999999999999,0.972,0.96,0,0.5582,0.5219999999999999,0.5219999999999999,1.333,1.333,cuda:0,1000,500,compute_matched_er500,0.999,0.96,0.976,0.972,0.972,0.243,0.658,0.976,0.914,0.0,0.243,0.658,0.976,0.914,0.0
10,perm_019,none,perm_019,"[0,4,1,3,2]",0-4-1-3-2,experience_replay_compute_matched,500,er500_matched,PASS,0.0,0.0,10,128,160,10;8;8;8;8,800,160;160;160;160;160,800,100000,20000;20000;20000;20000;20000,100000,not_applicable,not_applicable,0.9802,0.981,0.96,0,0.5584,0.52725,0.52725,1.341,1.341,cuda:0,1000,500,compute_matched_er500,0.999,0.96,0.982,0.979,0.981,0.189,0.704,0.982,0.917,0.0,0.189,0.704,0.982,0.917,0.0
1,perm_020,none,perm_020,"[0,4,2,1,3]",0-4-2-1-3,experience_replay_compute_matched,500,er500_matched,PASS,0.0,0.0,10,128,160,10;8;8;8;8,800,160;160;160;160;160,800,100000,20000;20000;20000;20000;20000,100000,not_applicable,not_applicable,0.9808,0.982,0.959,0,0.563,0.52225,0.52225,1.276,1.276,cuda:0,1000,500,compute_matched_er500,0.999,0.959,0.987,0.982,0.977,0.0,0.919,0.777,0.982,0.137,0.0,0.919,0.777,0.982,0.137
2,perm_020,none,perm_020,"[0,4,2,1,3]",0-4-2-1-3,experience_replay_compute_matched,500,er500_matched,PASS,0.0,0.0,10,128,160,10;8;8;8;8,800,160;160;160;160;160,800,100000,20000;20000;20000;20000;20000,100000,not_applicable,not_applicable,0.9798,0.981,0.957,0,0.5424,0.54675,0.54675,1.283,1.283,cuda:0,1000,500,compute_matched_er500,0.999,0.957,0.981,0.981,0.981,0.103,0.914,0.709,0.981,0.005,0.103,0.914,0.709,0.981,0.005
3,perm_020,none,perm_020,"[0,4,2,1,3]",0-4-2-1-3,experience_replay_compute_matched,500,er500_matched,PASS,0.0,0.0,10,128,160,10;8;8;8;8,800,160;160;160;160;160,800,100000,20000;20000;20000;20000;20000,100000,not_applicable,not_applicable,0.9792,0.98,0.955,0,0.5928000000000001,0.483,0.483,1.3,1.3,cuda:0,1000,500,compute_matched_er500,0.999,0.955,0.98,0.983,0.979,0.0,0.922,0.835,0.983,0.224,0.0,0.922,0.835,0.983,0.224
4,perm_020,none,perm_020,"[0,4,2,1,3]",0-4-2-1-3,experience_replay_compute_matched,500,er500_matched,PASS,0.0,0.0,10,128,160,10;8;8;8;8,800,160;160;160;160;160,800,100000,20000;20000;20000;20000;20000,100000,not_applicable,not_applicable,0.9805999999999999,0.977,0.961,0,0.5378000000000001,0.5535,0.5535,1.297,1.297,cuda:0,1000,500,compute_matched_er500,0.999,0.961,0.992,0.977,0.974,0.0,0.917,0.794,0.977,0.001,0.0,0.917,0.794,0.977,0.001
5,perm_020,none,perm_020,"[0,4,2,1,3]",0-4-2-1-3,experience_replay_compute_matched,500,er500_matched,PASS,0.0,0.0,10,128,160,10;8;8;8;8,800,160;160;160;160;160,800,100000,20000;20000;20000;20000;20000,100000,not_applicable,not_applicable,0.9805999999999999,0.982,0.961,0,0.5478,0.5409999999999999,0.5409999999999999,1.269,1.269,cuda:0,1000,500,compute_matched_er500,0.999,0.961,0.988,0.982,0.973,0.0,0.924,0.772,0.982,0.061,0.0,0.924,0.772,0.982,0.061
6,perm_020,none,perm_020,"[0,4,2,1,3]",0-4-2-1-3,experience_replay_compute_matched,500,er500_matched,PASS,0.0,0.0,10,128,160,10;8;8;8;8,800,160;160;160;160;160,800,100000,20000;20000;20000;20000;20000,100000,not_applicable,not_applicable,0.9794,0.98,0.952,0,0.5406000000000001,0.5485,0.5485,1.337,1.337,cuda:0,1000,500,compute_matched_er500,0.999,0.952,0.991,0.98,0.975,0.066,0.909,0.748,0.98,0.0,0.066,0.909,0.748,0.98,0.0
7,perm_020,none,perm_020,"[0,4,2,1,3]",0-4-2-1-3,experience_replay_compute_matched,500,er500_matched,PASS,0.0,0.0,10,128,160,10;8;8;8;8,800,160;160;160;160;160,800,100000,20000;20000;20000;20000;20000,100000,not_applicable,not_applicable,0.9808,0.981,0.961,0,0.5369999999999999,0.55475,0.55475,1.359,1.359,cuda:0,1000,500,compute_matched_er500,0.999,0.961,0.984,0.981,0.979,0.0,0.91,0.74,0.981,0.054,0.0,0.91,0.74,0.981,0.054
8,perm_020,none,perm_020,"[0,4,2,1,3]",0-4-2-1-3,experience_replay_compute_matched,500,er500_matched,PASS,0.0,0.0,10,128,160,10;8;8;8;8,800,160;160;160;160;160,800,100000,20000;20000;20000;20000;20000,100000,not_applicable,not_applicable,0.9789999999999999,0.983,0.954,0,0.5368,0.55275,0.55275,1.357,1.357,cuda:0,1000,500,compute_matched_er500,0.999,0.954,0.986,0.983,0.973,0.0,0.914,0.732,0.983,0.055,0.0,0.914,0.732,0.983,0.055
9,perm_020,none,perm_020,"[0,4,2,1,3]",0-4-2-1-3,experience_replay_compute_matched,500,er500_matched,PASS,0.0,0.0,10,128,160,10;8;8;8;8,800,160;160;160;160;160,800,100000,20000;20000;20000;20000;20000,100000,not_applicable,not_applicable,0.9804,0.981,0.964,0,0.5502,0.53775,0.53775,1.362,1.362,cuda:0,1000,500,compute_matched_er500,0.999,0.964,0.984,0.981,0.974,0.118,0.91,0.742,0.981,0.0,0.118,0.91,0.742,0.981,0.0
10,perm_020,none,perm_020,"[0,4,2,1,3]",0-4-2-1-3,experience_replay_compute_matched,500,er500_matched,PASS,0.0,0.0,10,128,160,10;8;8;8;8,800,160;160;160;160;160,800,100000,20000;20000;20000;20000;20000,100000,not_applicable,not_applicable,0.9812,0.981,0.958,0,0.5042,0.59625,0.59625,1.303,1.303,cuda:0,1000,500,compute_matched_er500,0.999,0.958,0.989,0.981,0.979,0.008,0.91,0.616,0.981,0.006,0.008,0.91,0.616,0.981,0.006
1,perm_021,none,perm_021,"[0,4,2,3,1]",0-4-2-3-1,experience_replay_compute_matched,500,er500_matched,PASS,0.0,0.0,10,128,160,10;8;8;8;8,800,160;160;160;160;160,800,100000,20000;20000;20000;20000;20000,100000,not_applicable,not_applicable,0.9814,0.979,0.966,0,0.5256,0.56975,0.56975,1.369,1.369,cuda:0,1000,500,compute_matched_er500,0.999,0.966,0.99,0.979,0.973,0.0,0.966,0.756,0.905,0.001,0.0,0.966,0.756,0.905,0.001
2,perm_021,none,perm_021,"[0,4,2,3,1]",0-4-2-3-1,experience_replay_compute_matched,500,er500_matched,PASS,0.0,0.0,10,128,160,10;8;8;8;8,800,160;160;160;160;160,800,100000,20000;20000;20000;20000;20000,100000,not_applicable,not_applicable,0.9785999999999999,0.979,0.957,0,0.49720000000000003,0.60175,0.60175,1.297,1.297,cuda:0,1000,500,compute_matched_er500,0.999,0.957,0.982,0.979,0.976,0.007,0.957,0.592,0.915,0.015,0.007,0.957,0.592,0.915,0.015
3,perm_021,none,perm_021,"[0,4,2,3,1]",0-4-2-3-1,experience_replay_compute_matched,500,er500_matched,PASS,0.0,0.0,10,128,160,10;8;8;8;8,800,160;160;160;160;160,800,100000,20000;20000;20000;20000;20000,100000,not_applicable,not_applicable,0.9792,0.981,0.961,0,0.5154,0.57975,0.57975,1.268,1.268,cuda:0,1000,500,compute_matched_er500,0.999,0.961,0.981,0.983,0.972,0.0,0.961,0.658,0.916,0.042,0.0,0.961,0.658,0.916,0.042
4,perm_021,none,perm_021,"[0,4,2,3,1]",0-4-2-3-1,experience_replay_compute_matched,500,er500_matched,PASS,0.0,0.0,10,128,160,10;8;8;8;8,800,160;160;160;160;160,800,100000,20000;20000;20000;20000;20000,100000,not_applicable,not_applicable,0.9785999999999999,0.974,0.955,0,0.5716,0.50875,0.50875,1.278,1.278,cuda:0,1000,500,compute_matched_er500,0.999,0.955,0.991,0.974,0.974,0.058,0.955,0.642,0.909,0.294,0.058,0.955,0.642,0.909,0.294
5,perm_021,none,perm_021,"[0,4,2,3,1]",0-4-2-3-1,experience_replay_compute_matched,500,er500_matched,PASS,0.0,0.0,10,128,160,10;8;8;8;8,800,160;160;160;160;160,800,100000,20000;20000;20000;20000;20000,100000,not_applicable,not_applicable,0.9789999999999999,0.977,0.959,0,0.4784,0.6257499999999999,0.6257499999999999,1.304,1.304,cuda:0,1000,500,compute_matched_er500,0.999,0.959,0.988,0.972,0.977,0.0,0.959,0.498,0.919,0.016,0.0,0.959,0.498,0.919,0.016
6,perm_021,none,perm_021,"[0,4,2,3,1]",0-4-2-3-1,experience_replay_compute_matched,500,er500_matched,PASS,0.0,0.0,10,128,160,10;8;8;8;8,800,160;160;160;160;160,800,100000,20000;20000;20000;20000;20000,100000,not_applicable,not_applicable,0.9794,0.978,0.958,0,0.48340000000000005,0.62,0.62,1.298,1.298,cuda:0,1000,500,compute_matched_er500,0.999,0.958,0.985,0.978,0.977,0.001,0.958,0.495,0.919,0.044,0.001,0.958,0.495,0.919,0.044
7,perm_021,none,perm_021,"[0,4,2,3,1]",0-4-2-3-1,experience_replay_compute_matched,500,er500_matched,PASS,0.0,0.0,10,128,160,10;8;8;8;8,800,160;160;160;160;160,800,100000,20000;20000;20000;20000;20000,100000,not_applicable,not_applicable,0.9782,0.978,0.953,0,0.47800000000000004,0.62525,0.62525,1.294,1.294,cuda:0,1000,500,compute_matched_er500,0.999,0.953,0.985,0.976,0.978,0.0,0.953,0.517,0.919,0.001,0.0,0.953,0.517,0.919,0.001
8,perm_021,none,perm_021,"[0,4,2,3,1]",0-4-2-3-1,experience_replay_compute_matched,500,er500_matched,PASS,0.0,0.0,10,128,160,10;8;8;8;8,800,160;160;160;160;160,800,100000,20000;20000;20000;20000;20000,100000,not_applicable,not_applicable,0.9802,0.98,0.964,0,0.6275999999999999,0.44075,0.44075,1.281,1.281,cuda:0,1000,500,compute_matched_er500,0.999,0.964,0.983,0.98,0.975,0.384,0.964,0.736,0.917,0.137,0.384,0.964,0.736,0.917,0.137
9,perm_021,none,perm_021,"[0,4,2,3,1]",0-4-2-3-1,experience_replay_compute_matched,500,er500_matched,PASS,0.0,0.0,10,128,160,10;8;8;8;8,800,160;160;160;160;160,800,100000,20000;20000;20000;20000;20000,100000,not_applicable,not_applicable,0.9831999999999999,0.982,0.968,0,0.5102,0.59125,0.59125,1.245,1.245,cuda:0,1000,500,compute_matched_er500,0.999,0.968,0.989,0.982,0.978,0.0,0.968,0.691,0.891,0.001,0.0,0.968,0.691,0.891,0.001
10,perm_021,none,perm_021,"[0,4,2,3,1]",0-4-2-3-1,experience_replay_compute_matched,500,er500_matched,PASS,0.0,0.0,10,128,160,10;8;8;8;8,800,160;160;160;160;160,800,100000,20000;20000;20000;20000;20000,100000,not_applicable,not_applicable,0.9812,0.981,0.96,0,0.509,0.5902499999999999,0.5902499999999999,1.236,1.236,cuda:0,1000,500,compute_matched_er500,0.999,0.96,0.987,0.981,0.979,0.0,0.96,0.672,0.908,0.005,0.0,0.96,0.672,0.908,0.005
1,perm_022,none,perm_022,"[0,4,3,1,2]",0-4-3-1-2,experience_replay_compute_matched,500,er500_matched,PASS,0.0,0.0,10,128,160,10;8;8;8;8,800,160;160;160;160;160,800,100000,20000;20000;20000;20000;20000,100000,not_applicable,not_applicable,0.9800000000000001,0.973,0.967,0,0.5963999999999999,0.4795,0.4795,1.241,1.241,cuda:0,1000,500,compute_matched_er500,1.0,0.967,0.988,0.972,0.973,0.265,0.865,0.988,0.831,0.033,0.265,0.865,0.988,0.831,0.033
2,perm_022,none,perm_022,"[0,4,3,1,2]",0-4-3-1-2,experience_replay_compute_matched,500,er500_matched,PASS,0.0,0.0,10,128,160,10;8;8;8;8,800,160;160;160;160;160,800,100000,20000;20000;20000;20000;20000,100000,not_applicable,not_applicable,0.9762000000000001,0.973,0.961,0,0.5584,0.52225,0.52225,1.263,1.263,cuda:0,1000,500,compute_matched_er500,0.999,0.967,0.981,0.961,0.973,0.133,0.863,0.981,0.815,0.0,0.133,0.863,0.981,0.815,0.0
3,perm_022,none,perm_022,"[0,4,3,1,2]",0-4-3-1-2,experience_replay_compute_matched,500,er500_matched,PASS,0.0,0.0,10,128,160,10;8;8;8;8,800,160;160;160;160;160,800,100000,20000;20000;20000;20000;20000,100000,not_applicable,not_applicable,0.9774,0.977,0.959,0,0.5943999999999999,0.47875,0.47875,1.26,1.26,cuda:0,1000,500,compute_matched_er500,0.999,0.959,0.98,0.972,0.977,0.386,0.878,0.98,0.728,0.0,0.386,0.878,0.98,0.728,0.0
4,perm_022,none,perm_022,"[0,4,3,1,2]",0-4-3-1-2,experience_replay_compute_matched,500,er500_matched,PASS,0.0,0.0,10,128,160,10;8;8;8;8,800,160;160;160;160;160,800,100000,20000;20000;20000;20000;20000,100000,not_applicable,not_applicable,0.9774,0.976,0.959,0,0.5306,0.5584999999999999,0.5584999999999999,1.242,1.242,cuda:0,1000,500,compute_matched_er500,0.999,0.959,0.976,0.976,0.977,0.0,0.872,0.976,0.805,0.0,0.0,0.872,0.976,0.805,0.0
5,perm_022,none,perm_022,"[0,4,3,1,2]",0-4-3-1-2,experience_replay_compute_matched,500,er500_matched,PASS,0.0,0.0,10,128,160,10;8;8;8;8,800,160;160;160;160;160,800,100000,20000;20000;20000;20000;20000,100000,not_applicable,not_applicable,0.9789999999999999,0.978,0.963,0,0.5944,0.48075,0.48075,1.242,1.242,cuda:0,1000,500,compute_matched_er500,0.999,0.963,0.984,0.971,0.978,0.27,0.895,0.984,0.823,0.0,0.27,0.895,0.984,0.823,0.0
6,perm_022,none,perm_022,"[0,4,3,1,2]",0-4-3-1-2,experience_replay_compute_matched,500,er500_matched,PASS,0.0,0.0,10,128,160,10;8;8;8;8,800,160;160;160;160;160,800,100000,20000;20000;20000;20000;20000,100000,not_applicable,not_applicable,0.978,0.98,0.958,0,0.5632,0.5185,0.5185,1.242,1.242,cuda:0,1000,500,compute_matched_er500,0.999,0.958,0.984,0.969,0.98,0.136,0.886,0.984,0.81,0.0,0.136,0.886,0.984,0.81,0.0
7,perm_022,none,perm_022,"[0,4,3,1,2]",0-4-3-1-2,experience_replay_compute_matched,500,er500_matched,PASS,0.0,0.0,10,128,160,10;8;8;8;8,800,160;160;160;160;160,800,100000,20000;20000;20000;20000;20000,100000,not_applicable,not_applicable,0.9809999999999999,0.982,0.96,0,0.5916,0.48675,0.48675,1.263,1.263,cuda:0,1000,500,compute_matched_er500,1.0,0.96,0.983,0.98,0.982,0.399,0.847,0.983,0.729,0.0,0.399,0.847,0.983,0.729,0.0
8,perm_022,none,perm_022,"[0,4,3,1,2]",0-4-3-1-2,experience_replay_compute_matched,500,er500_matched,PASS,0.0,0.0,10,128,160,10;8;8;8;8,800,160;160;160;160;160,800,100000,20000;20000;20000;20000;20000,100000,not_applicable,not_applicable,0.9763999999999999,0.975,0.962,0,0.6222,0.44275,0.44275,1.255,1.255,cuda:0,1000,500,compute_matched_er500,0.999,0.962,0.975,0.969,0.977,0.402,0.917,0.975,0.804,0.013,0.402,0.917,0.975,0.804,0.013
9,perm_022,none,perm_022,"[0,4,3,1,2]",0-4-3-1-2,experience_replay_compute_matched,500,er500_matched,PASS,0.0,0.0,10,128,160,10;8;8;8;8,800,160;160;160;160;160,800,100000,20000;20000;20000;20000;20000,100000,not_applicable,not_applicable,0.9785999999999999,0.976,0.962,0,0.5551999999999999,0.52925,0.52925,1.35,1.35,cuda:0,1000,500,compute_matched_er500,1.0,0.962,0.981,0.976,0.974,0.208,0.844,0.981,0.743,0.0,0.208,0.844,0.981,0.743,0.0
10,perm_022,none,perm_022,"[0,4,3,1,2]",0-4-3-1-2,experience_replay_compute_matched,500,er500_matched,PASS,0.0,0.0,10,128,160,10;8;8;8;8,800,160;160;160;160;160,800,100000,20000;20000;20000;20000;20000,100000,not_applicable,not_applicable,0.9767999999999999,0.971,0.968,0,0.5878,0.48624999999999996,0.48624999999999996,1.274,1.274,cuda:0,1000,500,compute_matched_er500,0.999,0.968,0.978,0.968,0.971,0.295,0.89,0.978,0.776,0.0,0.295,0.89,0.978,0.776,0.0
1,perm_023,none,perm_023,"[0,4,3,2,1]",0-4-3-2-1,experience_replay_compute_matched,500,er500_matched,PASS,0.0,0.0,10,128,160,10;8;8;8;8,800,160;160;160;160;160,800,100000,20000;20000;20000;20000;20000,100000,not_applicable,not_applicable,0.9756,0.973,0.954,0,0.48599999999999993,0.612,0.612,1.254,1.254,cuda:0,1000,500,compute_matched_er500,0.999,0.954,0.979,0.973,0.973,0.0,0.954,0.891,0.585,0.0,0.0,0.954,0.891,0.585,0.0
2,perm_023,none,perm_023,"[0,4,3,2,1]",0-4-3-2-1,experience_replay_compute_matched,500,er500_matched,PASS,0.0,0.0,10,128,160,10;8;8;8;8,800,160;160;160;160;160,800,100000,20000;20000;20000;20000;20000,100000,not_applicable,not_applicable,0.977,0.976,0.959,0,0.5189999999999999,0.5725,0.5725,1.268,1.268,cuda:0,1000,500,compute_matched_er500,0.999,0.959,0.978,0.976,0.973,0.0,0.959,0.896,0.727,0.013,0.0,0.959,0.896,0.727,0.013
3,perm_023,none,perm_023,"[0,4,3,2,1]",0-4-3-2-1,experience_replay_compute_matched,500,er500_matched,PASS,0.0,0.0,10,128,160,10;8;8;8;8,800,160;160;160;160;160,800,100000,20000;20000;20000;20000;20000,100000,not_applicable,not_applicable,0.9783999999999999,0.975,0.967,0,0.5304,0.5599999999999999,0.5599999999999999,1.261,1.261,cuda:0,1000,500,compute_matched_er500,0.999,0.967,0.981,0.97,0.975,0.019,0.967,0.886,0.736,0.044,0.019,0.967,0.886,0.736,0.044
4,perm_023,none,perm_023,"[0,4,3,2,1]",0-4-3-2-1,experience_replay_compute_matched,500,er500_matched,PASS,0.0,0.0,10,128,160,10;8;8;8;8,800,160;160;160;160;160,800,100000,20000;20000;20000;20000;20000,100000,not_applicable,not_applicable,0.9800000000000001,0.978,0.964,0,0.5606,0.52425,0.52425,1.254,1.254,cuda:0,1000,500,compute_matched_er500,0.999,0.964,0.986,0.978,0.973,0.142,0.964,0.823,0.706,0.168,0.142,0.964,0.823,0.706,0.168
5,perm_023,none,perm_023,"[0,4,3,2,1]",0-4-3-2-1,experience_replay_compute_matched,500,er500_matched,PASS,0.0,0.0,10,128,160,10;8;8;8;8,800,160;160;160;160;160,800,100000,20000;20000;20000;20000;20000,100000,not_applicable,not_applicable,0.978,0.972,0.964,0,0.5751999999999999,0.5035,0.5035,1.238,1.238,cuda:0,1000,500,compute_matched_er500,0.999,0.964,0.985,0.97,0.972,0.174,0.964,0.912,0.819,0.007,0.174,0.964,0.912,0.819,0.007
6,perm_023,none,perm_023,"[0,4,3,2,1]",0-4-3-2-1,experience_replay_compute_matched,500,er500_matched,PASS,0.0,0.0,10,128,160,10;8;8;8;8,800,160;160;160;160;160,800,100000,20000;20000;20000;20000;20000,100000,not_applicable,not_applicable,0.9776,0.975,0.962,0,0.5354,0.55275,0.55275,1.214,1.214,cuda:0,1000,500,compute_matched_er500,1.0,0.962,0.982,0.975,0.969,0.064,0.962,0.889,0.757,0.005,0.064,0.962,0.889,0.757,0.005
7,perm_023,none,perm_023,"[0,4,3,2,1]",0-4-3-2-1,experience_replay_compute_matched,500,er500_matched,PASS,0.0,0.0,10,128,160,10;8;8;8;8,800,160;160;160;160;160,800,100000,20000;20000;20000;20000;20000,100000,not_applicable,not_applicable,0.9748000000000001,0.979,0.95,0,0.5506,0.53025,0.53025,1.214,1.214,cuda:0,1000,500,compute_matched_er500,0.999,0.95,0.979,0.966,0.98,0.0,0.95,0.891,0.746,0.166,0.0,0.95,0.891,0.746,0.166
8,perm_023,none,perm_023,"[0,4,3,2,1]",0-4-3-2-1,experience_replay_compute_matched,500,er500_matched,PASS,0.0,0.0,10,128,160,10;8;8;8;8,800,160;160;160;160;160,800,100000,20000;20000;20000;20000;20000,100000,not_applicable,not_applicable,0.9763999999999999,0.977,0.957,0,0.6108,0.45699999999999996,0.45699999999999996,1.197,1.197,cuda:0,1000,500,compute_matched_er500,0.999,0.957,0.98,0.969,0.977,0.429,0.957,0.9,0.764,0.004,0.429,0.957,0.9,0.764,0.004
9,perm_023,none,perm_023,"[0,4,3,2,1]",0-4-3-2-1,experience_replay_compute_matched,500,er500_matched,PASS,0.0,0.0,10,128,160,10;8;8;8;8,800,160;160;160;160;160,800,100000,20000;20000;20000;20000;20000,100000,not_applicable,not_applicable,0.9773999999999999,0.978,0.957,0,0.5682,0.5115000000000001,0.5115000000000001,1.22,1.22,cuda:0,1000,500,compute_matched_er500,0.999,0.957,0.978,0.971,0.982,0.088,0.957,0.897,0.719,0.18,0.088,0.957,0.897,0.719,0.18
10,perm_023,none,perm_023,"[0,4,3,2,1]",0-4-3-2-1,experience_replay_compute_matched,500,er500_matched,PASS,0.0,0.0,10,128,160,10;8;8;8;8,800,160;160;160;160;160,800,100000,20000;20000;20000;20000;20000,100000,not_applicable,not_applicable,0.977,0.976,0.961,0,0.5518,0.5315,0.5315,1.213,1.213,cuda:0,1000,500,compute_matched_er500,0.999,0.961,0.98,0.969,0.976,0.0,0.961,0.898,0.768,0.132,0.0,0.961,0.898,0.768,0.132
1,perm_024,none,perm_024,"[1,0,2,3,4]",1-0-2-3-4,experience_replay_compute_matched,500,er500_matched,PASS,0.0,0.0,10,128,160,10;8;8;8;8,800,160;160;160;160;160,800,100000,20000;20000;20000;20000;20000,100000,not_applicable,not_applicable,0.9827999999999999,0.981,0.966,0,0.6024,0.47550000000000003,0.47550000000000003,1.241,1.241,cuda:0,1000,500,compute_matched_er500,0.997,0.981,0.989,0.981,0.966,0.734,0.0,0.459,0.853,0.966,0.734,0.0,0.459,0.853,0.966
2,perm_024,none,perm_024,"[1,0,2,3,4]",1-0-2-3-4,experience_replay_compute_matched,500,er500_matched,PASS,0.0,0.0,10,128,160,10;8;8;8;8,800,160;160;160;160;160,800,100000,20000;20000;20000;20000;20000,100000,not_applicable,not_applicable,0.9816,0.977,0.969,0,0.6168,0.45599999999999996,0.45599999999999996,1.225,1.225,cuda:0,1000,500,compute_matched_er500,0.997,0.977,0.989,0.976,0.969,0.712,0.003,0.517,0.883,0.969,0.712,0.003,0.517,0.883,0.969
3,perm_024,none,perm_024,"[1,0,2,3,4]",1-0-2-3-4,experience_replay_compute_matched,500,er500_matched,PASS,0.0,0.0,10,128,160,10;8;8;8;8,800,160;160;160;160;160,800,100000,20000;20000;20000;20000;20000,100000,not_applicable,not_applicable,0.984,0.98,0.971,0,0.6374000000000001,0.4332499999999999,0.4332499999999999,1.259,1.259,cuda:0,1000,500,compute_matched_er500,0.996,0.98,0.993,0.98,0.971,0.77,0.0,0.54,0.906,0.971,0.77,0.0,0.54,0.906,0.971
4,perm_024,none,perm_024,"[1,0,2,3,4]",1-0-2-3-4,experience_replay_compute_matched,500,er500_matched,PASS,0.0,0.0,10,128,160,10;8;8;8;8,800,160;160;160;160;160,800,100000,20000;20000;20000;20000;20000,100000,not_applicable,not_applicable,0.9832000000000001,0.985,0.973,0,0.5706,0.51575,0.51575,1.241,1.241,cuda:0,1000,500,compute_matched_er500,0.995,0.976,0.987,0.985,0.973,0.661,0.0,0.316,0.903,0.973,0.661,0.0,0.316,0.903,0.973
5,perm_024,none,perm_024,"[1,0,2,3,4]",1-0-2-3-4,experience_replay_compute_matched,500,er500_matched,PASS,0.0,0.0,10,128,160,10;8;8;8;8,800,160;160;160;160;160,800,100000,20000;20000;20000;20000;20000,100000,not_applicable,not_applicable,0.9836,0.984,0.973,0,0.5734,0.51275,0.51275,1.239,1.239,cuda:0,1000,500,compute_matched_er500,0.995,0.979,0.987,0.984,0.973,0.672,0.0,0.327,0.895,0.973,0.672,0.0,0.327,0.895,0.973
6,perm_024,none,perm_024,"[1,0,2,3,4]",1-0-2-3-4,experience_replay_compute_matched,500,er500_matched,PASS,0.0,0.0,10,128,160,10;8;8;8;8,800,160;160;160;160;160,800,100000,20000;20000;20000;20000;20000,100000,not_applicable,not_applicable,0.9810000000000001,0.981,0.965,0,0.4774,0.6295,0.6295,1.239,1.239,cuda:0,1000,500,compute_matched_er500,0.996,0.972,0.991,0.981,0.965,0.253,0.0,0.28,0.889,0.965,0.253,0.0,0.28,0.889,0.965
7,perm_024,none,perm_024,"[1,0,2,3,4]",1-0-2-3-4,experience_replay_compute_matched,500,er500_matched,PASS,0.0,0.0,10,128,160,10;8;8;8;8,800,160;160;160;160;160,800,100000,20000;20000;20000;20000;20000,100000,not_applicable,not_applicable,0.9844000000000002,0.982,0.972,0,0.6158,0.46075,0.46075,1.226,1.226,cuda:0,1000,500,compute_matched_er500,0.997,0.979,0.992,0.982,0.972,0.802,0.0,0.414,0.891,0.972,0.802,0.0,0.414,0.891,0.972
8,perm_024,none,perm_024,"[1,0,2,3,4]",1-0-2-3-4,experience_replay_compute_matched,500,er500_matched,PASS,0.0,0.0,10,128,160,10;8;8;8;8,800,160;160;160;160;160,800,100000,20000;20000;20000;20000;20000,100000,not_applicable,not_applicable,0.9843999999999999,0.985,0.974,0,0.5332,0.5640000000000001,0.5640000000000001,1.243,1.243,cuda:0,1000,500,compute_matched_er500,0.996,0.978,0.989,0.985,0.974,0.565,0.0,0.269,0.858,0.974,0.565,0.0,0.269,0.858,0.974
9,perm_024,none,perm_024,"[1,0,2,3,4]",1-0-2-3-4,experience_replay_compute_matched,500,er500_matched,PASS,0.0,0.0,10,128,160,10;8;8;8;8,800,160;160;160;160;160,800,100000,20000;20000;20000;20000;20000,100000,not_applicable,not_applicable,0.9823999999999999,0.979,0.972,0,0.5196,0.5784999999999999,0.5784999999999999,1.27,1.27,cuda:0,1000,500,compute_matched_er500,0.996,0.976,0.989,0.979,0.972,0.644,0.0,0.077,0.905,0.972,0.644,0.0,0.077,0.905,0.972
10,perm_024,none,perm_024,"[1,0,2,3,4]",1-0-2-3-4,experience_replay_compute_matched,500,er500_matched,PASS,0.0,0.0,10,128,160,10;8;8;8;8,800,160;160;160;160;160,800,100000,20000;20000;20000;20000;20000,100000,not_applicable,not_applicable,0.9823999999999999,0.986,0.962,0,0.4678,0.64325,0.64325,1.298,1.298,cuda:0,1000,500,compute_matched_er500,0.996,0.978,0.99,0.986,0.962,0.407,0.0,0.072,0.898,0.962,0.407,0.0,0.072,0.898,0.962
1,perm_025,shuffle_1,shuffle_1,"[1,0,2,4,3]",1-0-2-4-3,experience_replay_compute_matched,500,er500_matched,PASS,0.0,0.0,10,128,160,10;8;8;8;8,800,160;160;160;160;160,800,100000,20000;20000;20000;20000;20000,100000,not_applicable,not_applicable,0.9812,0.977,0.962,0,0.682,0.37399999999999994,0.37399999999999994,1.39,1.39,cuda:0,1000,500,compute_matched_er500,0.996,0.977,0.994,0.977,0.962,0.762,0.0,0.782,0.977,0.889,0.762,0.0,0.782,0.977,0.889
2,perm_025,shuffle_1,shuffle_1,"[1,0,2,4,3]",1-0-2-4-3,experience_replay_compute_matched,500,er500_matched,PASS,0.0,0.0,10,128,160,10;8;8;8;8,800,160;160;160;160;160,800,100000,20000;20000;20000;20000;20000,100000,not_applicable,not_applicable,0.9768000000000001,0.973,0.956,0,0.6526,0.40524999999999994,0.40524999999999994,1.387,1.387,cuda:0,1000,500,compute_matched_er500,0.995,0.973,0.99,0.97,0.956,0.753,0.0,0.657,0.97,0.883,0.753,0.0,0.657,0.97,0.883
3,perm_025,shuffle_1,shuffle_1,"[1,0,2,4,3]",1-0-2-4-3,experience_replay_compute_matched,500,er500_matched,PASS,0.0,0.0,10,128,160,10;8;8;8;8,800,160;160;160;160;160,800,100000,20000;20000;20000;20000;20000,100000,not_applicable,not_applicable,0.9784,0.981,0.965,0,0.6911999999999999,0.359,0.359,1.348,1.348,cuda:0,1000,500,compute_matched_er500,0.994,0.981,0.986,0.966,0.965,0.758,0.0,0.828,0.966,0.904,0.758,0.0,0.828,0.966,0.904
4,perm_025,shuffle_1,shuffle_1,"[1,0,2,4,3]",1-0-2-4-3,experience_replay_compute_matched,500,er500_matched,PASS,0.0,0.0,10,128,160,10;8;8;8;8,800,160;160;160;160;160,800,100000,20000;20000;20000;20000;20000,100000,not_applicable,not_applicable,0.9794,0.975,0.96,0,0.65,0.41174999999999995,0.41174999999999995,1.355,1.355,cuda:0,1000,500,compute_matched_er500,0.997,0.975,0.992,0.973,0.96,0.674,0.0,0.687,0.973,0.916,0.674,0.0,0.687,0.973,0.916
5,perm_025,shuffle_1,shuffle_1,"[1,0,2,4,3]",1-0-2-4-3,experience_replay_compute_matched,500,er500_matched,PASS,0.0,0.0,10,128,160,10;8;8;8;8,800,160;160;160;160;160,800,100000,20000;20000;20000;20000;20000,100000,not_applicable,not_applicable,0.9805999999999999,0.976,0.966,0,0.6668,0.39225,0.39225,1.333,1.333,cuda:0,1000,500,compute_matched_er500,0.996,0.976,0.989,0.976,0.966,0.679,0.007,0.779,0.976,0.893,0.679,0.007,0.779,0.976,0.893
6,perm_025,shuffle_1,shuffle_1,"[1,0,2,4,3]",1-0-2-4-3,experience_replay_compute_matched,500,er500_matched,PASS,0.0,0.0,10,128,160,10;8;8;8;8,800,160;160;160;160;160,800,100000,20000;20000;20000;20000;20000,100000,not_applicable,not_applicable,0.9804,0.979,0.968,0,0.6728,0.38449999999999995,0.38449999999999995,1.32,1.32,cuda:0,1000,500,compute_matched_er500,0.997,0.979,0.988,0.97,0.968,0.721,0.016,0.747,0.97,0.91,0.721,0.016,0.747,0.97,0.91
7,perm_025,shuffle_1,shuffle_1,"[1,0,2,4,3]",1-0-2-4-3,experience_replay_compute_matched,500,er500_matched,PASS,0.0,0.0,10,128,160,10;8;8;8;8,800,160;160;160;160;160,800,100000,20000;20000;20000;20000;20000,100000,not_applicable,not_applicable,0.9794,0.978,0.959,0,0.6868000000000001,0.3657499999999999,0.3657499999999999,1.32,1.32,cuda:0,1000,500,compute_matched_er500,0.996,0.978,0.992,0.972,0.959,0.77,0.0,0.791,0.972,0.901,0.77,0.0,0.791,0.972,0.901
8,perm_025,shuffle_1,shuffle_1,"[1,0,2,4,3]",1-0-2-4-3,experience_replay_compute_matched,500,er500_matched,PASS,0.0,0.0,10,128,160,10;8;8;8;8,800,160;160;160;160;160,800,100000,20000;20000;20000;20000;20000,100000,not_applicable,not_applicable,0.9778,0.977,0.963,0,0.6668000000000001,0.38874999999999993,0.38874999999999993,1.312,1.312,cuda:0,1000,500,compute_matched_er500,0.995,0.977,0.987,0.967,0.963,0.721,0.0,0.739,0.967,0.907,0.721,0.0,0.739,0.967,0.907
9,perm_025,shuffle_1,shuffle_1,"[1,0,2,4,3]",1-0-2-4-3,experience_replay_compute_matched,500,er500_matched,PASS,0.0,0.0,10,128,160,10;8;8;8;8,800,160;160;160;160;160,800,100000,20000;20000;20000;20000;20000,100000,not_applicable,not_applicable,0.9772000000000001,0.976,0.956,0,0.6567999999999999,0.40049999999999997,0.40049999999999997,1.287,1.287,cuda:0,1000,500,compute_matched_er500,0.995,0.976,0.991,0.968,0.956,0.615,0.0,0.802,0.968,0.899,0.615,0.0,0.802,0.968,0.899
10,perm_025,shuffle_1,shuffle_1,"[1,0,2,4,3]",1-0-2-4-3,experience_replay_compute_matched,500,er500_matched,PASS,0.0,0.0,10,128,160,10;8;8;8;8,800,160;160;160;160;160,800,100000,20000;20000;20000;20000;20000,100000,not_applicable,not_applicable,0.978,0.976,0.957,0,0.6372,0.426,0.426,1.255,1.255,cuda:0,1000,500,compute_matched_er500,0.996,0.975,0.986,0.976,0.957,0.519,0.0,0.789,0.976,0.902,0.519,0.0,0.789,0.976,0.902
1,perm_026,none,perm_026,"[1,0,3,2,4]",1-0-3-2-4,experience_replay_compute_matched,500,er500_matched,PASS,0.0,0.0,10,128,160,10;8;8;8;8,800,160;160;160;160;160,800,100000,20000;20000;20000;20000;20000,100000,not_applicable,not_applicable,0.9804,0.983,0.958,0,0.65,0.41300000000000003,0.41300000000000003,1.277,1.277,cuda:0,1000,500,compute_matched_er500,0.995,0.978,0.983,0.988,0.958,0.679,0.0,0.844,0.769,0.958,0.679,0.0,0.844,0.769,0.958
2,perm_026,none,perm_026,"[1,0,3,2,4]",1-0-3-2-4,experience_replay_compute_matched,500,er500_matched,PASS,0.0,0.0,10,128,160,10;8;8;8;8,800,160;160;160;160;160,800,100000,20000;20000;20000;20000;20000,100000,not_applicable,not_applicable,0.9794,0.98,0.96,0,0.5828,0.4957499999999999,0.4957499999999999,1.254,1.254,cuda:0,1000,500,compute_matched_er500,0.995,0.979,0.98,0.983,0.96,0.558,0.0,0.797,0.599,0.96,0.558,0.0,0.797,0.599,0.96
3,perm_026,none,perm_026,"[1,0,3,2,4]",1-0-3-2-4,experience_replay_compute_matched,500,er500_matched,PASS,0.0,0.0,10,128,160,10;8;8;8;8,800,160;160;160;160;160,800,100000,20000;20000;20000;20000;20000,100000,not_applicable,not_applicable,0.9802,0.984,0.957,0,0.6508,0.41174999999999995,0.41174999999999995,1.243,1.243,cuda:0,1000,500,compute_matched_er500,0.996,0.98,0.984,0.984,0.957,0.631,0.001,0.902,0.763,0.957,0.631,0.001,0.902,0.763,0.957
4,perm_026,none,perm_026,"[1,0,3,2,4]",1-0-3-2-4,experience_replay_compute_matched,500,er500_matched,PASS,0.0,0.0,10,128,160,10;8;8;8;8,800,160;160;160;160;160,800,100000,20000;20000;20000;20000;20000,100000,not_applicable,not_applicable,0.977,0.977,0.959,0,0.581,0.495,0.495,1.28,1.28,cuda:0,1000,500,compute_matched_er500,0.994,0.975,0.977,0.98,0.959,0.56,0.0,0.816,0.57,0.959,0.56,0.0,0.816,0.57,0.959
5,perm_026,none,perm_026,"[1,0,3,2,4]",1-0-3-2-4,experience_replay_compute_matched,500,er500_matched,PASS,0.0,0.0,10,128,160,10;8;8;8;8,800,160;160;160;160;160,800,100000,20000;20000;20000;20000;20000,100000,not_applicable,not_applicable,0.977,0.977,0.952,0,0.6552,0.40225000000000005,0.40225000000000005,1.264,1.264,cuda:0,1000,500,compute_matched_er500,0.996,0.976,0.984,0.977,0.952,0.727,0.0,0.86,0.737,0.952,0.727,0.0,0.86,0.737,0.952
6,perm_026,none,perm_026,"[1,0,3,2,4]",1-0-3-2-4,experience_replay_compute_matched,500,er500_matched,PASS,0.0,0.0,10,128,160,10;8;8;8;8,800,160;160;160;160;160,800,100000,20000;20000;20000;20000;20000,100000,not_applicable,not_applicable,0.9776,0.978,0.958,0,0.6208,0.446,0.446,1.281,1.281,cuda:0,1000,500,compute_matched_er500,0.996,0.973,0.983,0.978,0.958,0.678,0.0,0.903,0.565,0.958,0.678,0.0,0.903,0.565,0.958
7,perm_026,none,perm_026,"[1,0,3,2,4]",1-0-3-2-4,experience_replay_compute_matched,500,er500_matched,PASS,0.0,0.0,10,128,160,10;8;8;8;8,800,160;160;160;160;160,800,100000,20000;20000;20000;20000;20000,100000,not_applicable,not_applicable,0.9788,0.978,0.965,0,0.534,0.5559999999999999,0.5559999999999999,1.207,1.207,cuda:0,1000,500,compute_matched_er500,0.995,0.976,0.978,0.98,0.965,0.231,0.0,0.794,0.68,0.965,0.231,0.0,0.794,0.68,0.965
8,perm_026,none,perm_026,"[1,0,3,2,4]",1-0-3-2-4,experience_replay_compute_matched,500,er500_matched,PASS,0.0,0.0,10,128,160,10;8;8;8;8,800,160;160;160;160;160,800,100000,20000;20000;20000;20000;20000,100000,not_applicable,not_applicable,0.9786000000000001,0.982,0.953,0,0.5028,0.5947499999999999,0.5947499999999999,1.214,1.214,cuda:0,1000,500,compute_matched_er500,0.996,0.978,0.982,0.984,0.953,0.315,0.0,0.805,0.441,0.953,0.315,0.0,0.805,0.441,0.953
9,perm_026,none,perm_026,"[1,0,3,2,4]",1-0-3-2-4,experience_replay_compute_matched,500,er500_matched,PASS,0.0,0.0,10,128,160,10;8;8;8;8,800,160;160;160;160;160,800,100000,20000;20000;20000;20000;20000,100000,not_applicable,not_applicable,0.9782,0.977,0.965,0,0.6115999999999999,0.45825000000000005,0.45825000000000005,1.292,1.292,cuda:0,1000,500,compute_matched_er500,0.995,0.976,0.977,0.978,0.965,0.569,0.0,0.862,0.662,0.965,0.569,0.0,0.862,0.662,0.965
10,perm_026,none,perm_026,"[1,0,3,2,4]",1-0-3-2-4,experience_replay_compute_matched,500,er500_matched,PASS,0.0,0.0,10,128,160,10;8;8;8;8,800,160;160;160;160;160,800,100000,20000;20000;20000;20000;20000,100000,not_applicable,not_applicable,0.977,0.98,0.954,0,0.5664,0.51325,0.51325,1.216,1.216,cuda:0,1000,500,compute_matched_er500,0.996,0.971,0.984,0.98,0.954,0.398,0.0,0.822,0.658,0.954,0.398,0.0,0.822,0.658,0.954
1,perm_027,none,perm_027,"[1,0,3,4,2]",1-0-3-4-2,experience_replay_compute_matched,500,er500_matched,PASS,0.0,0.0,10,128,160,10;8;8;8;8,800,160;160;160;160;160,800,100000,20000;20000;20000;20000;20000,100000,not_applicable,not_applicable,0.9796000000000001,0.981,0.964,0,0.6236,0.44499999999999995,0.44499999999999995,1.215,1.215,cuda:0,1000,500,compute_matched_er500,0.996,0.975,0.981,0.982,0.964,0.619,0.0,0.981,0.736,0.782,0.619,0.0,0.981,0.736,0.782
2,perm_027,none,perm_027,"[1,0,3,4,2]",1-0-3-4-2,experience_replay_compute_matched,500,er500_matched,PASS,0.0,0.0,10,128,160,10;8;8;8;8,800,160;160;160;160;160,800,100000,20000;20000;20000;20000;20000,100000,not_applicable,not_applicable,0.9808,0.978,0.97,0,0.6014,0.47425,0.47425,1.243,1.243,cuda:0,1000,500,compute_matched_er500,0.996,0.978,0.978,0.982,0.97,0.431,0.0,0.978,0.755,0.843,0.431,0.0,0.978,0.755,0.843
3,perm_027,none,perm_027,"[1,0,3,4,2]",1-0-3-4-2,experience_replay_compute_matched,500,er500_matched,PASS,0.0,0.0,10,128,160,10;8;8;8;8,800,160;160;160;160;160,800,100000,20000;20000;20000;20000;20000,100000,not_applicable,not_applicable,0.982,0.98,0.968,0,0.65,0.41500000000000004,0.41500000000000004,1.24,1.24,cuda:0,1000,500,compute_matched_er500,0.997,0.979,0.986,0.98,0.968,0.677,0.0,0.986,0.739,0.848,0.677,0.0,0.986,0.739,0.848
4,perm_027,none,perm_027,"[1,0,3,4,2]",1-0-3-4-2,experience_replay_compute_matched,500,er500_matched,PASS,0.0,0.0,10,128,160,10;8;8;8;8,800,160;160;160;160;160,800,100000,20000;20000;20000;20000;20000,100000,not_applicable,not_applicable,0.9795999999999999,0.976,0.971,0,0.5618,0.5222499999999999,0.5222499999999999,1.266,1.266,cuda:0,1000,500,compute_matched_er500,0.996,0.974,0.976,0.981,0.971,0.4,0.0,0.976,0.658,0.775,0.4,0.0,0.976,0.658,0.775
5,perm_027,none,perm_027,"[1,0,3,4,2]",1-0-3-4-2,experience_replay_compute_matched,500,er500_matched,PASS,0.0,0.0,10,128,160,10;8;8;8;8,800,160;160;160;160;160,800,100000,20000;20000;20000;20000;20000,100000,not_applicable,not_applicable,0.9798,0.98,0.963,0,0.6168,0.45375,0.45375,1.23,1.23,cuda:0,1000,500,compute_matched_er500,0.997,0.976,0.98,0.983,0.963,0.458,0.004,0.98,0.812,0.83,0.458,0.004,0.98,0.812,0.83
6,perm_027,none,perm_027,"[1,0,3,4,2]",1-0-3-4-2,experience_replay_compute_matched,500,er500_matched,PASS,0.0,0.0,10,128,160,10;8;8;8;8,800,160;160;160;160;160,800,100000,20000;20000;20000;20000;20000,100000,not_applicable,not_applicable,0.9805999999999999,0.981,0.973,0,0.5892000000000001,0.48924999999999996,0.48924999999999996,1.245,1.245,cuda:0,1000,500,compute_matched_er500,0.995,0.973,0.981,0.981,0.973,0.506,0.0,0.981,0.656,0.803,0.506,0.0,0.981,0.656,0.803
7,perm_027,none,perm_027,"[1,0,3,4,2]",1-0-3-4-2,experience_replay_compute_matched,500,er500_matched,PASS,0.0,0.0,10,128,160,10;8;8;8;8,800,160;160;160;160;160,800,100000,20000;20000;20000;20000;20000,100000,not_applicable,not_applicable,0.9806000000000001,0.981,0.967,0,0.6078,0.46599999999999997,0.46599999999999997,1.236,1.236,cuda:0,1000,500,compute_matched_er500,0.995,0.981,0.978,0.982,0.967,0.39,0.047,0.978,0.818,0.806,0.39,0.047,0.978,0.818,0.806
8,perm_027,none,perm_027,"[1,0,3,4,2]",1-0-3-4-2,experience_replay_compute_matched,500,er500_matched,PASS,0.0,0.0,10,128,160,10;8;8;8;8,800,160;160;160;160;160,800,100000,20000;20000;20000;20000;20000,100000,not_applicable,not_applicable,0.9838000000000001,0.982,0.971,0,0.5656,0.52275,0.52275,1.248,1.248,cuda:0,1000,500,compute_matched_er500,0.996,0.98,0.99,0.982,0.971,0.298,0.0,0.99,0.697,0.843,0.298,0.0,0.99,0.697,0.843
9,perm_027,none,perm_027,"[1,0,3,4,2]",1-0-3-4-2,experience_replay_compute_matched,500,er500_matched,PASS,0.0,0.0,10,128,160,10;8;8;8;8,800,160;160;160;160;160,800,100000,20000;20000;20000;20000;20000,100000,not_applicable,not_applicable,0.9822,0.981,0.974,0,0.5812,0.5012500000000001,0.5012500000000001,1.284,1.284,cuda:0,1000,500,compute_matched_er500,0.996,0.979,0.981,0.981,0.974,0.383,0.0,0.981,0.7,0.842,0.383,0.0,0.981,0.7,0.842
10,perm_027,none,perm_027,"[1,0,3,4,2]",1-0-3-4-2,experience_replay_compute_matched,500,er500_matched,PASS,0.0,0.0,10,128,160,10;8;8;8;8,800,160;160;160;160;160,800,100000,20000;20000;20000;20000;20000,100000,not_applicable,not_applicable,0.9815999999999999,0.984,0.97,0,0.6334,0.43525,0.43525,1.305,1.305,cuda:0,1000,500,compute_matched_er500,0.996,0.972,0.984,0.986,0.97,0.671,0.0,0.984,0.691,0.821,0.671,0.0,0.984,0.691,0.821
1,perm_028,none,perm_028,"[1,0,4,2,3]",1-0-4-2-3,experience_replay_compute_matched,500,er500_matched,PASS,0.0,0.0,10,128,160,10;8;8;8;8,800,160;160;160;160;160,800,100000,20000;20000;20000;20000;20000,100000,not_applicable,not_applicable,0.9844000000000002,0.984,0.975,0,0.5686,0.5197499999999999,0.5197499999999999,1.326,1.326,cuda:0,1000,500,compute_matched_er500,0.997,0.978,0.988,0.984,0.975,0.44,0.0,0.945,0.984,0.474,0.44,0.0,0.945,0.984,0.474
2,perm_028,none,perm_028,"[1,0,4,2,3]",1-0-4-2-3,experience_replay_compute_matched,500,er500_matched,PASS,0.0,0.0,10,128,160,10;8;8;8;8,800,160;160;160;160;160,800,100000,20000;20000;20000;20000;20000,100000,not_applicable,not_applicable,0.9827999999999999,0.982,0.975,0,0.5828,0.5,0.5,1.296,1.296,cuda:0,1000,500,compute_matched_er500,0.994,0.978,0.985,0.982,0.975,0.554,0.0,0.94,0.982,0.438,0.554,0.0,0.94,0.982,0.438
3,perm_028,none,perm_028,"[1,0,4,2,3]",1-0-4-2-3,experience_replay_compute_matched,500,er500_matched,PASS,0.0,0.0,10,128,160,10;8;8;8;8,800,160;160;160;160;160,800,100000,20000;20000;20000;20000;20000,100000,not_applicable,not_applicable,0.9822,0.977,0.975,0,0.6086,0.467,0.467,1.285,1.285,cuda:0,1000,500,compute_matched_er500,0.995,0.977,0.987,0.975,0.977,0.552,0.0,0.952,0.975,0.564,0.552,0.0,0.952,0.975,0.564
4,perm_028,none,perm_028,"[1,0,4,2,3]",1-0-4-2-3,experience_replay_compute_matched,500,er500_matched,PASS,0.0,0.0,10,128,160,10;8;8;8;8,800,160;160;160;160;160,800,100000,20000;20000;20000;20000;20000,100000,not_applicable,not_applicable,0.9800000000000001,0.978,0.972,0,0.5716000000000001,0.5105,0.5105,1.283,1.283,cuda:0,1000,500,compute_matched_er500,0.996,0.972,0.978,0.98,0.974,0.405,0.0,0.927,0.98,0.546,0.405,0.0,0.927,0.98,0.546
5,perm_028,none,perm_028,"[1,0,4,2,3]",1-0-4-2-3,experience_replay_compute_matched,500,er500_matched,PASS,0.0,0.0,10,128,160,10;8;8;8;8,800,160;160;160;160;160,800,100000,20000;20000;20000;20000;20000,100000,not_applicable,not_applicable,0.9802,0.976,0.971,0,0.589,0.489,0.489,1.267,1.267,cuda:0,1000,500,compute_matched_er500,0.996,0.976,0.982,0.976,0.971,0.434,0.001,0.929,0.976,0.605,0.434,0.001,0.929,0.976,0.605
6,perm_028,none,perm_028,"[1,0,4,2,3]",1-0-4-2-3,experience_replay_compute_matched,500,er500_matched,PASS,0.0,0.0,10,128,160,10;8;8;8;8,800,160;160;160;160;160,800,100000,20000;20000;20000;20000;20000,100000,not_applicable,not_applicable,0.9838000000000001,0.983,0.974,0,0.613,0.4634999999999999,0.4634999999999999,1.232,1.232,cuda:0,1000,500,compute_matched_er500,0.996,0.974,0.983,0.985,0.981,0.618,0.0,0.922,0.985,0.54,0.618,0.0,0.922,0.985,0.54
7,perm_028,none,perm_028,"[1,0,4,2,3]",1-0-4-2-3,experience_replay_compute_matched,500,er500_matched,PASS,0.0,0.0,10,128,160,10;8;8;8;8,800,160;160;160;160;160,800,100000,20000;20000;20000;20000;20000,100000,not_applicable,not_applicable,0.9798,0.977,0.969,0,0.6348,0.43125,0.43125,1.23,1.23,cuda:0,1000,500,compute_matched_er500,0.997,0.977,0.976,0.98,0.969,0.689,0.0,0.927,0.98,0.578,0.689,0.0,0.927,0.98,0.578
8,perm_028,none,perm_028,"[1,0,4,2,3]",1-0-4-2-3,experience_replay_compute_matched,500,er500_matched,PASS,0.0,0.0,10,128,160,10;8;8;8;8,800,160;160;160;160;160,800,100000,20000;20000;20000;20000;20000,100000,not_applicable,not_applicable,0.9818,0.978,0.977,0,0.5668,0.5187499999999999,0.5187499999999999,1.255,1.255,cuda:0,1000,500,compute_matched_er500,0.995,0.977,0.982,0.978,0.977,0.334,0.0,0.945,0.978,0.577,0.334,0.0,0.945,0.978,0.577
9,perm_028,none,perm_028,"[1,0,4,2,3]",1-0-4-2-3,experience_replay_compute_matched,500,er500_matched,PASS,0.0,0.0,10,128,160,10;8;8;8;8,800,160;160;160;160;160,800,100000,20000;20000;20000;20000;20000,100000,not_applicable,not_applicable,0.9842000000000001,0.986,0.975,0,0.5451999999999999,0.54875,0.54875,1.253,1.253,cuda:0,1000,500,compute_matched_er500,0.995,0.975,0.987,0.986,0.978,0.478,0.0,0.934,0.986,0.328,0.478,0.0,0.934,0.986,0.328
10,perm_028,none,perm_028,"[1,0,4,2,3]",1-0-4-2-3,experience_replay_compute_matched,500,er500_matched,PASS,0.0,0.0,10,128,160,10;8;8;8;8,800,160;160;160;160;160,800,100000,20000;20000;20000;20000;20000,100000,not_applicable,not_applicable,0.9800000000000001,0.977,0.972,0,0.6818000000000001,0.37275,0.37275,1.292,1.292,cuda:0,1000,500,compute_matched_er500,0.996,0.977,0.972,0.981,0.974,0.806,0.001,0.945,0.981,0.676,0.806,0.001,0.945,0.981,0.676
1,perm_029,none,perm_029,"[1,0,4,3,2]",1-0-4-3-2,experience_replay_compute_matched,500,er500_matched,PASS,0.0,0.0,10,128,160,10;8;8;8;8,800,160;160;160;160;160,800,100000,20000;20000;20000;20000;20000,100000,not_applicable,not_applicable,0.9799999999999999,0.974,0.97,0,0.526,0.5675,0.5675,1.259,1.259,cuda:0,1000,500,compute_matched_er500,0.997,0.973,0.986,0.97,0.974,0.495,0.0,0.986,0.91,0.239,0.495,0.0,0.986,0.91,0.239
2,perm_029,none,perm_029,"[1,0,4,3,2]",1-0-4-3-2,experience_replay_compute_matched,500,er500_matched,PASS,0.0,0.0,10,128,160,10;8;8;8;8,800,160;160;160;160;160,800,100000,20000;20000;20000;20000;20000,100000,not_applicable,not_applicable,0.9823999999999999,0.979,0.976,0,0.558,0.5305,0.5305,1.27,1.27,cuda:0,1000,500,compute_matched_er500,0.994,0.976,0.985,0.978,0.979,0.437,0.0,0.985,0.92,0.448,0.437,0.0,0.985,0.92,0.448
3,perm_029,none,perm_029,"[1,0,4,3,2]",1-0-4-3-2,experience_replay_compute_matched,500,er500_matched,PASS,0.0,0.0,10,128,160,10;8;8;8;8,800,160;160;160;160;160,800,100000,20000;20000;20000;20000;20000,100000,not_applicable,not_applicable,0.9822,0.982,0.973,0,0.554,0.53525,0.53525,1.244,1.244,cuda:0,1000,500,compute_matched_er500,0.996,0.982,0.983,0.977,0.973,0.581,0.0,0.983,0.891,0.315,0.581,0.0,0.983,0.891,0.315
4,perm_029,none,perm_029,"[1,0,4,3,2]",1-0-4-3-2,experience_replay_compute_matched,500,er500_matched,PASS,0.0,0.0,10,128,160,10;8;8;8;8,800,160;160;160;160;160,800,100000,20000;20000;20000;20000;20000,100000,not_applicable,not_applicable,0.9814,0.98,0.971,0,0.5928,0.48574999999999996,0.48574999999999996,1.271,1.271,cuda:0,1000,500,compute_matched_er500,0.997,0.979,0.98,0.971,0.98,0.497,0.123,0.98,0.907,0.457,0.497,0.123,0.98,0.907,0.457
5,perm_029,none,perm_029,"[1,0,4,3,2]",1-0-4-3-2,experience_replay_compute_matched,500,er500_matched,PASS,0.0,0.0,10,128,160,10;8;8;8;8,800,160;160;160;160;160,800,100000,20000;20000;20000;20000;20000,100000,not_applicable,not_applicable,0.9808,0.978,0.974,0,0.5110000000000001,0.5872499999999999,0.5872499999999999,1.267,1.267,cuda:0,1000,500,compute_matched_er500,0.995,0.975,0.974,0.978,0.982,0.384,0.004,0.974,0.929,0.264,0.384,0.004,0.974,0.929,0.264
6,perm_029,none,perm_029,"[1,0,4,3,2]",1-0-4-3-2,experience_replay_compute_matched,500,er500_matched,PASS,0.0,0.0,10,128,160,10;8;8;8;8,800,160;160;160;160;160,800,100000,20000;20000;20000;20000;20000,100000,not_applicable,not_applicable,0.9825999999999999,0.98,0.973,0,0.5546,0.535,0.535,1.259,1.259,cuda:0,1000,500,compute_matched_er500,0.998,0.975,0.987,0.973,0.98,0.503,0.0,0.987,0.903,0.38,0.503,0.0,0.987,0.903,0.38
7,perm_029,none,perm_029,"[1,0,4,3,2]",1-0-4-3-2,experience_replay_compute_matched,500,er500_matched,PASS,0.0,0.0,10,128,160,10;8;8;8;8,800,160;160;160;160;160,800,100000,20000;20000;20000;20000;20000,100000,not_applicable,not_applicable,0.9812,0.98,0.973,0,0.5673999999999999,0.51725,0.51725,1.27,1.27,cuda:0,1000,500,compute_matched_er500,0.992,0.98,0.975,0.973,0.986,0.713,0.089,0.975,0.919,0.141,0.713,0.089,0.975,0.919,0.141
8,perm_029,none,perm_029,"[1,0,4,3,2]",1-0-4-3-2,experience_replay_compute_matched,500,er500_matched,PASS,0.0,0.0,10,128,160,10;8;8;8;8,800,160;160;160;160;160,800,100000,20000;20000;20000;20000;20000,100000,not_applicable,not_applicable,0.9793999999999998,0.978,0.969,0,0.5522,0.534,0.534,1.268,1.268,cuda:0,1000,500,compute_matched_er500,0.995,0.976,0.979,0.969,0.978,0.484,0.0,0.979,0.914,0.384,0.484,0.0,0.979,0.914,0.384
9,perm_029,none,perm_029,"[1,0,4,3,2]",1-0-4-3-2,experience_replay_compute_matched,500,er500_matched,PASS,0.0,0.0,10,128,160,10;8;8;8;8,800,160;160;160;160;160,800,100000,20000;20000;20000;20000;20000,100000,not_applicable,not_applicable,0.9822,0.98,0.972,0,0.525,0.5715,0.5715,1.272,1.272,cuda:0,1000,500,compute_matched_er500,0.995,0.979,0.985,0.972,0.98,0.459,0.0,0.985,0.906,0.275,0.459,0.0,0.985,0.906,0.275
10,perm_029,none,perm_029,"[1,0,4,3,2]",1-0-4-3-2,experience_replay_compute_matched,500,er500_matched,PASS,0.0,0.0,10,128,160,10;8;8;8;8,800,160;160;160;160;160,800,100000,20000;20000;20000;20000;20000,100000,not_applicable,not_applicable,0.9822,0.978,0.976,0,0.47400000000000003,0.63525,0.63525,1.264,1.264,cuda:0,1000,500,compute_matched_er500,0.998,0.977,0.978,0.976,0.982,0.393,0.0,0.978,0.919,0.08,0.393,0.0,0.978,0.919,0.08
1,perm_030,shuffle_3,shuffle_3,"[1,2,0,3,4]",1-2-0-3-4,experience_replay_compute_matched,500,er500_matched,PASS,0.0,0.0,10,128,160,10;8;8;8;8,800,160;160;160;160;160,800,100000,20000;20000;20000;20000;20000,100000,not_applicable,not_applicable,0.9812,0.98,0.969,0,0.5448,0.5455,0.5455,1.254,1.254,cuda:0,1000,500,compute_matched_er500,0.996,0.977,0.98,0.984,0.969,0.871,0.0,0.0,0.884,0.969,0.871,0.0,0.0,0.884,0.969
2,perm_030,shuffle_3,shuffle_3,"[1,2,0,3,4]",1-2-0-3-4,experience_replay_compute_matched,500,er500_matched,PASS,0.0,0.0,10,128,160,10;8;8;8;8,800,160;160;160;160;160,800,100000,20000;20000;20000;20000;20000,100000,not_applicable,not_applicable,0.9782,0.976,0.962,0,0.5616,0.52075,0.52075,1.269,1.269,cuda:0,1000,500,compute_matched_er500,0.994,0.976,0.976,0.983,0.962,0.846,0.0,0.124,0.876,0.962,0.846,0.0,0.124,0.876,0.962
3,perm_030,shuffle_3,shuffle_3,"[1,2,0,3,4]",1-2-0-3-4,experience_replay_compute_matched,500,er500_matched,PASS,0.0,0.0,10,128,160,10;8;8;8;8,800,160;160;160;160;160,800,100000,20000;20000;20000;20000;20000,100000,not_applicable,not_applicable,0.9812000000000001,0.982,0.973,0,0.5544,0.5334999999999999,0.5334999999999999,1.26,1.26,cuda:0,1000,500,compute_matched_er500,0.995,0.973,0.982,0.982,0.974,0.91,0.0,0.005,0.883,0.974,0.91,0.0,0.005,0.883,0.974
4,perm_030,shuffle_3,shuffle_3,"[1,2,0,3,4]",1-2-0-3-4,experience_replay_compute_matched,500,er500_matched,PASS,0.0,0.0,10,128,160,10;8;8;8;8,800,160;160;160;160;160,800,100000,20000;20000;20000;20000;20000,100000,not_applicable,not_applicable,0.9804,0.979,0.971,0,0.5418000000000001,0.54825,0.54825,1.298,1.298,cuda:0,1000,500,compute_matched_er500,0.993,0.977,0.982,0.979,0.971,0.871,0.0,0.0,0.867,0.971,0.871,0.0,0.0,0.867,0.971
5,perm_030,shuffle_3,shuffle_3,"[1,2,0,3,4]",1-2-0-3-4,experience_replay_compute_matched,500,er500_matched,PASS,0.0,0.0,10,128,160,10;8;8;8;8,800,160;160;160;160;160,800,100000,20000;20000;20000;20000;20000,100000,not_applicable,not_applicable,0.9799999999999999,0.978,0.967,0,0.5494,0.53825,0.53825,1.331,1.331,cuda:0,1000,500,compute_matched_er500,0.997,0.972,0.978,0.986,0.967,0.88,0.001,0.031,0.868,0.967,0.88,0.001,0.031,0.868,0.967
6,perm_030,shuffle_3,shuffle_3,"[1,2,0,3,4]",1-2-0-3-4,experience_replay_compute_matched,500,er500_matched,PASS,0.0,0.0,10,128,160,10;8;8;8;8,800,160;160;160;160;160,800,100000,20000;20000;20000;20000;20000,100000,not_applicable,not_applicable,0.9812,0.979,0.973,0,0.5372,0.5549999999999999,0.5549999999999999,1.308,1.308,cuda:0,1000,500,compute_matched_er500,0.994,0.977,0.983,0.979,0.973,0.849,0.0,0.0,0.864,0.973,0.849,0.0,0.0,0.864,0.973
7,perm_030,shuffle_3,shuffle_3,"[1,2,0,3,4]",1-2-0-3-4,experience_replay_compute_matched,500,er500_matched,PASS,0.0,0.0,10,128,160,10;8;8;8;8,800,160;160;160;160;160,800,100000,20000;20000;20000;20000;20000,100000,not_applicable,not_applicable,0.9810000000000001,0.98,0.973,0,0.5364,0.55575,0.55575,1.283,1.283,cuda:0,1000,500,compute_matched_er500,0.995,0.975,0.98,0.982,0.973,0.797,0.0,0.015,0.897,0.973,0.797,0.0,0.015,0.897,0.973
8,perm_030,shuffle_3,shuffle_3,"[1,2,0,3,4]",1-2-0-3-4,experience_replay_compute_matched,500,er500_matched,PASS,0.0,0.0,10,128,160,10;8;8;8;8,800,160;160;160;160;160,800,100000,20000;20000;20000;20000;20000,100000,not_applicable,not_applicable,0.9806000000000001,0.981,0.969,0,0.571,0.512,0.512,1.335,1.335,cuda:0,1000,500,compute_matched_er500,0.997,0.974,0.981,0.982,0.969,0.893,0.021,0.072,0.9,0.969,0.893,0.021,0.072,0.9,0.969
9,perm_030,shuffle_3,shuffle_3,"[1,2,0,3,4]",1-2-0-3-4,experience_replay_compute_matched,500,er500_matched,PASS,0.0,0.0,10,128,160,10;8;8;8;8,800,160;160;160;160;160,800,100000,20000;20000;20000;20000;20000,100000,not_applicable,not_applicable,0.982,0.98,0.972,0,0.5974,0.48075,0.48075,1.319,1.319,cuda:0,1000,500,compute_matched_er500,0.996,0.977,0.98,0.985,0.972,0.885,0.06,0.189,0.881,0.972,0.885,0.06,0.189,0.881,0.972
10,perm_030,shuffle_3,shuffle_3,"[1,2,0,3,4]",1-2-0-3-4,experience_replay_compute_matched,500,er500_matched,PASS,0.0,0.0,10,128,160,10;8;8;8;8,800,160;160;160;160;160,800,100000,20000;20000;20000;20000;20000,100000,not_applicable,not_applicable,0.9815999999999999,0.982,0.97,0,0.5422,0.54925,0.54925,1.304,1.304,cuda:0,1000,500,compute_matched_er500,0.996,0.982,0.983,0.977,0.97,0.833,0.001,0.028,0.879,0.97,0.833,0.001,0.028,0.879,0.97
1,perm_031,none,perm_031,"[1,2,0,4,3]",1-2-0-4-3,experience_replay_compute_matched,500,er500_matched,PASS,0.0,0.0,10,128,160,10;8;8;8;8,800,160;160;160;160;160,800,100000,20000;20000;20000;20000;20000,100000,not_applicable,not_applicable,0.9785999999999999,0.975,0.969,0,0.5984,0.47525,0.47525,1.281,1.281,cuda:0,1000,500,compute_matched_er500,0.995,0.975,0.981,0.969,0.973,0.873,0.0,0.236,0.969,0.914,0.873,0.0,0.236,0.969,0.914
2,perm_031,none,perm_031,"[1,2,0,4,3]",1-2-0-4-3,experience_replay_compute_matched,500,er500_matched,PASS,0.0,0.0,10,128,160,10;8;8;8;8,800,160;160;160;160;160,800,100000,20000;20000;20000;20000;20000,100000,not_applicable,not_applicable,0.9788,0.976,0.964,0,0.6014,0.47174999999999995,0.47174999999999995,1.288,1.288,cuda:0,1000,500,compute_matched_er500,0.995,0.976,0.986,0.964,0.973,0.896,0.0,0.237,0.964,0.91,0.896,0.0,0.237,0.964,0.91
3,perm_031,none,perm_031,"[1,2,0,4,3]",1-2-0-4-3,experience_replay_compute_matched,500,er500_matched,PASS,0.0,0.0,10,128,160,10;8;8;8;8,800,160;160;160;160;160,800,100000,20000;20000;20000;20000;20000,100000,not_applicable,not_applicable,0.9799999999999999,0.977,0.971,0,0.611,0.46125,0.46125,1.278,1.278,cuda:0,1000,500,compute_matched_er500,0.997,0.978,0.977,0.971,0.977,0.896,0.0,0.284,0.971,0.904,0.896,0.0,0.284,0.971,0.904
4,perm_031,none,perm_031,"[1,2,0,4,3]",1-2-0-4-3,experience_replay_compute_matched,500,er500_matched,PASS,0.0,0.0,10,128,160,10;8;8;8;8,800,160;160;160;160;160,800,100000,20000;20000;20000;20000;20000,100000,not_applicable,not_applicable,0.9814,0.978,0.973,0,0.6808,0.37575000000000003,0.37575000000000003,1.284,1.284,cuda:0,1000,500,compute_matched_er500,0.997,0.978,0.985,0.974,0.973,0.93,0.241,0.342,0.974,0.917,0.93,0.241,0.342,0.974,0.917
5,perm_031,none,perm_031,"[1,2,0,4,3]",1-2-0-4-3,experience_replay_compute_matched,500,er500_matched,PASS,0.0,0.0,10,128,160,10;8;8;8;8,800,160;160;160;160;160,800,100000,20000;20000;20000;20000;20000,100000,not_applicable,not_applicable,0.9804,0.978,0.97,0,0.5658,0.51825,0.51825,1.286,1.286,cuda:0,1000,500,compute_matched_er500,0.998,0.977,0.978,0.97,0.979,0.869,0.0,0.081,0.97,0.909,0.869,0.0,0.081,0.97,0.909
6,perm_031,none,perm_031,"[1,2,0,4,3]",1-2-0-4-3,experience_replay_compute_matched,500,er500_matched,PASS,0.0,0.0,10,128,160,10;8;8;8;8,800,160;160;160;160;160,800,100000,20000;20000;20000;20000;20000,100000,not_applicable,not_applicable,0.9783999999999999,0.974,0.967,0,0.5822,0.49524999999999997,0.49524999999999997,1.269,1.269,cuda:0,1000,500,compute_matched_er500,0.996,0.974,0.981,0.967,0.974,0.884,0.042,0.118,0.967,0.9,0.884,0.042,0.118,0.967,0.9
7,perm_031,none,perm_031,"[1,2,0,4,3]",1-2-0-4-3,experience_replay_compute_matched,500,er500_matched,PASS,0.0,0.0,10,128,160,10;8;8;8;8,800,160;160;160;160;160,800,100000,20000;20000;20000;20000;20000,100000,not_applicable,not_applicable,0.9798,0.977,0.972,0,0.5622,0.522,0.522,1.237,1.237,cuda:0,1000,500,compute_matched_er500,0.994,0.977,0.979,0.972,0.977,0.9,0.0,0.058,0.972,0.881,0.9,0.0,0.058,0.972,0.881
8,perm_031,none,perm_031,"[1,2,0,4,3]",1-2-0-4-3,experience_replay_compute_matched,500,er500_matched,PASS,0.0,0.0,10,128,160,10;8;8;8;8,800,160;160;160;160;160,800,100000,20000;20000;20000;20000;20000,100000,not_applicable,not_applicable,0.9804,0.978,0.97,0,0.5964,0.48,0.48,1.22,1.22,cuda:0,1000,500,compute_matched_er500,0.996,0.978,0.984,0.974,0.97,0.893,0.046,0.207,0.974,0.862,0.893,0.046,0.207,0.974,0.862
9,perm_031,none,perm_031,"[1,2,0,4,3]",1-2-0-4-3,experience_replay_compute_matched,500,er500_matched,PASS,0.0,0.0,10,128,160,10;8;8;8;8,800,160;160;160;160;160,800,100000,20000;20000;20000;20000;20000,100000,not_applicable,not_applicable,0.9788,0.978,0.97,0,0.5671999999999999,0.5145,0.5145,1.246,1.246,cuda:0,1000,500,compute_matched_er500,0.995,0.978,0.979,0.972,0.97,0.893,0.0,0.096,0.972,0.875,0.893,0.0,0.096,0.972,0.875
10,perm_031,none,perm_031,"[1,2,0,4,3]",1-2-0-4-3,experience_replay_compute_matched,500,er500_matched,PASS,0.0,0.0,10,128,160,10;8;8;8;8,800,160;160;160;160;160,800,100000,20000;20000;20000;20000;20000,100000,not_applicable,not_applicable,0.9800000000000001,0.977,0.973,0,0.5562,0.5297499999999999,0.5297499999999999,1.242,1.242,cuda:0,1000,500,compute_matched_er500,0.994,0.979,0.977,0.973,0.977,0.901,0.0,0.007,0.973,0.9,0.901,0.0,0.007,0.973,0.9
1,perm_032,none,perm_032,"[1,2,3,0,4]",1-2-3-0-4,experience_replay_compute_matched,500,er500_matched,PASS,0.0,0.0,10,128,160,10;8;8;8;8,800,160;160;160;160;160,800,100000,20000;20000;20000;20000;20000,100000,not_applicable,not_applicable,0.9798,0.978,0.97,0,0.5254,0.568,0.568,1.245,1.245,cuda:0,1000,500,compute_matched_er500,0.993,0.978,0.98,0.978,0.97,0.959,0.017,0.002,0.679,0.97,0.959,0.017,0.002,0.679,0.97
2,perm_032,none,perm_032,"[1,2,3,0,4]",1-2-3-0-4,experience_replay_compute_matched,500,er500_matched,PASS,0.0,0.0,10,128,160,10;8;8;8;8,800,160;160;160;160;160,800,100000,20000;20000;20000;20000;20000,100000,not_applicable,not_applicable,0.9794,0.978,0.965,0,0.5319999999999999,0.55925,0.55925,1.244,1.244,cuda:0,1000,500,compute_matched_er500,0.993,0.978,0.983,0.978,0.965,0.954,0.0,0.007,0.734,0.965,0.954,0.0,0.007,0.734,0.965
3,perm_032,none,perm_032,"[1,2,3,0,4]",1-2-3-0-4,experience_replay_compute_matched,500,er500_matched,PASS,0.0,0.0,10,128,160,10;8;8;8;8,800,160;160;160;160;160,800,100000,20000;20000;20000;20000;20000,100000,not_applicable,not_applicable,0.9802,0.976,0.974,0,0.5462,0.5425,0.5425,1.183,1.183,cuda:0,1000,500,compute_matched_er500,0.995,0.975,0.976,0.981,0.974,0.956,0.003,0.0,0.798,0.974,0.956,0.003,0.0,0.798,0.974
4,perm_032,none,perm_032,"[1,2,3,0,4]",1-2-3-0-4,experience_replay_compute_matched,500,er500_matched,PASS,0.0,0.0,10,128,160,10;8;8;8;8,800,160;160;160;160;160,800,100000,20000;20000;20000;20000;20000,100000,not_applicable,not_applicable,0.9806000000000001,0.978,0.968,0,0.5404,0.5502500000000001,0.5502500000000001,1.211,1.211,cuda:0,1000,500,compute_matched_er500,0.995,0.977,0.978,0.985,0.968,0.949,0.0,0.0,0.785,0.968,0.949,0.0,0.0,0.785,0.968
5,perm_032,none,perm_032,"[1,2,3,0,4]",1-2-3-0-4,experience_replay_compute_matched,500,er500_matched,PASS,0.0,0.0,10,128,160,10;8;8;8;8,800,160;160;160;160;160,800,100000,20000;20000;20000;20000;20000,100000,not_applicable,not_applicable,0.9836,0.983,0.974,0,0.5332,0.563,0.563,1.247,1.247,cuda:0,1000,500,compute_matched_er500,0.997,0.974,0.985,0.983,0.979,0.966,0.0,0.013,0.708,0.979,0.966,0.0,0.013,0.708,0.979
6,perm_032,none,perm_032,"[1,2,3,0,4]",1-2-3-0-4,experience_replay_compute_matched,500,er500_matched,PASS,0.0,0.0,10,128,160,10;8;8;8;8,800,160;160;160;160;160,800,100000,20000;20000;20000;20000;20000,100000,not_applicable,not_applicable,0.9806000000000001,0.976,0.972,0,0.5404,0.55025,0.55025,1.276,1.276,cuda:0,1000,500,compute_matched_er500,0.997,0.975,0.983,0.976,0.972,0.958,0.0,0.001,0.771,0.972,0.958,0.0,0.001,0.771,0.972
7,perm_032,none,perm_032,"[1,2,3,0,4]",1-2-3-0-4,experience_replay_compute_matched,500,er500_matched,PASS,0.0,0.0,10,128,160,10;8;8;8;8,800,160;160;160;160;160,800,100000,20000;20000;20000;20000;20000,100000,not_applicable,not_applicable,0.9799999999999999,0.978,0.971,0,0.5258,0.56775,0.56775,1.19,1.19,cuda:0,1000,500,compute_matched_er500,0.997,0.973,0.981,0.978,0.971,0.951,0.0,0.0,0.707,0.971,0.951,0.0,0.0,0.707,0.971
8,perm_032,none,perm_032,"[1,2,3,0,4]",1-2-3-0-4,experience_replay_compute_matched,500,er500_matched,PASS,0.0,0.0,10,128,160,10;8;8;8;8,800,160;160;160;160;160,800,100000,20000;20000;20000;20000;20000,100000,not_applicable,not_applicable,0.9808,0.977,0.974,0,0.54,0.551,0.551,1.186,1.186,cuda:0,1000,500,compute_matched_er500,0.996,0.976,0.977,0.981,0.974,0.959,0.003,0.0,0.764,0.974,0.959,0.003,0.0,0.764,0.974
9,perm_032,none,perm_032,"[1,2,3,0,4]",1-2-3-0-4,experience_replay_compute_matched,500,er500_matched,PASS,0.0,0.0,10,128,160,10;8;8;8;8,800,160;160;160;160;160,800,100000,20000;20000;20000;20000;20000,100000,not_applicable,not_applicable,0.9815999999999999,0.98,0.975,0,0.5584,0.529,0.529,1.183,1.183,cuda:0,1000,500,compute_matched_er500,0.993,0.975,0.982,0.98,0.978,0.963,0.092,0.0,0.759,0.978,0.963,0.092,0.0,0.759,0.978
10,perm_032,none,perm_032,"[1,2,3,0,4]",1-2-3-0-4,experience_replay_compute_matched,500,er500_matched,PASS,0.0,0.0,10,128,160,10;8;8;8;8,800,160;160;160;160;160,800,100000,20000;20000;20000;20000;20000,100000,not_applicable,not_applicable,0.9822,0.981,0.972,0,0.54,0.55275,0.55275,1.236,1.236,cuda:0,1000,500,compute_matched_er500,0.996,0.976,0.986,0.981,0.972,0.959,0.0,0.008,0.761,0.972,0.959,0.0,0.008,0.761,0.972
1,perm_033,none,perm_033,"[1,2,3,4,0]",1-2-3-4-0,experience_replay_compute_matched,500,er500_matched,PASS,0.0,0.0,10,128,160,10;8;8;8;8,800,160;160;160;160;160,800,100000,20000;20000;20000;20000;20000,100000,not_applicable,not_applicable,0.9805999999999999,0.983,0.967,0,0.5852,0.49424999999999997,0.49424999999999997,1.248,1.248,cuda:0,1000,500,compute_matched_er500,0.995,0.974,0.984,0.983,0.967,0.995,0.0,0.152,0.864,0.915,0.995,0.0,0.152,0.864,0.915
2,perm_033,none,perm_033,"[1,2,3,4,0]",1-2-3-4-0,experience_replay_compute_matched,500,er500_matched,PASS,0.0,0.0,10,128,160,10;8;8;8;8,800,160;160;160;160;160,800,100000,20000;20000;20000;20000;20000,100000,not_applicable,not_applicable,0.9808,0.981,0.968,0,0.6040000000000001,0.471,0.471,1.323,1.323,cuda:0,1000,500,compute_matched_er500,0.994,0.978,0.981,0.983,0.968,0.994,0.0,0.316,0.801,0.909,0.994,0.0,0.316,0.801,0.909
3,perm_033,none,perm_033,"[1,2,3,4,0]",1-2-3-4-0,experience_replay_compute_matched,500,er500_matched,PASS,0.0,0.0,10,128,160,10;8;8;8;8,800,160;160;160;160;160,800,100000,20000;20000;20000;20000;20000,100000,not_applicable,not_applicable,0.9836,0.981,0.978,0,0.5758,0.5097499999999999,0.5097499999999999,1.322,1.322,cuda:0,1000,500,compute_matched_er500,0.995,0.98,0.981,0.984,0.978,0.995,0.002,0.111,0.856,0.915,0.995,0.002,0.111,0.856,0.915
4,perm_033,none,perm_033,"[1,2,3,4,0]",1-2-3-4-0,experience_replay_compute_matched,500,er500_matched,PASS,0.0,0.0,10,128,160,10;8;8;8;8,800,160;160;160;160;160,800,100000,20000;20000;20000;20000;20000,100000,not_applicable,not_applicable,0.978,0.977,0.965,0,0.6073999999999999,0.46325000000000005,0.46325000000000005,1.281,1.281,cuda:0,1000,500,compute_matched_er500,0.993,0.977,0.977,0.978,0.965,0.993,0.0,0.297,0.838,0.909,0.993,0.0,0.297,0.838,0.909
5,perm_033,none,perm_033,"[1,2,3,4,0]",1-2-3-4-0,experience_replay_compute_matched,500,er500_matched,PASS,0.0,0.0,10,128,160,10;8;8;8;8,800,160;160;160;160;160,800,100000,20000;20000;20000;20000;20000,100000,not_applicable,not_applicable,0.9822000000000001,0.982,0.971,0,0.6062,0.47,0.47,1.257,1.257,cuda:0,1000,500,compute_matched_er500,0.993,0.98,0.985,0.982,0.971,0.993,0.014,0.269,0.835,0.92,0.993,0.014,0.269,0.835,0.92
6,perm_033,none,perm_033,"[1,2,3,4,0]",1-2-3-4-0,experience_replay_compute_matched,500,er500_matched,PASS,0.0,0.0,10,128,160,10;8;8;8;8,800,160;160;160;160;160,800,100000,20000;20000;20000;20000;20000,100000,not_applicable,not_applicable,0.9767999999999999,0.976,0.961,0,0.5938000000000001,0.47874999999999995,0.47874999999999995,1.237,1.237,cuda:0,1000,500,compute_matched_er500,0.994,0.961,0.976,0.981,0.972,0.994,0.022,0.207,0.829,0.917,0.994,0.022,0.207,0.829,0.917
7,perm_033,none,perm_033,"[1,2,3,4,0]",1-2-3-4-0,experience_replay_compute_matched,500,er500_matched,PASS,0.0,0.0,10,128,160,10;8;8;8;8,800,160;160;160;160;160,800,100000,20000;20000;20000;20000;20000,100000,not_applicable,not_applicable,0.9804,0.983,0.97,0,0.5486000000000001,0.53975,0.53975,1.226,1.226,cuda:0,1000,500,compute_matched_er500,0.992,0.974,0.983,0.983,0.97,0.992,0.0,0.034,0.787,0.93,0.992,0.0,0.034,0.787,0.93
8,perm_033,none,perm_033,"[1,2,3,4,0]",1-2-3-4-0,experience_replay_compute_matched,500,er500_matched,PASS,0.0,0.0,10,128,160,10;8;8;8;8,800,160;160;160;160;160,800,100000,20000;20000;20000;20000;20000,100000,not_applicable,not_applicable,0.9782,0.978,0.966,0,0.5682,0.5125,0.5125,1.334,1.334,cuda:0,1000,500,compute_matched_er500,0.993,0.966,0.982,0.978,0.972,0.993,0.002,0.096,0.833,0.917,0.993,0.002,0.096,0.833,0.917
9,perm_033,none,perm_033,"[1,2,3,4,0]",1-2-3-4-0,experience_replay_compute_matched,500,er500_matched,PASS,0.0,0.0,10,128,160,10;8;8;8;8,800,160;160;160;160;160,800,100000,20000;20000;20000;20000;20000,100000,not_applicable,not_applicable,0.9792,0.983,0.967,0,0.6486000000000001,0.41324999999999995,0.41324999999999995,1.305,1.305,cuda:0,1000,500,compute_matched_er500,0.991,0.972,0.983,0.983,0.967,0.991,0.133,0.4,0.797,0.922,0.991,0.133,0.4,0.797,0.922
10,perm_033,none,perm_033,"[1,2,3,4,0]",1-2-3-4-0,experience_replay_compute_matched,500,er500_matched,PASS,0.0,0.0,10,128,160,10;8;8;8;8,800,160;160;160;160;160,800,100000,20000;20000;20000;20000;20000,100000,not_applicable,not_applicable,0.9822,0.981,0.973,0,0.5833999999999999,0.49849999999999994,0.49849999999999994,1.298,1.298,cuda:0,1000,500,compute_matched_er500,0.996,0.977,0.981,0.984,0.973,0.996,0.125,0.033,0.853,0.91,0.996,0.125,0.033,0.853,0.91
1,perm_034,none,perm_034,"[1,2,4,0,3]",1-2-4-0-3,experience_replay_compute_matched,500,er500_matched,PASS,0.0,0.0,10,128,160,10;8;8;8;8,800,160;160;160;160;160,800,100000,20000;20000;20000;20000;20000,100000,not_applicable,not_applicable,0.978,0.974,0.967,0,0.5414,0.5457500000000001,0.5457500000000001,1.338,1.338,cuda:0,1000,500,compute_matched_er500,0.996,0.967,0.974,0.981,0.972,0.965,0.001,0.182,0.981,0.578,0.965,0.001,0.182,0.981,0.578
2,perm_034,none,perm_034,"[1,2,4,0,3]",1-2-4-0-3,experience_replay_compute_matched,500,er500_matched,PASS,0.0,0.0,10,128,160,10;8;8;8;8,800,160;160;160;160;160,800,100000,20000;20000;20000;20000;20000,100000,not_applicable,not_applicable,0.9800000000000001,0.982,0.963,0,0.654,0.4075,0.4075,1.314,1.314,cuda:0,1000,500,compute_matched_er500,0.993,0.978,0.982,0.984,0.963,0.978,0.02,0.636,0.984,0.652,0.978,0.02,0.636,0.984,0.652
3,perm_034,none,perm_034,"[1,2,4,0,3]",1-2-4-0-3,experience_replay_compute_matched,500,er500_matched,PASS,0.0,0.0,10,128,160,10;8;8;8;8,800,160;160;160;160;160,800,100000,20000;20000;20000;20000;20000,100000,not_applicable,not_applicable,0.9789999999999999,0.982,0.961,0,0.6844000000000001,0.36824999999999997,0.36824999999999997,1.305,1.305,cuda:0,1000,500,compute_matched_er500,0.992,0.977,0.982,0.983,0.961,0.969,0.117,0.549,0.983,0.804,0.969,0.117,0.549,0.983,0.804
4,perm_034,none,perm_034,"[1,2,4,0,3]",1-2-4-0-3,experience_replay_compute_matched,500,er500_matched,PASS,0.0,0.0,10,128,160,10;8;8;8;8,800,160;160;160;160;160,800,100000,20000;20000;20000;20000;20000,100000,not_applicable,not_applicable,0.9793999999999998,0.979,0.964,0,0.5736,0.50725,0.50725,1.302,1.302,cuda:0,1000,500,compute_matched_er500,0.993,0.975,0.986,0.979,0.964,0.974,0.018,0.206,0.979,0.691,0.974,0.018,0.206,0.979,0.691
5,perm_034,none,perm_034,"[1,2,4,0,3]",1-2-4-0-3,experience_replay_compute_matched,500,er500_matched,PASS,0.0,0.0,10,128,160,10;8;8;8;8,800,160;160;160;160;160,800,100000,20000;20000;20000;20000;20000,100000,not_applicable,not_applicable,0.9798,0.983,0.958,0,0.6085999999999999,0.46399999999999997,0.46399999999999997,1.3,1.3,cuda:0,1000,500,compute_matched_er500,0.995,0.978,0.985,0.983,0.958,0.978,0.006,0.458,0.983,0.618,0.978,0.006,0.458,0.983,0.618
6,perm_034,none,perm_034,"[1,2,4,0,3]",1-2-4-0-3,experience_replay_compute_matched,500,er500_matched,PASS,0.0,0.0,10,128,160,10;8;8;8;8,800,160;160;160;160;160,800,100000,20000;20000;20000;20000;20000,100000,not_applicable,not_applicable,0.9785999999999999,0.981,0.96,0,0.6008,0.47224999999999995,0.47224999999999995,1.315,1.315,cuda:0,1000,500,compute_matched_er500,0.994,0.981,0.982,0.976,0.96,0.971,0.0,0.421,0.976,0.636,0.971,0.0,0.421,0.976,0.636
7,perm_034,none,perm_034,"[1,2,4,0,3]",1-2-4-0-3,experience_replay_compute_matched,500,er500_matched,PASS,0.0,0.0,10,128,160,10;8;8;8;8,800,160;160;160;160;160,800,100000,20000;20000;20000;20000;20000,100000,not_applicable,not_applicable,0.9796000000000001,0.981,0.965,0,0.5282,0.5642499999999999,0.5642499999999999,1.31,1.31,cuda:0,1000,500,compute_matched_er500,0.994,0.965,0.981,0.985,0.973,0.979,0.0,0.222,0.985,0.455,0.979,0.0,0.222,0.985,0.455
8,perm_034,none,perm_034,"[1,2,4,0,3]",1-2-4-0-3,experience_replay_compute_matched,500,er500_matched,PASS,0.0,0.0,10,128,160,10;8;8;8;8,800,160;160;160;160;160,800,100000,20000;20000;20000;20000;20000,100000,not_applicable,not_applicable,0.9802,0.982,0.963,0,0.5064,0.5922499999999999,0.5922499999999999,1.345,1.345,cuda:0,1000,500,compute_matched_er500,0.996,0.975,0.982,0.985,0.963,0.969,0.0,0.046,0.985,0.532,0.969,0.0,0.046,0.985,0.532
9,perm_034,none,perm_034,"[1,2,4,0,3]",1-2-4-0-3,experience_replay_compute_matched,500,er500_matched,PASS,0.0,0.0,10,128,160,10;8;8;8;8,800,160;160;160;160;160,800,100000,20000;20000;20000;20000;20000,100000,not_applicable,not_applicable,0.9791999999999998,0.98,0.966,0,0.48640000000000005,0.616,0.616,1.323,1.323,cuda:0,1000,500,compute_matched_er500,0.994,0.976,0.98,0.98,0.966,0.971,0.0,0.1,0.98,0.381,0.971,0.0,0.1,0.98,0.381
10,perm_034,none,perm_034,"[1,2,4,0,3]",1-2-4-0-3,experience_replay_compute_matched,500,er500_matched,PASS,0.0,0.0,10,128,160,10;8;8;8;8,800,160;160;160;160;160,800,100000,20000;20000;20000;20000;20000,100000,not_applicable,not_applicable,0.9803999999999998,0.98,0.969,0,0.47359999999999997,0.6335,0.6335,1.347,1.347,cuda:0,1000,500,compute_matched_er500,0.993,0.978,0.982,0.98,0.969,0.974,0.0,0.041,0.98,0.373,0.974,0.0,0.041,0.98,0.373
1,perm_035,none,perm_035,"[1,2,4,3,0]",1-2-4-3-0,experience_replay_compute_matched,500,er500_matched,PASS,0.0,0.0,10,128,160,10;8;8;8;8,800,160;160;160;160;160,800,100000,20000;20000;20000;20000;20000,100000,not_applicable,not_applicable,0.976,0.977,0.964,0,0.658,0.39749999999999996,0.39749999999999996,1.346,1.346,cuda:0,1000,500,compute_matched_er500,0.99,0.977,0.98,0.969,0.964,0.99,0.156,0.426,0.934,0.784,0.99,0.156,0.426,0.934,0.784
2,perm_035,none,perm_035,"[1,2,4,3,0]",1-2-4-3-0,experience_replay_compute_matched,500,er500_matched,PASS,0.0,0.0,10,128,160,10;8;8;8;8,800,160;160;160;160;160,800,100000,20000;20000;20000;20000;20000,100000,not_applicable,not_applicable,0.9794,0.981,0.966,0,0.5342,0.5565,0.5565,1.336,1.336,cuda:0,1000,500,compute_matched_er500,0.993,0.981,0.981,0.976,0.966,0.993,0.004,0.233,0.942,0.499,0.993,0.004,0.233,0.942,0.499
3,perm_035,none,perm_035,"[1,2,4,3,0]",1-2-4-3-0,experience_replay_compute_matched,500,er500_matched,PASS,0.0,0.0,10,128,160,10;8;8;8;8,800,160;160;160;160;160,800,100000,20000;20000;20000;20000;20000,100000,not_applicable,not_applicable,0.9794,0.981,0.964,0,0.6,0.47425,0.47425,1.354,1.354,cuda:0,1000,500,compute_matched_er500,0.993,0.981,0.981,0.978,0.964,0.993,0.005,0.276,0.952,0.774,0.993,0.005,0.276,0.952,0.774
4,perm_035,none,perm_035,"[1,2,4,3,0]",1-2-4-3-0,experience_replay_compute_matched,500,er500_matched,PASS,0.0,0.0,10,128,160,10;8;8;8;8,800,160;160;160;160;160,800,100000,20000;20000;20000;20000;20000,100000,not_applicable,not_applicable,0.9792,0.975,0.97,0,0.5908,0.48549999999999993,0.48549999999999993,1.333,1.333,cuda:0,1000,500,compute_matched_er500,0.995,0.975,0.981,0.975,0.97,0.995,0.017,0.271,0.94,0.731,0.995,0.017,0.271,0.94,0.731
5,perm_035,none,perm_035,"[1,2,4,3,0]",1-2-4-3-0,experience_replay_compute_matched,500,er500_matched,PASS,0.0,0.0,10,128,160,10;8;8;8;8,800,160;160;160;160;160,800,100000,20000;20000;20000;20000;20000,100000,not_applicable,not_applicable,0.9802,0.982,0.964,0,0.6502,0.4125,0.4125,1.353,1.353,cuda:0,1000,500,compute_matched_er500,0.996,0.977,0.982,0.982,0.964,0.996,0.009,0.489,0.947,0.81,0.996,0.009,0.489,0.947,0.81
6,perm_035,none,perm_035,"[1,2,4,3,0]",1-2-4-3-0,experience_replay_compute_matched,500,er500_matched,PASS,0.0,0.0,10,128,160,10;8;8;8;8,800,160;160;160;160;160,800,100000,20000;20000;20000;20000;20000,100000,not_applicable,not_applicable,0.9802,0.978,0.97,0,0.6146,0.45699999999999996,0.45699999999999996,1.331,1.331,cuda:0,1000,500,compute_matched_er500,0.993,0.974,0.986,0.978,0.97,0.993,0.0,0.382,0.95,0.748,0.993,0.0,0.382,0.95,0.748
7,perm_035,none,perm_035,"[1,2,4,3,0]",1-2-4-3-0,experience_replay_compute_matched,500,er500_matched,PASS,0.0,0.0,10,128,160,10;8;8;8;8,800,160;160;160;160;160,800,100000,20000;20000;20000;20000;20000,100000,not_applicable,not_applicable,0.9762000000000001,0.979,0.961,0,0.5873999999999999,0.486,0.486,1.334,1.334,cuda:0,1000,500,compute_matched_er500,0.992,0.979,0.98,0.969,0.961,0.992,0.0,0.289,0.938,0.718,0.992,0.0,0.289,0.938,0.718
8,perm_035,none,perm_035,"[1,2,4,3,0]",1-2-4-3-0,experience_replay_compute_matched,500,er500_matched,PASS,0.0,0.0,10,128,160,10;8;8;8;8,800,160;160;160;160;160,800,100000,20000;20000;20000;20000;20000,100000,not_applicable,not_applicable,0.9795999999999999,0.978,0.968,0,0.585,0.49324999999999997,0.49324999999999997,1.317,1.317,cuda:0,1000,500,compute_matched_er500,0.994,0.978,0.985,0.973,0.968,0.994,0.0,0.266,0.934,0.731,0.994,0.0,0.266,0.934,0.731
9,perm_035,none,perm_035,"[1,2,4,3,0]",1-2-4-3-0,experience_replay_compute_matched,500,er500_matched,PASS,0.0,0.0,10,128,160,10;8;8;8;8,800,160;160;160;160;160,800,100000,20000;20000;20000;20000;20000,100000,not_applicable,not_applicable,0.9804,0.978,0.971,0,0.6128,0.4595,0.4595,1.294,1.294,cuda:0,1000,500,compute_matched_er500,0.995,0.978,0.984,0.971,0.974,0.995,0.0,0.331,0.937,0.801,0.995,0.0,0.331,0.937,0.801
10,perm_035,none,perm_035,"[1,2,4,3,0]",1-2-4-3-0,experience_replay_compute_matched,500,er500_matched,PASS,0.0,0.0,10,128,160,10;8;8;8;8,800,160;160;160;160;160,800,100000,20000;20000;20000;20000;20000,100000,not_applicable,not_applicable,0.9789999999999999,0.979,0.962,0,0.6028,0.47025000000000006,0.47025000000000006,1.311,1.311,cuda:0,1000,500,compute_matched_er500,0.991,0.979,0.985,0.978,0.962,0.991,0.001,0.33,0.955,0.737,0.991,0.001,0.33,0.955,0.737
1,perm_036,none,perm_036,"[1,3,0,2,4]",1-3-0-2-4,experience_replay_compute_matched,500,er500_matched,PASS,0.0,0.0,10,128,160,10;8;8;8;8,800,160;160;160;160;160,800,100000,20000;20000;20000;20000;20000,100000,not_applicable,not_applicable,0.9778,0.98,0.95,0,0.5646,0.5165,0.5165,1.311,1.311,cuda:0,1000,500,compute_matched_er500,0.992,0.98,0.987,0.98,0.95,0.785,0.0,0.858,0.23,0.95,0.785,0.0,0.858,0.23,0.95
2,perm_036,none,perm_036,"[1,3,0,2,4]",1-3-0-2-4,experience_replay_compute_matched,500,er500_matched,PASS,0.0,0.0,10,128,160,10;8;8;8;8,800,160;160;160;160;160,800,100000,20000;20000;20000;20000;20000,100000,not_applicable,not_applicable,0.9800000000000001,0.979,0.967,0,0.5883999999999999,0.4895,0.4895,1.333,1.333,cuda:0,1000,500,compute_matched_er500,0.994,0.967,0.991,0.979,0.969,0.837,0.017,0.842,0.277,0.969,0.837,0.017,0.842,0.277,0.969
3,perm_036,none,perm_036,"[1,3,0,2,4]",1-3-0-2-4,experience_replay_compute_matched,500,er500_matched,PASS,0.0,0.0,10,128,160,10;8;8;8;8,800,160;160;160;160;160,800,100000,20000;20000;20000;20000;20000,100000,not_applicable,not_applicable,0.9808,0.982,0.956,0,0.6072,0.4669999999999999,0.4669999999999999,1.319,1.319,cuda:0,1000,500,compute_matched_er500,0.995,0.978,0.993,0.982,0.956,0.899,0.0,0.879,0.302,0.956,0.899,0.0,0.879,0.302,0.956
4,perm_036,none,perm_036,"[1,3,0,2,4]",1-3-0-2-4,experience_replay_compute_matched,500,er500_matched,PASS,0.0,0.0,10,128,160,10;8;8;8;8,800,160;160;160;160;160,800,100000,20000;20000;20000;20000;20000,100000,not_applicable,not_applicable,0.977,0.981,0.945,0,0.6199999999999999,0.44625000000000004,0.44625000000000004,1.315,1.315,cuda:0,1000,500,compute_matched_er500,0.994,0.976,0.989,0.981,0.945,0.876,0.002,0.901,0.376,0.945,0.876,0.002,0.901,0.376,0.945
5,perm_036,none,perm_036,"[1,3,0,2,4]",1-3-0-2-4,experience_replay_compute_matched,500,er500_matched,PASS,0.0,0.0,10,128,160,10;8;8;8;8,800,160;160;160;160;160,800,100000,20000;20000;20000;20000;20000,100000,not_applicable,not_applicable,0.9785999999999999,0.98,0.953,0,0.6285999999999999,0.43750000000000006,0.43750000000000006,1.338,1.338,cuda:0,1000,500,compute_matched_er500,0.995,0.98,0.988,0.977,0.953,0.887,0.0,0.896,0.407,0.953,0.887,0.0,0.896,0.407,0.953
6,perm_036,none,perm_036,"[1,3,0,2,4]",1-3-0-2-4,experience_replay_compute_matched,500,er500_matched,PASS,0.0,0.0,10,128,160,10;8;8;8;8,800,160;160;160;160;160,800,100000,20000;20000;20000;20000;20000,100000,not_applicable,not_applicable,0.9802,0.98,0.959,0,0.5980000000000001,0.47775,0.47775,1.32,1.32,cuda:0,1000,500,compute_matched_er500,0.995,0.977,0.99,0.98,0.959,0.874,0.01,0.869,0.278,0.959,0.874,0.01,0.869,0.278,0.959
7,perm_036,none,perm_036,"[1,3,0,2,4]",1-3-0-2-4,experience_replay_compute_matched,500,er500_matched,PASS,0.0,0.0,10,128,160,10;8;8;8;8,800,160;160;160;160;160,800,100000,20000;20000;20000;20000;20000,100000,not_applicable,not_applicable,0.9782,0.981,0.95,0,0.6192,0.44875,0.44875,1.29,1.29,cuda:0,1000,500,compute_matched_er500,0.994,0.978,0.988,0.981,0.95,0.892,0.0,0.907,0.347,0.95,0.892,0.0,0.907,0.347,0.95
8,perm_036,none,perm_036,"[1,3,0,2,4]",1-3-0-2-4,experience_replay_compute_matched,500,er500_matched,PASS,0.0,0.0,10,128,160,10;8;8;8;8,800,160;160;160;160;160,800,100000,20000;20000;20000;20000;20000,100000,not_applicable,not_applicable,0.9768000000000001,0.979,0.953,0,0.6048,0.46499999999999997,0.46499999999999997,1.316,1.316,cuda:0,1000,500,compute_matched_er500,0.996,0.969,0.987,0.979,0.953,0.898,0.036,0.835,0.302,0.953,0.898,0.036,0.835,0.302,0.953
9,perm_036,none,perm_036,"[1,3,0,2,4]",1-3-0-2-4,experience_replay_compute_matched,500,er500_matched,PASS,0.0,0.0,10,128,160,10;8;8;8;8,800,160;160;160;160;160,800,100000,20000;20000;20000;20000;20000,100000,not_applicable,not_applicable,0.9794,0.98,0.954,0,0.5902,0.48650000000000004,0.48650000000000004,1.29,1.29,cuda:0,1000,500,compute_matched_er500,0.995,0.98,0.989,0.979,0.954,0.895,0.0,0.876,0.226,0.954,0.895,0.0,0.876,0.226,0.954
10,perm_036,none,perm_036,"[1,3,0,2,4]",1-3-0-2-4,experience_replay_compute_matched,500,er500_matched,PASS,0.0,0.0,10,128,160,10;8;8;8;8,800,160;160;160;160;160,800,100000,20000;20000;20000;20000;20000,100000,not_applicable,not_applicable,0.9808,0.977,0.966,0,0.6102000000000001,0.46325000000000005,0.46325000000000005,1.274,1.274,cuda:0,1000,500,compute_matched_er500,0.994,0.976,0.991,0.977,0.966,0.902,0.0,0.838,0.345,0.966,0.902,0.0,0.838,0.345,0.966
1,perm_037,none,perm_037,"[1,3,0,4,2]",1-3-0-4-2,experience_replay_compute_matched,500,er500_matched,PASS,0.0,0.0,10,128,160,10;8;8;8;8,800,160;160;160;160;160,800,100000,20000;20000;20000;20000;20000,100000,not_applicable,not_applicable,0.9804,0.978,0.972,0,0.5439999999999999,0.5455,0.5455,1.263,1.263,cuda:0,1000,500,compute_matched_er500,0.996,0.978,0.979,0.977,0.972,0.841,0.0,0.979,0.057,0.843,0.841,0.0,0.979,0.057,0.843
2,perm_037,none,perm_037,"[1,3,0,4,2]",1-3-0-4-2,experience_replay_compute_matched,500,er500_matched,PASS,0.0,0.0,10,128,160,10;8;8;8;8,800,160;160;160;160;160,800,100000,20000;20000;20000;20000;20000,100000,not_applicable,not_applicable,0.9837999999999999,0.983,0.978,0,0.6492,0.41824999999999996,0.41824999999999996,1.269,1.269,cuda:0,1000,500,compute_matched_er500,0.993,0.978,0.987,0.983,0.978,0.832,0.0,0.987,0.56,0.867,0.832,0.0,0.987,0.56,0.867
3,perm_037,none,perm_037,"[1,3,0,4,2]",1-3-0-4-2,experience_replay_compute_matched,500,er500_matched,PASS,0.0,0.0,10,128,160,10;8;8;8;8,800,160;160;160;160;160,800,100000,20000;20000;20000;20000;20000,100000,not_applicable,not_applicable,0.9823999999999999,0.982,0.97,0,0.6424,0.425,0.425,1.259,1.259,cuda:0,1000,500,compute_matched_er500,0.994,0.977,0.989,0.982,0.97,0.936,0.003,0.989,0.443,0.841,0.936,0.003,0.989,0.443,0.841
4,perm_037,none,perm_037,"[1,3,0,4,2]",1-3-0-4-2,experience_replay_compute_matched,500,er500_matched,PASS,0.0,0.0,10,128,160,10;8;8;8;8,800,160;160;160;160;160,800,100000,20000;20000;20000;20000;20000,100000,not_applicable,not_applicable,0.9827999999999999,0.981,0.972,0,0.5406,0.5527499999999999,0.5527499999999999,1.251,1.251,cuda:0,1000,500,compute_matched_er500,0.994,0.972,0.987,0.981,0.98,0.873,0.0,0.987,0.043,0.8,0.873,0.0,0.987,0.043,0.8
5,perm_037,none,perm_037,"[1,3,0,4,2]",1-3-0-4-2,experience_replay_compute_matched,500,er500_matched,PASS,0.0,0.0,10,128,160,10;8;8;8;8,800,160;160;160;160;160,800,100000,20000;20000;20000;20000;20000,100000,not_applicable,not_applicable,0.9804,0.977,0.974,0,0.611,0.46175,0.46175,1.238,1.238,cuda:0,1000,500,compute_matched_er500,0.991,0.974,0.983,0.977,0.977,0.883,0.016,0.983,0.314,0.859,0.883,0.016,0.983,0.314,0.859
6,perm_037,none,perm_037,"[1,3,0,4,2]",1-3-0-4-2,experience_replay_compute_matched,500,er500_matched,PASS,0.0,0.0,10,128,160,10;8;8;8;8,800,160;160;160;160;160,800,100000,20000;20000;20000;20000;20000,100000,not_applicable,not_applicable,0.9768000000000001,0.98,0.952,0,0.5646,0.51525,0.51525,1.23,1.23,cuda:0,1000,500,compute_matched_er500,0.995,0.952,0.982,0.98,0.975,0.906,0.0,0.982,0.081,0.854,0.906,0.0,0.982,0.081,0.854
7,perm_037,none,perm_037,"[1,3,0,4,2]",1-3-0-4-2,experience_replay_compute_matched,500,er500_matched,PASS,0.0,0.0,10,128,160,10;8;8;8;8,800,160;160;160;160;160,800,100000,20000;20000;20000;20000;20000,100000,not_applicable,not_applicable,0.9802,0.979,0.972,0,0.5384,0.55225,0.55225,1.261,1.261,cuda:0,1000,500,compute_matched_er500,0.996,0.974,0.979,0.98,0.972,0.882,0.0,0.979,0.029,0.802,0.882,0.0,0.979,0.029,0.802
8,perm_037,none,perm_037,"[1,3,0,4,2]",1-3-0-4-2,experience_replay_compute_matched,500,er500_matched,PASS,0.0,0.0,10,128,160,10;8;8;8;8,800,160;160;160;160;160,800,100000,20000;20000;20000;20000;20000,100000,not_applicable,not_applicable,0.9826,0.98,0.976,0,0.659,0.40449999999999997,0.40449999999999997,1.242,1.242,cuda:0,1000,500,compute_matched_er500,0.995,0.978,0.984,0.98,0.976,0.866,0.0,0.984,0.562,0.883,0.866,0.0,0.984,0.562,0.883
9,perm_037,none,perm_037,"[1,3,0,4,2]",1-3-0-4-2,experience_replay_compute_matched,500,er500_matched,PASS,0.0,0.0,10,128,160,10;8;8;8;8,800,160;160;160;160;160,800,100000,20000;20000;20000;20000;20000,100000,not_applicable,not_applicable,0.9833999999999999,0.981,0.977,0,0.6066,0.471,0.471,1.241,1.241,cuda:0,1000,500,compute_matched_er500,0.995,0.978,0.986,0.981,0.977,0.853,0.15,0.986,0.178,0.866,0.853,0.15,0.986,0.178,0.866
10,perm_037,none,perm_037,"[1,3,0,4,2]",1-3-0-4-2,experience_replay_compute_matched,500,er500_matched,PASS,0.0,0.0,10,128,160,10;8;8;8;8,800,160;160;160;160;160,800,100000,20000;20000;20000;20000;20000,100000,not_applicable,not_applicable,0.9826,0.979,0.974,0,0.5714,0.514,0.514,1.247,1.247,cuda:0,1000,500,compute_matched_er500,0.994,0.976,0.99,0.979,0.974,0.871,0.0,0.99,0.206,0.79,0.871,0.0,0.99,0.206,0.79
1,perm_038,none,perm_038,"[1,3,2,0,4]",1-3-2-0-4,experience_replay_compute_matched,500,er500_matched,PASS,0.0,0.0,10,128,160,10;8;8;8;8,800,160;160;160;160;160,800,100000,20000;20000;20000;20000;20000,100000,not_applicable,not_applicable,0.9794,0.979,0.963,0,0.4766,0.6285000000000001,0.6285000000000001,1.247,1.247,cuda:0,1000,500,compute_matched_er500,0.998,0.979,0.975,0.982,0.963,0.972,0.008,0.288,0.152,0.963,0.972,0.008,0.288,0.152,0.963
2,perm_038,none,perm_038,"[1,3,2,0,4]",1-3-2-0-4,experience_replay_compute_matched,500,er500_matched,PASS,0.0,0.0,10,128,160,10;8;8;8;8,800,160;160;160;160;160,800,100000,20000;20000;20000;20000;20000,100000,not_applicable,not_applicable,0.9808,0.978,0.969,0,0.4568,0.655,0.655,1.258,1.258,cuda:0,1000,500,compute_matched_er500,0.997,0.978,0.983,0.977,0.969,0.965,0.0,0.021,0.329,0.969,0.965,0.0,0.021,0.329,0.969
3,perm_038,none,perm_038,"[1,3,2,0,4]",1-3-2-0-4,experience_replay_compute_matched,500,er500_matched,PASS,0.0,0.0,10,128,160,10;8;8;8;8,800,160;160;160;160;160,800,100000,20000;20000;20000;20000;20000,100000,not_applicable,not_applicable,0.9826,0.982,0.974,0,0.5634,0.524,0.524,1.26,1.26,cuda:0,1000,500,compute_matched_er500,0.992,0.978,0.987,0.982,0.974,0.956,0.0,0.561,0.326,0.974,0.956,0.0,0.561,0.326,0.974
4,perm_038,none,perm_038,"[1,3,2,0,4]",1-3-2-0-4,experience_replay_compute_matched,500,er500_matched,PASS,0.0,0.0,10,128,160,10;8;8;8;8,800,160;160;160;160;160,800,100000,20000;20000;20000;20000;20000,100000,not_applicable,not_applicable,0.9789999999999999,0.978,0.969,0,0.5357999999999999,0.5539999999999999,0.5539999999999999,1.345,1.345,cuda:0,1000,500,compute_matched_er500,0.996,0.971,0.978,0.981,0.969,0.969,0.033,0.292,0.416,0.969,0.969,0.033,0.292,0.416,0.969
5,perm_038,none,perm_038,"[1,3,2,0,4]",1-3-2-0-4,experience_replay_compute_matched,500,er500_matched,PASS,0.0,0.0,10,128,160,10;8;8;8;8,800,160;160;160;160;160,800,100000,20000;20000;20000;20000;20000,100000,not_applicable,not_applicable,0.9790000000000001,0.979,0.966,0,0.608,0.46375,0.46375,1.263,1.263,cuda:0,1000,500,compute_matched_er500,0.994,0.979,0.983,0.973,0.966,0.967,0.03,0.549,0.528,0.966,0.967,0.03,0.549,0.528,0.966
6,perm_038,none,perm_038,"[1,3,2,0,4]",1-3-2-0-4,experience_replay_compute_matched,500,er500_matched,PASS,0.0,0.0,10,128,160,10;8;8;8;8,800,160;160;160;160;160,800,100000,20000;20000;20000;20000;20000,100000,not_applicable,not_applicable,0.9775999999999998,0.975,0.967,0,0.5511999999999999,0.5329999999999999,0.5329999999999999,1.26,1.26,cuda:0,1000,500,compute_matched_er500,0.994,0.974,0.978,0.975,0.967,0.966,0.0,0.393,0.43,0.967,0.966,0.0,0.393,0.43,0.967
7,perm_038,none,perm_038,"[1,3,2,0,4]",1-3-2-0-4,experience_replay_compute_matched,500,er500_matched,PASS,0.0,0.0,10,128,160,10;8;8;8;8,800,160;160;160;160;160,800,100000,20000;20000;20000;20000;20000,100000,not_applicable,not_applicable,0.9805999999999999,0.978,0.969,0,0.5272,0.56675,0.56675,1.259,1.259,cuda:0,1000,500,compute_matched_er500,0.997,0.978,0.977,0.982,0.969,0.969,0.02,0.281,0.397,0.969,0.969,0.02,0.281,0.397,0.969
8,perm_038,none,perm_038,"[1,3,2,0,4]",1-3-2-0-4,experience_replay_compute_matched,500,er500_matched,PASS,0.0,0.0,10,128,160,10;8;8;8;8,800,160;160;160;160;160,800,100000,20000;20000;20000;20000;20000,100000,not_applicable,not_applicable,0.9792,0.977,0.969,0,0.5029999999999999,0.5952500000000001,0.5952500000000001,1.267,1.267,cuda:0,1000,500,compute_matched_er500,0.993,0.977,0.982,0.969,0.975,0.939,0.0,0.24,0.361,0.975,0.939,0.0,0.24,0.361,0.975
9,perm_038,none,perm_038,"[1,3,2,0,4]",1-3-2-0-4,experience_replay_compute_matched,500,er500_matched,PASS,0.0,0.0,10,128,160,10;8;8;8;8,800,160;160;160;160;160,800,100000,20000;20000;20000;20000;20000,100000,not_applicable,not_applicable,0.9814,0.978,0.972,0,0.5321999999999999,0.5615,0.5615,1.276,1.276,cuda:0,1000,500,compute_matched_er500,0.997,0.978,0.982,0.978,0.972,0.955,0.001,0.376,0.357,0.972,0.955,0.001,0.376,0.357,0.972
10,perm_038,none,perm_038,"[1,3,2,0,4]",1-3-2-0-4,experience_replay_compute_matched,500,er500_matched,PASS,0.0,0.0,10,128,160,10;8;8;8;8,800,160;160;160;160;160,800,100000,20000;20000;20000;20000;20000,100000,not_applicable,not_applicable,0.9788,0.981,0.958,0,0.4782,0.62575,0.62575,1.267,1.267,cuda:0,1000,500,compute_matched_er500,0.996,0.976,0.983,0.981,0.958,0.97,0.0,0.155,0.308,0.958,0.97,0.0,0.155,0.308,0.958
1,perm_039,none,perm_039,"[1,3,2,4,0]",1-3-2-4-0,experience_replay_compute_matched,500,er500_matched,PASS,0.0,0.0,10,128,160,10;8;8;8;8,800,160;160;160;160;160,800,100000,20000;20000;20000;20000;20000,100000,not_applicable,not_applicable,0.9753999999999999,0.975,0.951,0,0.6357999999999999,0.4245,0.4245,1.271,1.271,cuda:0,1000,500,compute_matched_er500,0.994,0.975,0.982,0.975,0.951,0.994,0.0,0.792,0.481,0.912,0.994,0.0,0.792,0.481,0.912
2,perm_039,none,perm_039,"[1,3,2,4,0]",1-3-2-4-0,experience_replay_compute_matched,500,er500_matched,PASS,0.0,0.0,10,128,160,10;8;8;8;8,800,160;160;160;160;160,800,100000,20000;20000;20000;20000;20000,100000,not_applicable,not_applicable,0.9789999999999999,0.979,0.963,0,0.6558,0.404,0.404,1.274,1.274,cuda:0,1000,500,compute_matched_er500,0.992,0.978,0.983,0.979,0.963,0.992,0.0,0.777,0.599,0.911,0.992,0.0,0.777,0.599,0.911
3,perm_039,none,perm_039,"[1,3,2,4,0]",1-3-2-4-0,experience_replay_compute_matched,500,er500_matched,PASS,0.0,0.0,10,128,160,10;8;8;8;8,800,160;160;160;160;160,800,100000,20000;20000;20000;20000;20000,100000,not_applicable,not_applicable,0.978,0.977,0.967,0,0.6768000000000001,0.37649999999999995,0.37649999999999995,1.27,1.27,cuda:0,1000,500,compute_matched_er500,0.994,0.977,0.977,0.975,0.967,0.994,0.0,0.809,0.671,0.91,0.994,0.0,0.809,0.671,0.91
4,perm_039,none,perm_039,"[1,3,2,4,0]",1-3-2-4-0,experience_replay_compute_matched,500,er500_matched,PASS,0.0,0.0,10,128,160,10;8;8;8;8,800,160;160;160;160;160,800,100000,20000;20000;20000;20000;20000,100000,not_applicable,not_applicable,0.978,0.978,0.961,0,0.5938,0.48025,0.48025,1.27,1.27,cuda:0,1000,500,compute_matched_er500,0.998,0.974,0.978,0.979,0.961,0.998,0.0,0.723,0.356,0.892,0.998,0.0,0.723,0.356,0.892
5,perm_039,none,perm_039,"[1,3,2,4,0]",1-3-2-4-0,experience_replay_compute_matched,500,er500_matched,PASS,0.0,0.0,10,128,160,10;8;8;8;8,800,160;160;160;160;160,800,100000,20000;20000;20000;20000;20000,100000,not_applicable,not_applicable,0.9806000000000001,0.982,0.964,0,0.63,0.43825,0.43825,1.278,1.278,cuda:0,1000,500,compute_matched_er500,0.996,0.977,0.984,0.982,0.964,0.996,0.0,0.739,0.508,0.907,0.996,0.0,0.739,0.508,0.907
6,perm_039,none,perm_039,"[1,3,2,4,0]",1-3-2-4-0,experience_replay_compute_matched,500,er500_matched,PASS,0.0,0.0,10,128,160,10;8;8;8;8,800,160;160;160;160;160,800,100000,20000;20000;20000;20000;20000,100000,not_applicable,not_applicable,0.9794,0.978,0.966,0,0.6416000000000001,0.42224999999999996,0.42224999999999996,1.251,1.251,cuda:0,1000,500,compute_matched_er500,0.994,0.976,0.978,0.983,0.966,0.994,0.0,0.76,0.537,0.917,0.994,0.0,0.76,0.537,0.917
7,perm_039,none,perm_039,"[1,3,2,4,0]",1-3-2-4-0,experience_replay_compute_matched,500,er500_matched,PASS,0.0,0.0,10,128,160,10;8;8;8;8,800,160;160;160;160;160,800,100000,20000;20000;20000;20000;20000,100000,not_applicable,not_applicable,0.978,0.975,0.961,0,0.6362,0.4272499999999999,0.4272499999999999,1.253,1.253,cuda:0,1000,500,compute_matched_er500,0.995,0.975,0.986,0.973,0.961,0.995,0.0,0.677,0.598,0.911,0.995,0.0,0.677,0.598,0.911
8,perm_039,none,perm_039,"[1,3,2,4,0]",1-3-2-4-0,experience_replay_compute_matched,500,er500_matched,PASS,0.0,0.0,10,128,160,10;8;8;8;8,800,160;160;160;160;160,800,100000,20000;20000;20000;20000;20000,100000,not_applicable,not_applicable,0.9798,0.981,0.964,0,0.6822,0.372,0.372,1.262,1.262,cuda:0,1000,500,compute_matched_er500,0.994,0.981,0.983,0.977,0.964,0.994,0.0,0.725,0.768,0.924,0.994,0.0,0.725,0.768,0.924
9,perm_039,none,perm_039,"[1,3,2,4,0]",1-3-2-4-0,experience_replay_compute_matched,500,er500_matched,PASS,0.0,0.0,10,128,160,10;8;8;8;8,800,160;160;160;160;160,800,100000,20000;20000;20000;20000;20000,100000,not_applicable,not_applicable,0.9815999999999999,0.98,0.973,0,0.6344000000000001,0.43399999999999994,0.43399999999999994,1.253,1.253,cuda:0,1000,500,compute_matched_er500,0.994,0.982,0.979,0.98,0.973,0.994,0.0,0.741,0.534,0.903,0.994,0.0,0.741,0.534,0.903
10,perm_039,none,perm_039,"[1,3,2,4,0]",1-3-2-4-0,experience_replay_compute_matched,500,er500_matched,PASS,0.0,0.0,10,128,160,10;8;8;8;8,800,160;160;160;160;160,800,100000,20000;20000;20000;20000;20000,100000,not_applicable,not_applicable,0.9763999999999999,0.977,0.957,0,0.6138,0.45324999999999993,0.45324999999999993,1.275,1.275,cuda:0,1000,500,compute_matched_er500,0.988,0.977,0.983,0.977,0.957,0.988,0.0,0.635,0.542,0.904,0.988,0.0,0.635,0.542,0.904
1,perm_040,none,perm_040,"[1,3,4,0,2]",1-3-4-0-2,experience_replay_compute_matched,500,er500_matched,PASS,0.0,0.0,10,128,160,10;8;8;8;8,800,160;160;160;160;160,800,100000,20000;20000;20000;20000;20000,100000,not_applicable,not_applicable,0.9846,0.981,0.978,0,0.6482,0.4205,0.4205,1.262,1.262,cuda:0,1000,500,compute_matched_er500,0.997,0.979,0.988,0.978,0.981,0.977,0.009,0.988,0.59,0.677,0.977,0.009,0.988,0.59,0.677
2,perm_040,none,perm_040,"[1,3,4,0,2]",1-3-4-0-2,experience_replay_compute_matched,500,er500_matched,PASS,0.0,0.0,10,128,160,10;8;8;8;8,800,160;160;160;160;160,800,100000,20000;20000;20000;20000;20000,100000,not_applicable,not_applicable,0.9814,0.982,0.97,0,0.6093999999999999,0.46499999999999997,0.46499999999999997,1.269,1.269,cuda:0,1000,500,compute_matched_er500,0.991,0.982,0.989,0.975,0.97,0.987,0.0,0.989,0.489,0.582,0.987,0.0,0.989,0.489,0.582
3,perm_040,none,perm_040,"[1,3,4,0,2]",1-3-4-0-2,experience_replay_compute_matched,500,er500_matched,PASS,0.0,0.0,10,128,160,10;8;8;8;8,800,160;160;160;160;160,800,100000,20000;20000;20000;20000;20000,100000,not_applicable,not_applicable,0.982,0.975,0.974,0,0.5514,0.5382499999999999,0.5382499999999999,1.27,1.27,cuda:0,1000,500,compute_matched_er500,0.993,0.975,0.993,0.975,0.974,0.974,0.0,0.993,0.456,0.334,0.974,0.0,0.993,0.456,0.334
4,perm_040,none,perm_040,"[1,3,4,0,2]",1-3-4-0-2,experience_replay_compute_matched,500,er500_matched,PASS,0.0,0.0,10,128,160,10;8;8;8;8,800,160;160;160;160;160,800,100000,20000;20000;20000;20000;20000,100000,not_applicable,not_applicable,0.9827999999999999,0.978,0.976,0,0.5926,0.48775,0.48775,1.27,1.27,cuda:0,1000,500,compute_matched_er500,0.995,0.978,0.987,0.978,0.976,0.975,0.0,0.987,0.557,0.444,0.975,0.0,0.987,0.557,0.444
5,perm_040,none,perm_040,"[1,3,4,0,2]",1-3-4-0-2,experience_replay_compute_matched,500,er500_matched,PASS,0.0,0.0,10,128,160,10;8;8;8;8,800,160;160;160;160;160,800,100000,20000;20000;20000;20000;20000,100000,not_applicable,not_applicable,0.9852000000000001,0.983,0.979,0,0.48179999999999995,0.62925,0.62925,1.28,1.28,cuda:0,1000,500,compute_matched_er500,0.992,0.979,0.99,0.982,0.983,0.971,0.0,0.99,0.447,0.001,0.971,0.0,0.99,0.447,0.001
6,perm_040,none,perm_040,"[1,3,4,0,2]",1-3-4-0-2,experience_replay_compute_matched,500,er500_matched,PASS,0.0,0.0,10,128,160,10;8;8;8;8,800,160;160;160;160;160,800,100000,20000;20000;20000;20000;20000,100000,not_applicable,not_applicable,0.983,0.98,0.975,0,0.531,0.565,0.565,1.279,1.279,cuda:0,1000,500,compute_matched_er500,0.997,0.98,0.987,0.975,0.976,0.979,0.0,0.987,0.38,0.309,0.979,0.0,0.987,0.38,0.309
7,perm_040,none,perm_040,"[1,3,4,0,2]",1-3-4-0-2,experience_replay_compute_matched,500,er500_matched,PASS,0.0,0.0,10,128,160,10;8;8;8;8,800,160;160;160;160;160,800,100000,20000;20000;20000;20000;20000,100000,not_applicable,not_applicable,0.9814,0.977,0.973,0,0.47940000000000005,0.6275,0.6275,1.255,1.255,cuda:0,1000,500,compute_matched_er500,0.993,0.977,0.988,0.976,0.973,0.961,0.0,0.988,0.325,0.123,0.961,0.0,0.988,0.325,0.123
8,perm_040,none,perm_040,"[1,3,4,0,2]",1-3-4-0-2,experience_replay_compute_matched,500,er500_matched,PASS,0.0,0.0,10,128,160,10;8;8;8;8,800,160;160;160;160;160,800,100000,20000;20000;20000;20000;20000,100000,not_applicable,not_applicable,0.9833999999999999,0.978,0.976,0,0.5498,0.5419999999999999,0.5419999999999999,1.277,1.277,cuda:0,1000,500,compute_matched_er500,0.995,0.976,0.991,0.978,0.977,0.974,0.0,0.991,0.441,0.343,0.974,0.0,0.991,0.441,0.343
9,perm_040,none,perm_040,"[1,3,4,0,2]",1-3-4-0-2,experience_replay_compute_matched,500,er500_matched,PASS,0.0,0.0,10,128,160,10;8;8;8;8,800,160;160;160;160;160,800,100000,20000;20000;20000;20000;20000,100000,not_applicable,not_applicable,0.9846,0.982,0.976,0,0.53,0.5682499999999999,0.5682499999999999,1.263,1.263,cuda:0,1000,500,compute_matched_er500,0.993,0.976,0.993,0.982,0.979,0.964,0.0,0.993,0.411,0.282,0.964,0.0,0.993,0.411,0.282
10,perm_040,none,perm_040,"[1,3,4,0,2]",1-3-4-0-2,experience_replay_compute_matched,500,er500_matched,PASS,0.0,0.0,10,128,160,10;8;8;8;8,800,160;160;160;160;160,800,100000,20000;20000;20000;20000;20000,100000,not_applicable,not_applicable,0.983,0.981,0.976,0,0.6062000000000001,0.47100000000000003,0.47100000000000003,1.265,1.265,cuda:0,1000,500,compute_matched_er500,0.995,0.976,0.986,0.981,0.977,0.976,0.0,0.986,0.461,0.608,0.976,0.0,0.986,0.461,0.608
1,perm_041,none,perm_041,"[1,3,4,2,0]",1-3-4-2-0,experience_replay_compute_matched,500,er500_matched,PASS,0.0,0.0,10,128,160,10;8;8;8;8,800,160;160;160;160;160,800,100000,20000;20000;20000;20000;20000,100000,not_applicable,not_applicable,0.9833999999999999,0.982,0.974,0,0.6708000000000001,0.39075,0.39075,1.254,1.254,cuda:0,1000,500,compute_matched_er500,0.998,0.976,0.987,0.982,0.974,0.998,0.0,0.959,0.73,0.667,0.998,0.0,0.959,0.73,0.667
2,perm_041,none,perm_041,"[1,3,4,2,0]",1-3-4-2-0,experience_replay_compute_matched,500,er500_matched,PASS,0.0,0.0,10,128,160,10;8;8;8;8,800,160;160;160;160;160,800,100000,20000;20000;20000;20000;20000,100000,not_applicable,not_applicable,0.982,0.979,0.974,0,0.634,0.43499999999999994,0.43499999999999994,1.262,1.262,cuda:0,1000,500,compute_matched_er500,0.995,0.974,0.985,0.977,0.979,0.995,0.0,0.935,0.593,0.647,0.995,0.0,0.935,0.593,0.647
3,perm_041,none,perm_041,"[1,3,4,2,0]",1-3-4-2-0,experience_replay_compute_matched,500,er500_matched,PASS,0.0,0.0,10,128,160,10;8;8;8;8,800,160;160;160;160;160,800,100000,20000;20000;20000;20000;20000,100000,not_applicable,not_applicable,0.983,0.98,0.971,0,0.666,0.39625,0.39625,1.245,1.245,cuda:0,1000,500,compute_matched_er500,0.996,0.979,0.989,0.98,0.971,0.996,0.0,0.936,0.643,0.755,0.996,0.0,0.936,0.643,0.755
4,perm_041,none,perm_041,"[1,3,4,2,0]",1-3-4-2-0,experience_replay_compute_matched,500,er500_matched,PASS,0.0,0.0,10,128,160,10;8;8;8;8,800,160;160;160;160;160,800,100000,20000;20000;20000;20000;20000,100000,not_applicable,not_applicable,0.9825999999999999,0.981,0.976,0,0.6460000000000001,0.42074999999999996,0.42074999999999996,1.246,1.246,cuda:0,1000,500,compute_matched_er500,0.993,0.976,0.985,0.981,0.978,0.993,0.0,0.963,0.683,0.591,0.993,0.0,0.963,0.683,0.591
5,perm_041,none,perm_041,"[1,3,4,2,0]",1-3-4-2-0,experience_replay_compute_matched,500,er500_matched,PASS,0.0,0.0,10,128,160,10;8;8;8;8,800,160;160;160;160;160,800,100000,20000;20000;20000;20000;20000,100000,not_applicable,not_applicable,0.982,0.979,0.975,0,0.6534000000000001,0.41074999999999995,0.41074999999999995,1.26,1.26,cuda:0,1000,500,compute_matched_er500,0.997,0.979,0.984,0.975,0.975,0.997,0.0,0.959,0.559,0.752,0.997,0.0,0.959,0.559,0.752
6,perm_041,none,perm_041,"[1,3,4,2,0]",1-3-4-2-0,experience_replay_compute_matched,500,er500_matched,PASS,0.0,0.0,10,128,160,10;8;8;8;8,800,160;160;160;160;160,800,100000,20000;20000;20000;20000;20000,100000,not_applicable,not_applicable,0.9802,0.98,0.968,0,0.6357999999999999,0.4305,0.4305,1.258,1.258,cuda:0,1000,500,compute_matched_er500,0.996,0.975,0.982,0.98,0.968,0.996,0.001,0.937,0.587,0.658,0.996,0.001,0.937,0.587,0.658
7,perm_041,none,perm_041,"[1,3,4,2,0]",1-3-4-2-0,experience_replay_compute_matched,500,er500_matched,PASS,0.0,0.0,10,128,160,10;8;8;8;8,800,160;160;160;160;160,800,100000,20000;20000;20000;20000;20000,100000,not_applicable,not_applicable,0.9798,0.977,0.972,0,0.6746000000000001,0.38149999999999995,0.38149999999999995,1.253,1.253,cuda:0,1000,500,compute_matched_er500,0.994,0.976,0.977,0.98,0.972,0.994,0.0,0.952,0.775,0.652,0.994,0.0,0.952,0.775,0.652
8,perm_041,none,perm_041,"[1,3,4,2,0]",1-3-4-2-0,experience_replay_compute_matched,500,er500_matched,PASS,0.0,0.0,10,128,160,10;8;8;8;8,800,160;160;160;160;160,800,100000,20000;20000;20000;20000;20000,100000,not_applicable,not_applicable,0.982,0.981,0.971,0,0.6306,0.43925,0.43925,1.234,1.234,cuda:0,1000,500,compute_matched_er500,0.995,0.98,0.983,0.981,0.971,0.995,0.0,0.929,0.611,0.618,0.995,0.0,0.929,0.611,0.618
9,perm_041,none,perm_041,"[1,3,4,2,0]",1-3-4-2-0,experience_replay_compute_matched,500,er500_matched,PASS,0.0,0.0,10,128,160,10;8;8;8;8,800,160;160;160;160;160,800,100000,20000;20000;20000;20000;20000,100000,not_applicable,not_applicable,0.9836,0.985,0.97,0,0.6678,0.39475000000000005,0.39475000000000005,1.251,1.251,cuda:0,1000,500,compute_matched_er500,0.995,0.979,0.989,0.985,0.97,0.995,0.0,0.945,0.715,0.684,0.995,0.0,0.945,0.715,0.684
10,perm_041,none,perm_041,"[1,3,4,2,0]",1-3-4-2-0,experience_replay_compute_matched,500,er500_matched,PASS,0.0,0.0,10,128,160,10;8;8;8;8,800,160;160;160;160;160,800,100000,20000;20000;20000;20000;20000,100000,not_applicable,not_applicable,0.9795999999999999,0.977,0.961,0,0.6378,0.42725,0.42725,1.251,1.251,cuda:0,1000,500,compute_matched_er500,0.997,0.977,0.988,0.975,0.961,0.997,0.0,0.949,0.624,0.619,0.997,0.0,0.949,0.624,0.619
1,perm_042,none,perm_042,"[1,4,0,2,3]",1-4-0-2-3,experience_replay_compute_matched,500,er500_matched,PASS,0.0,0.0,10,128,160,10;8;8;8;8,800,160;160;160;160;160,800,100000,20000;20000;20000;20000;20000,100000,not_applicable,not_applicable,0.984,0.98,0.973,0,0.5686,0.51925,0.51925,1.232,1.232,cuda:0,1000,500,compute_matched_er500,0.994,0.98,0.993,0.98,0.973,0.902,0.0,0.937,0.98,0.024,0.902,0.0,0.937,0.98,0.024
2,perm_042,none,perm_042,"[1,4,0,2,3]",1-4-0-2-3,experience_replay_compute_matched,500,er500_matched,PASS,0.0,0.0,10,128,160,10;8;8;8;8,800,160;160;160;160;160,800,100000,20000;20000;20000;20000;20000,100000,not_applicable,not_applicable,0.9857999999999999,0.981,0.977,0,0.609,0.471,0.471,1.222,1.222,cuda:0,1000,500,compute_matched_er500,0.997,0.98,0.994,0.981,0.977,0.936,0.004,0.946,0.981,0.178,0.936,0.004,0.946,0.981,0.178
3,perm_042,none,perm_042,"[1,4,0,2,3]",1-4-0-2-3,experience_replay_compute_matched,500,er500_matched,PASS,0.0,0.0,10,128,160,10;8;8;8;8,800,160;160;160;160;160,800,100000,20000;20000;20000;20000;20000,100000,not_applicable,not_applicable,0.9844000000000002,0.98,0.974,0,0.564,0.5255000000000001,0.5255000000000001,1.244,1.244,cuda:0,1000,500,compute_matched_er500,0.997,0.977,0.994,0.98,0.974,0.897,0.0,0.943,0.98,0.0,0.897,0.0,0.943,0.98,0.0
4,perm_042,none,perm_042,"[1,4,0,2,3]",1-4-0-2-3,experience_replay_compute_matched,500,er500_matched,PASS,0.0,0.0,10,128,160,10;8;8;8;8,800,160;160;160;160;160,800,100000,20000;20000;20000;20000;20000,100000,not_applicable,not_applicable,0.9827999999999999,0.979,0.973,0,0.5618000000000001,0.52625,0.52625,1.244,1.244,cuda:0,1000,500,compute_matched_er500,0.993,0.977,0.992,0.979,0.973,0.887,0.004,0.939,0.979,0.0,0.887,0.004,0.939,0.979,0.0
5,perm_042,none,perm_042,"[1,4,0,2,3]",1-4-0-2-3,experience_replay_compute_matched,500,er500_matched,PASS,0.0,0.0,10,128,160,10;8;8;8;8,800,160;160;160;160;160,800,100000,20000;20000;20000;20000;20000,100000,not_applicable,not_applicable,0.9816,0.981,0.971,0,0.6306,0.43875,0.43875,1.245,1.245,cuda:0,1000,500,compute_matched_er500,0.994,0.972,0.99,0.981,0.971,0.892,0.061,0.944,0.981,0.275,0.892,0.061,0.944,0.981,0.275
6,perm_042,none,perm_042,"[1,4,0,2,3]",1-4-0-2-3,experience_replay_compute_matched,500,er500_matched,PASS,0.0,0.0,10,128,160,10;8;8;8;8,800,160;160;160;160;160,800,100000,20000;20000;20000;20000;20000,100000,not_applicable,not_applicable,0.9846,0.98,0.974,0,0.6036,0.47625,0.47625,1.26,1.26,cuda:0,1000,500,compute_matched_er500,0.996,0.974,0.996,0.98,0.977,0.873,0.0,0.94,0.98,0.225,0.873,0.0,0.94,0.98,0.225
7,perm_042,none,perm_042,"[1,4,0,2,3]",1-4-0-2-3,experience_replay_compute_matched,500,er500_matched,PASS,0.0,0.0,10,128,160,10;8;8;8;8,800,160;160;160;160;160,800,100000,20000;20000;20000;20000;20000,100000,not_applicable,not_applicable,0.9814,0.976,0.97,0,0.5728,0.51075,0.51075,1.242,1.242,cuda:0,1000,500,compute_matched_er500,0.994,0.974,0.993,0.976,0.97,0.915,0.004,0.953,0.976,0.016,0.915,0.004,0.953,0.976,0.016
8,perm_042,none,perm_042,"[1,4,0,2,3]",1-4-0-2-3,experience_replay_compute_matched,500,er500_matched,PASS,0.0,0.0,10,128,160,10;8;8;8;8,800,160;160;160;160;160,800,100000,20000;20000;20000;20000;20000,100000,not_applicable,not_applicable,0.9837999999999999,0.983,0.967,0,0.5746,0.5115,0.5115,1.246,1.246,cuda:0,1000,500,compute_matched_er500,0.993,0.979,0.997,0.983,0.967,0.93,0.0,0.942,0.983,0.018,0.93,0.0,0.942,0.983,0.018
9,perm_042,none,perm_042,"[1,4,0,2,3]",1-4-0-2-3,experience_replay_compute_matched,500,er500_matched,PASS,0.0,0.0,10,128,160,10;8;8;8;8,800,160;160;160;160;160,800,100000,20000;20000;20000;20000;20000,100000,not_applicable,not_applicable,0.9835999999999998,0.984,0.978,0,0.5538,0.53725,0.53725,1.232,1.232,cuda:0,1000,500,compute_matched_er500,0.992,0.978,0.985,0.984,0.979,0.843,0.0,0.94,0.984,0.002,0.843,0.0,0.94,0.984,0.002
10,perm_042,none,perm_042,"[1,4,0,2,3]",1-4-0-2-3,experience_replay_compute_matched,500,er500_matched,PASS,0.0,0.0,10,128,160,10;8;8;8;8,800,160;160;160;160;160,800,100000,20000;20000;20000;20000;20000,100000,not_applicable,not_applicable,0.9841999999999999,0.983,0.975,0,0.5968,0.4842499999999999,0.4842499999999999,1.24,1.24,cuda:0,1000,500,compute_matched_er500,0.991,0.979,0.993,0.983,0.975,0.914,0.01,0.935,0.983,0.142,0.914,0.01,0.935,0.983,0.142
1,perm_043,none,perm_043,"[1,4,0,3,2]",1-4-0-3-2,experience_replay_compute_matched,500,er500_matched,PASS,0.0,0.0,10,128,160,10;8;8;8;8,800,160;160;160;160;160,800,100000,20000;20000;20000;20000;20000,100000,not_applicable,not_applicable,0.9827999999999999,0.98,0.975,0,0.5548,0.535,0.535,1.224,1.224,cuda:0,1000,500,compute_matched_er500,0.995,0.979,0.98,0.985,0.975,0.877,0.0,0.98,0.917,0.0,0.877,0.0,0.98,0.917,0.0
2,perm_043,none,perm_043,"[1,4,0,3,2]",1-4-0-3-2,experience_replay_compute_matched,500,er500_matched,PASS,0.0,0.0,10,128,160,10;8;8;8;8,800,160;160;160;160;160,800,100000,20000;20000;20000;20000;20000,100000,not_applicable,not_applicable,0.9803999999999998,0.979,0.97,0,0.561,0.52425,0.52425,1.216,1.216,cuda:0,1000,500,compute_matched_er500,0.992,0.976,0.979,0.985,0.97,0.898,0.002,0.979,0.926,0.0,0.898,0.002,0.979,0.926,0.0
3,perm_043,none,perm_043,"[1,4,0,3,2]",1-4-0-3-2,experience_replay_compute_matched,500,er500_matched,PASS,0.0,0.0,10,128,160,10;8;8;8;8,800,160;160;160;160;160,800,100000,20000;20000;20000;20000;20000,100000,not_applicable,not_applicable,0.982,0.983,0.97,0,0.5572,0.5309999999999999,0.5309999999999999,1.257,1.257,cuda:0,1000,500,compute_matched_er500,0.993,0.979,0.985,0.983,0.97,0.862,0.025,0.985,0.914,0.0,0.862,0.025,0.985,0.914,0.0
4,perm_043,none,perm_043,"[1,4,0,3,2]",1-4-0-3-2,experience_replay_compute_matched,500,er500_matched,PASS,0.0,0.0,10,128,160,10;8;8;8;8,800,160;160;160;160;160,800,100000,20000;20000;20000;20000;20000,100000,not_applicable,not_applicable,0.9826,0.982,0.974,0,0.5538000000000001,0.536,0.536,1.228,1.228,cuda:0,1000,500,compute_matched_er500,0.994,0.977,0.982,0.986,0.974,0.855,0.032,0.982,0.9,0.0,0.855,0.032,0.982,0.9,0.0
5,perm_043,none,perm_043,"[1,4,0,3,2]",1-4-0-3-2,experience_replay_compute_matched,500,er500_matched,PASS,0.0,0.0,10,128,160,10;8;8;8;8,800,160;160;160;160;160,800,100000,20000;20000;20000;20000;20000,100000,not_applicable,not_applicable,0.9826,0.98,0.979,0,0.5648,0.52225,0.52225,1.233,1.233,cuda:0,1000,500,compute_matched_er500,0.993,0.981,0.98,0.979,0.98,0.905,0.0,0.98,0.939,0.0,0.905,0.0,0.98,0.939,0.0
6,perm_043,none,perm_043,"[1,4,0,3,2]",1-4-0-3-2,experience_replay_compute_matched,500,er500_matched,PASS,0.0,0.0,10,128,160,10;8;8;8;8,800,160;160;160;160;160,800,100000,20000;20000;20000;20000;20000,100000,not_applicable,not_applicable,0.9812000000000001,0.977,0.974,0,0.5561999999999999,0.53125,0.53125,1.222,1.222,cuda:0,1000,500,compute_matched_er500,0.994,0.974,0.985,0.976,0.977,0.87,0.005,0.985,0.92,0.001,0.87,0.005,0.985,0.92,0.001
7,perm_043,none,perm_043,"[1,4,0,3,2]",1-4-0-3-2,experience_replay_compute_matched,500,er500_matched,PASS,0.0,0.0,10,128,160,10;8;8;8;8,800,160;160;160;160;160,800,100000,20000;20000;20000;20000;20000,100000,not_applicable,not_applicable,0.9812000000000001,0.978,0.976,0,0.568,0.5165,0.5165,1.219,1.219,cuda:0,1000,500,compute_matched_er500,0.991,0.978,0.984,0.976,0.977,0.933,0.002,0.984,0.921,0.0,0.933,0.002,0.984,0.921,0.0
8,perm_043,none,perm_043,"[1,4,0,3,2]",1-4-0-3-2,experience_replay_compute_matched,500,er500_matched,PASS,0.0,0.0,10,128,160,10;8;8;8;8,800,160;160;160;160;160,800,100000,20000;20000;20000;20000;20000,100000,not_applicable,not_applicable,0.9823999999999999,0.98,0.973,0,0.5549999999999999,0.5342499999999999,0.5342499999999999,1.22,1.22,cuda:0,1000,500,compute_matched_er500,0.997,0.973,0.984,0.98,0.978,0.825,0.003,0.984,0.915,0.048,0.825,0.003,0.984,0.915,0.048
9,perm_043,none,perm_043,"[1,4,0,3,2]",1-4-0-3-2,experience_replay_compute_matched,500,er500_matched,PASS,0.0,0.0,10,128,160,10;8;8;8;8,800,160;160;160;160;160,800,100000,20000;20000;20000;20000;20000,100000,not_applicable,not_applicable,0.9827999999999999,0.981,0.977,0,0.5576000000000001,0.5315,0.5315,1.237,1.237,cuda:0,1000,500,compute_matched_er500,0.992,0.977,0.98,0.984,0.981,0.85,0.041,0.98,0.917,0.0,0.85,0.041,0.98,0.917,0.0
10,perm_043,none,perm_043,"[1,4,0,3,2]",1-4-0-3-2,experience_replay_compute_matched,500,er500_matched,PASS,0.0,0.0,10,128,160,10;8;8;8;8,800,160;160;160;160;160,800,100000,20000;20000;20000;20000;20000,100000,not_applicable,not_applicable,0.9802,0.981,0.97,0,0.568,0.51525,0.51525,1.277,1.277,cuda:0,1000,500,compute_matched_er500,0.994,0.97,0.981,0.982,0.974,0.918,0.012,0.981,0.929,0.0,0.918,0.012,0.981,0.929,0.0
1,perm_044,none,perm_044,"[1,4,2,0,3]",1-4-2-0-3,experience_replay_compute_matched,500,er500_matched,PASS,0.0,0.0,10,128,160,10;8;8;8;8,800,160;160;160;160;160,800,100000,20000;20000;20000;20000;20000,100000,not_applicable,not_applicable,0.9822,0.981,0.974,0,0.573,0.5115,0.5115,1.306,1.306,cuda:0,1000,500,compute_matched_er500,0.994,0.977,0.985,0.981,0.974,0.97,0.0,0.836,0.981,0.078,0.97,0.0,0.836,0.981,0.078
2,perm_044,none,perm_044,"[1,4,2,0,3]",1-4-2-0-3,experience_replay_compute_matched,500,er500_matched,PASS,0.0,0.0,10,128,160,10;8;8;8;8,800,160;160;160;160;160,800,100000,20000;20000;20000;20000;20000,100000,not_applicable,not_applicable,0.9837999999999999,0.981,0.976,0,0.615,0.46099999999999997,0.46099999999999997,1.266,1.266,cuda:0,1000,500,compute_matched_er500,0.997,0.976,0.985,0.981,0.98,0.972,0.303,0.8,0.981,0.019,0.972,0.303,0.8,0.981,0.019
3,perm_044,none,perm_044,"[1,4,2,0,3]",1-4-2-0-3,experience_replay_compute_matched,500,er500_matched,PASS,0.0,0.0,10,128,160,10;8;8;8;8,800,160;160;160;160;160,800,100000,20000;20000;20000;20000;20000,100000,not_applicable,not_applicable,0.9822,0.978,0.976,0,0.5582,0.53,0.53,1.266,1.266,cuda:0,1000,500,compute_matched_er500,0.995,0.977,0.985,0.978,0.976,0.964,0.0,0.848,0.978,0.001,0.964,0.0,0.848,0.978,0.001
4,perm_044,none,perm_044,"[1,4,2,0,3]",1-4-2-0-3,experience_replay_compute_matched,500,er500_matched,PASS,0.0,0.0,10,128,160,10;8;8;8;8,800,160;160;160;160;160,800,100000,20000;20000;20000;20000;20000,100000,not_applicable,not_applicable,0.9812,0.978,0.97,0,0.5826,0.49824999999999997,0.49824999999999997,1.258,1.258,cuda:0,1000,500,compute_matched_er500,0.994,0.978,0.991,0.973,0.97,0.976,0.0,0.865,0.973,0.099,0.976,0.0,0.865,0.973,0.099
5,perm_044,none,perm_044,"[1,4,2,0,3]",1-4-2-0-3,experience_replay_compute_matched,500,er500_matched,PASS,0.0,0.0,10,128,160,10;8;8;8;8,800,160;160;160;160;160,800,100000,20000;20000;20000;20000;20000,100000,not_applicable,not_applicable,0.9833999999999999,0.979,0.978,0,0.6164,0.45875,0.45875,1.266,1.266,cuda:0,1000,500,compute_matched_er500,0.997,0.978,0.978,0.985,0.979,0.973,0.002,0.859,0.985,0.263,0.973,0.002,0.859,0.985,0.263
6,perm_044,none,perm_044,"[1,4,2,0,3]",1-4-2-0-3,experience_replay_compute_matched,500,er500_matched,PASS,0.0,0.0,10,128,160,10;8;8;8;8,800,160;160;160;160;160,800,100000,20000;20000;20000;20000;20000,100000,not_applicable,not_applicable,0.984,0.984,0.973,0,0.589,0.49375,0.49375,1.261,1.261,cuda:0,1000,500,compute_matched_er500,0.996,0.973,0.989,0.978,0.984,0.977,0.0,0.8,0.978,0.19,0.977,0.0,0.8,0.978,0.19
7,perm_044,none,perm_044,"[1,4,2,0,3]",1-4-2-0-3,experience_replay_compute_matched,500,er500_matched,PASS,0.0,0.0,10,128,160,10;8;8;8;8,800,160;160;160;160;160,800,100000,20000;20000;20000;20000;20000,100000,not_applicable,not_applicable,0.9798,0.982,0.965,0,0.572,0.50975,0.50975,1.253,1.253,cuda:0,1000,500,compute_matched_er500,0.993,0.976,0.983,0.982,0.965,0.971,0.0,0.812,0.982,0.095,0.971,0.0,0.812,0.982,0.095
8,perm_044,none,perm_044,"[1,4,2,0,3]",1-4-2-0-3,experience_replay_compute_matched,500,er500_matched,PASS,0.0,0.0,10,128,160,10;8;8;8;8,800,160;160;160;160;160,800,100000,20000;20000;20000;20000;20000,100000,not_applicable,not_applicable,0.9812,0.979,0.974,0,0.5734,0.50975,0.50975,1.288,1.288,cuda:0,1000,500,compute_matched_er500,0.994,0.979,0.984,0.975,0.974,0.97,0.0,0.869,0.975,0.053,0.97,0.0,0.869,0.975,0.053
9,perm_044,none,perm_044,"[1,4,2,0,3]",1-4-2-0-3,experience_replay_compute_matched,500,er500_matched,PASS,0.0,0.0,10,128,160,10;8;8;8;8,800,160;160;160;160;160,800,100000,20000;20000;20000;20000;20000,100000,not_applicable,not_applicable,0.9837999999999999,0.981,0.975,0,0.5429999999999999,0.5509999999999999,0.5509999999999999,1.29,1.29,cuda:0,1000,500,compute_matched_er500,0.997,0.975,0.989,0.981,0.977,0.962,0.0,0.732,0.981,0.04,0.962,0.0,0.732,0.981,0.04
10,perm_044,none,perm_044,"[1,4,2,0,3]",1-4-2-0-3,experience_replay_compute_matched,500,er500_matched,PASS,0.0,0.0,10,128,160,10;8;8;8;8,800,160;160;160;160;160,800,100000,20000;20000;20000;20000;20000,100000,not_applicable,not_applicable,0.9838000000000001,0.981,0.978,0,0.5404,0.55425,0.55425,1.26,1.26,cuda:0,1000,500,compute_matched_er500,0.995,0.978,0.985,0.981,0.98,0.971,0.0,0.75,0.981,0.0,0.971,0.0,0.75,0.981,0.0
1,perm_045,none,perm_045,"[1,4,2,3,0]",1-4-2-3-0,experience_replay_compute_matched,500,er500_matched,PASS,0.0,0.0,10,128,160,10;8;8;8;8,800,160;160;160;160;160,800,100000,20000;20000;20000;20000;20000,100000,not_applicable,not_applicable,0.9833999999999999,0.984,0.973,0,0.5622,0.5265,0.5265,1.251,1.251,cuda:0,1000,500,compute_matched_er500,0.995,0.973,0.988,0.984,0.977,0.995,0.0,0.859,0.933,0.024,0.995,0.0,0.859,0.933,0.024
2,perm_045,none,perm_045,"[1,4,2,3,0]",1-4-2-3-0,experience_replay_compute_matched,500,er500_matched,PASS,0.0,0.0,10,128,160,10;8;8;8;8,800,160;160;160;160;160,800,100000,20000;20000;20000;20000;20000,100000,not_applicable,not_applicable,0.9823999999999999,0.981,0.967,0,0.5894,0.49124999999999996,0.49124999999999996,1.254,1.254,cuda:0,1000,500,compute_matched_er500,0.994,0.981,0.99,0.98,0.967,0.994,0.0,0.801,0.939,0.213,0.994,0.0,0.801,0.939,0.213
3,perm_045,none,perm_045,"[1,4,2,3,0]",1-4-2-3-0,experience_replay_compute_matched,500,er500_matched,PASS,0.0,0.0,10,128,160,10;8;8;8;8,800,160;160;160;160;160,800,100000,20000;20000;20000;20000;20000,100000,not_applicable,not_applicable,0.9831999999999999,0.985,0.971,0,0.6096,0.46699999999999997,0.46699999999999997,1.258,1.258,cuda:0,1000,500,compute_matched_er500,0.997,0.978,0.985,0.985,0.971,0.997,0.0,0.757,0.945,0.349,0.997,0.0,0.757,0.945,0.349
4,perm_045,none,perm_045,"[1,4,2,3,0]",1-4-2-3-0,experience_replay_compute_matched,500,er500_matched,PASS,0.0,0.0,10,128,160,10;8;8;8;8,800,160;160;160;160;160,800,100000,20000;20000;20000;20000;20000,100000,not_applicable,not_applicable,0.982,0.978,0.975,0,0.571,0.5137499999999999,0.5137499999999999,1.246,1.246,cuda:0,1000,500,compute_matched_er500,0.992,0.975,0.989,0.978,0.976,0.992,0.0,0.758,0.938,0.167,0.992,0.0,0.758,0.938,0.167
5,perm_045,none,perm_045,"[1,4,2,3,0]",1-4-2-3-0,experience_replay_compute_matched,500,er500_matched,PASS,0.0,0.0,10,128,160,10;8;8;8;8,800,160;160;160;160;160,800,100000,20000;20000;20000;20000;20000,100000,not_applicable,not_applicable,0.982,0.983,0.974,0,0.6614,0.40074999999999994,0.40074999999999994,1.291,1.291,cuda:0,1000,500,compute_matched_er500,0.995,0.974,0.984,0.983,0.974,0.995,0.068,0.78,0.947,0.517,0.995,0.068,0.78,0.947,0.517
6,perm_045,none,perm_045,"[1,4,2,3,0]",1-4-2-3-0,experience_replay_compute_matched,500,er500_matched,PASS,0.0,0.0,10,128,160,10;8;8;8;8,800,160;160;160;160;160,800,100000,20000;20000;20000;20000;20000,100000,not_applicable,not_applicable,0.9798,0.977,0.97,0,0.6252,0.4432499999999999,0.4432499999999999,1.302,1.302,cuda:0,1000,500,compute_matched_er500,0.993,0.977,0.974,0.985,0.97,0.993,0.019,0.838,0.944,0.332,0.993,0.019,0.838,0.944,0.332
7,perm_045,none,perm_045,"[1,4,2,3,0]",1-4-2-3-0,experience_replay_compute_matched,500,er500_matched,PASS,0.0,0.0,10,128,160,10;8;8;8;8,800,160;160;160;160;160,800,100000,20000;20000;20000;20000;20000,100000,not_applicable,not_applicable,0.9804,0.976,0.975,0,0.5880000000000001,0.4905,0.4905,1.244,1.244,cuda:0,1000,500,compute_matched_er500,0.991,0.976,0.984,0.975,0.976,0.991,0.0,0.79,0.935,0.224,0.991,0.0,0.79,0.935,0.224
8,perm_045,none,perm_045,"[1,4,2,3,0]",1-4-2-3-0,experience_replay_compute_matched,500,er500_matched,PASS,0.0,0.0,10,128,160,10;8;8;8;8,800,160;160;160;160;160,800,100000,20000;20000;20000;20000;20000,100000,not_applicable,not_applicable,0.9838000000000001,0.984,0.977,0,0.5686,0.5189999999999999,0.5189999999999999,1.248,1.248,cuda:0,1000,500,compute_matched_er500,0.996,0.977,0.985,0.984,0.977,0.996,0.006,0.826,0.939,0.076,0.996,0.006,0.826,0.939,0.076
9,perm_045,none,perm_045,"[1,4,2,3,0]",1-4-2-3-0,experience_replay_compute_matched,500,er500_matched,PASS,0.0,0.0,10,128,160,10;8;8;8;8,800,160;160;160;160;160,800,100000,20000;20000;20000;20000;20000,100000,not_applicable,not_applicable,0.9841999999999999,0.982,0.976,0,0.5786,0.507,0.507,1.251,1.251,cuda:0,1000,500,compute_matched_er500,0.996,0.978,0.989,0.982,0.976,0.996,0.006,0.818,0.942,0.131,0.996,0.006,0.818,0.942,0.131
10,perm_045,none,perm_045,"[1,4,2,3,0]",1-4-2-3-0,experience_replay_compute_matched,500,er500_matched,PASS,0.0,0.0,10,128,160,10;8;8;8;8,800,160;160;160;160;160,800,100000,20000;20000;20000;20000;20000,100000,not_applicable,not_applicable,0.9818,0.977,0.976,0,0.6020000000000001,0.47475,0.47475,1.25,1.25,cuda:0,1000,500,compute_matched_er500,0.996,0.976,0.977,0.983,0.977,0.996,0.0,0.854,0.934,0.226,0.996,0.0,0.854,0.934,0.226
1,perm_046,none,perm_046,"[1,4,3,0,2]",1-4-3-0-2,experience_replay_compute_matched,500,er500_matched,PASS,0.0,0.0,10,128,160,10;8;8;8;8,800,160;160;160;160;160,800,100000,20000;20000;20000;20000;20000,100000,not_applicable,not_applicable,0.9812,0.976,0.971,0,0.5576,0.5295000000000001,0.5295000000000001,1.242,1.242,cuda:0,1000,500,compute_matched_er500,0.996,0.976,0.989,0.971,0.974,0.975,0.001,0.989,0.823,0.0,0.975,0.001,0.989,0.823,0.0
2,perm_046,none,perm_046,"[1,4,3,0,2]",1-4-3-0-2,experience_replay_compute_matched,500,er500_matched,PASS,0.0,0.0,10,128,160,10;8;8;8;8,800,160;160;160;160;160,800,100000,20000;20000;20000;20000;20000,100000,not_applicable,not_applicable,0.9823999999999999,0.979,0.975,0,0.5598,0.52825,0.52825,1.275,1.275,cuda:0,1000,500,compute_matched_er500,0.99,0.975,0.989,0.979,0.979,0.974,0.0,0.989,0.836,0.0,0.974,0.0,0.989,0.836,0.0
3,perm_046,none,perm_046,"[1,4,3,0,2]",1-4-3-0-2,experience_replay_compute_matched,500,er500_matched,PASS,0.0,0.0,10,128,160,10;8;8;8;8,800,160;160;160;160;160,800,100000,20000;20000;20000;20000;20000,100000,not_applicable,not_applicable,0.984,0.983,0.978,0,0.5524,0.5395,0.5395,1.295,1.295,cuda:0,1000,500,compute_matched_er500,0.993,0.98,0.983,0.986,0.978,0.972,0.0,0.983,0.794,0.013,0.972,0.0,0.983,0.794,0.013
4,perm_046,none,perm_046,"[1,4,3,0,2]",1-4-3-0-2,experience_replay_compute_matched,500,er500_matched,PASS,0.0,0.0,10,128,160,10;8;8;8;8,800,160;160;160;160;160,800,100000,20000;20000;20000;20000;20000,100000,not_applicable,not_applicable,0.9798,0.976,0.968,0,0.5508,0.53625,0.53625,1.285,1.285,cuda:0,1000,500,compute_matched_er500,0.991,0.976,0.99,0.974,0.968,0.968,0.019,0.99,0.777,0.0,0.968,0.019,0.99,0.777,0.0
5,perm_046,none,perm_046,"[1,4,3,0,2]",1-4-3-0-2,experience_replay_compute_matched,500,er500_matched,PASS,0.0,0.0,10,128,160,10;8;8;8;8,800,160;160;160;160;160,800,100000,20000;20000;20000;20000;20000,100000,not_applicable,not_applicable,0.983,0.982,0.972,0,0.5658000000000001,0.5215,0.5215,1.263,1.263,cuda:0,1000,500,compute_matched_er500,0.995,0.982,0.99,0.972,0.976,0.963,0.006,0.99,0.822,0.048,0.963,0.006,0.99,0.822,0.048
6,perm_046,none,perm_046,"[1,4,3,0,2]",1-4-3-0-2,experience_replay_compute_matched,500,er500_matched,PASS,0.0,0.0,10,128,160,10;8;8;8;8,800,160;160;160;160;160,800,100000,20000;20000;20000;20000;20000,100000,not_applicable,not_applicable,0.9790000000000001,0.979,0.967,0,0.5536,0.53175,0.53175,1.242,1.242,cuda:0,1000,500,compute_matched_er500,0.99,0.979,0.987,0.972,0.967,0.969,0.025,0.987,0.787,0.0,0.969,0.025,0.987,0.787,0.0
7,perm_046,none,perm_046,"[1,4,3,0,2]",1-4-3-0-2,experience_replay_compute_matched,500,er500_matched,PASS,0.0,0.0,10,128,160,10;8;8;8;8,800,160;160;160;160;160,800,100000,20000;20000;20000;20000;20000,100000,not_applicable,not_applicable,0.9828000000000001,0.98,0.976,0,0.5902000000000001,0.49075,0.49075,1.247,1.247,cuda:0,1000,500,compute_matched_er500,0.995,0.978,0.985,0.976,0.98,0.973,0.123,0.985,0.843,0.027,0.973,0.123,0.985,0.843,0.027
8,perm_046,none,perm_046,"[1,4,3,0,2]",1-4-3-0-2,experience_replay_compute_matched,500,er500_matched,PASS,0.0,0.0,10,128,160,10;8;8;8;8,800,160;160;160;160;160,800,100000,20000;20000;20000;20000;20000,100000,not_applicable,not_applicable,0.9802,0.979,0.97,0,0.5568,0.52925,0.52925,1.25,1.25,cuda:0,1000,500,compute_matched_er500,0.992,0.974,0.986,0.97,0.979,0.973,0.0,0.986,0.819,0.006,0.973,0.0,0.986,0.819,0.006
9,perm_046,none,perm_046,"[1,4,3,0,2]",1-4-3-0-2,experience_replay_compute_matched,500,er500_matched,PASS,0.0,0.0,10,128,160,10;8;8;8;8,800,160;160;160;160;160,800,100000,20000;20000;20000;20000;20000,100000,not_applicable,not_applicable,0.9778,0.974,0.97,0,0.5506,0.534,0.534,1.227,1.227,cuda:0,1000,500,compute_matched_er500,0.993,0.974,0.981,0.971,0.97,0.975,0.0,0.981,0.797,0.0,0.975,0.0,0.981,0.797,0.0
10,perm_046,none,perm_046,"[1,4,3,0,2]",1-4-3-0-2,experience_replay_compute_matched,500,er500_matched,PASS,0.0,0.0,10,128,160,10;8;8;8;8,800,160;160;160;160;160,800,100000,20000;20000;20000;20000;20000,100000,not_applicable,not_applicable,0.9802,0.982,0.97,0,0.5677999999999999,0.5155000000000001,0.5155000000000001,1.278,1.278,cuda:0,1000,500,compute_matched_er500,0.991,0.974,0.984,0.97,0.982,0.973,0.074,0.984,0.808,0.0,0.973,0.074,0.984,0.808,0.0
1,perm_047,none,perm_047,"[1,4,3,2,0]",1-4-3-2-0,experience_replay_compute_matched,500,er500_matched,PASS,0.0,0.0,10,128,160,10;8;8;8;8,800,160;160;160;160;160,800,100000,20000;20000;20000;20000;20000,100000,not_applicable,not_applicable,0.9795999999999999,0.975,0.974,0,0.5678,0.51475,0.51475,1.25,1.25,cuda:0,1000,500,compute_matched_er500,0.994,0.974,0.981,0.975,0.974,0.994,0.0,0.952,0.87,0.023,0.994,0.0,0.952,0.87,0.023
2,perm_047,none,perm_047,"[1,4,3,2,0]",1-4-3-2-0,experience_replay_compute_matched,500,er500_matched,PASS,0.0,0.0,10,128,160,10;8;8;8;8,800,160;160;160;160;160,800,100000,20000;20000;20000;20000;20000,100000,not_applicable,not_applicable,0.9822,0.979,0.972,0,0.588,0.4927499999999999,0.4927499999999999,1.242,1.242,cuda:0,1000,500,compute_matched_er500,0.998,0.979,0.984,0.972,0.978,0.998,0.0,0.942,0.838,0.162,0.998,0.0,0.942,0.838,0.162
3,perm_047,none,perm_047,"[1,4,3,2,0]",1-4-3-2-0,experience_replay_compute_matched,500,er500_matched,PASS,0.0,0.0,10,128,160,10;8;8;8;8,800,160;160;160;160;160,800,100000,20000;20000;20000;20000;20000,100000,not_applicable,not_applicable,0.9827999999999999,0.981,0.976,0,0.5934,0.48675,0.48675,1.239,1.239,cuda:0,1000,500,compute_matched_er500,0.994,0.979,0.984,0.976,0.981,0.994,0.0,0.967,0.869,0.137,0.994,0.0,0.967,0.869,0.137
4,perm_047,none,perm_047,"[1,4,3,2,0]",1-4-3-2-0,experience_replay_compute_matched,500,er500_matched,PASS,0.0,0.0,10,128,160,10;8;8;8;8,800,160;160;160;160;160,800,100000,20000;20000;20000;20000;20000,100000,not_applicable,not_applicable,0.9788,0.976,0.971,0,0.5644,0.518,0.518,1.249,1.249,cuda:0,1000,500,compute_matched_er500,0.995,0.977,0.976,0.971,0.975,0.995,0.0,0.934,0.87,0.023,0.995,0.0,0.934,0.87,0.023
5,perm_047,none,perm_047,"[1,4,3,2,0]",1-4-3-2-0,experience_replay_compute_matched,500,er500_matched,PASS,0.0,0.0,10,128,160,10;8;8;8;8,800,160;160;160;160;160,800,100000,20000;20000;20000;20000;20000,100000,not_applicable,not_applicable,0.9806000000000001,0.979,0.969,0,0.5696000000000001,0.5137499999999999,0.5137499999999999,1.253,1.253,cuda:0,1000,500,compute_matched_er500,0.996,0.977,0.982,0.969,0.979,0.996,0.0,0.926,0.875,0.051,0.996,0.0,0.926,0.875,0.051
6,perm_047,none,perm_047,"[1,4,3,2,0]",1-4-3-2-0,experience_replay_compute_matched,500,er500_matched,PASS,0.0,0.0,10,128,160,10;8;8;8;8,800,160;160;160;160;160,800,100000,20000;20000;20000;20000;20000,100000,not_applicable,not_applicable,0.9798,0.977,0.972,0,0.6264,0.44175,0.44175,1.245,1.245,cuda:0,1000,500,compute_matched_er500,0.994,0.974,0.982,0.972,0.977,0.994,0.053,0.96,0.856,0.269,0.994,0.053,0.96,0.856,0.269
7,perm_047,none,perm_047,"[1,4,3,2,0]",1-4-3-2-0,experience_replay_compute_matched,500,er500_matched,PASS,0.0,0.0,10,128,160,10;8;8;8;8,800,160;160;160;160;160,800,100000,20000;20000;20000;20000;20000,100000,not_applicable,not_applicable,0.9788,0.976,0.971,0,0.5648,0.5175000000000001,0.5175000000000001,1.229,1.229,cuda:0,1000,500,compute_matched_er500,0.995,0.975,0.977,0.971,0.976,0.995,0.0,0.94,0.823,0.066,0.995,0.0,0.94,0.823,0.066
8,perm_047,none,perm_047,"[1,4,3,2,0]",1-4-3-2-0,experience_replay_compute_matched,500,er500_matched,PASS,0.0,0.0,10,128,160,10;8;8;8;8,800,160;160;160;160;160,800,100000,20000;20000;20000;20000;20000,100000,not_applicable,not_applicable,0.9815999999999999,0.978,0.975,0,0.5664,0.519,0.519,1.285,1.285,cuda:0,1000,500,compute_matched_er500,0.996,0.978,0.982,0.977,0.975,0.996,0.0,0.954,0.88,0.002,0.996,0.0,0.954,0.88,0.002
9,perm_047,none,perm_047,"[1,4,3,2,0]",1-4-3-2-0,experience_replay_compute_matched,500,er500_matched,PASS,0.0,0.0,10,128,160,10;8;8;8;8,800,160;160;160;160;160,800,100000,20000;20000;20000;20000;20000,100000,not_applicable,not_applicable,0.9800000000000001,0.977,0.972,0,0.5508,0.5365,0.5365,1.285,1.285,cuda:0,1000,500,compute_matched_er500,0.993,0.977,0.981,0.972,0.977,0.993,0.0,0.946,0.814,0.001,0.993,0.0,0.946,0.814,0.001
10,perm_047,none,perm_047,"[1,4,3,2,0]",1-4-3-2-0,experience_replay_compute_matched,500,er500_matched,PASS,0.0,0.0,10,128,160,10;8;8;8;8,800,160;160;160;160;160,800,100000,20000;20000;20000;20000;20000,100000,not_applicable,not_applicable,0.9792,0.979,0.969,0,0.5806,0.49825,0.49825,1.259,1.259,cuda:0,1000,500,compute_matched_er500,0.994,0.979,0.981,0.973,0.969,0.994,0.0,0.938,0.863,0.108,0.994,0.0,0.938,0.863,0.108
1,perm_048,none,perm_048,"[2,0,1,3,4]",2-0-1-3-4,experience_replay_compute_matched,500,er500_matched,PASS,0.0,0.0,10,128,160,10;8;8;8;8,800,160;160;160;160;160,800,100000,20000;20000;20000;20000;20000,100000,not_applicable,not_applicable,0.984,0.979,0.97,0,0.6244,0.4495,0.4495,1.256,1.256,cuda:0,1000,500,compute_matched_er500,0.997,0.97,0.995,0.979,0.979,0.675,0.595,0.0,0.873,0.979,0.675,0.595,0.0,0.873,0.979
2,perm_048,none,perm_048,"[2,0,1,3,4]",2-0-1-3-4,experience_replay_compute_matched,500,er500_matched,PASS,0.0,0.0,10,128,160,10;8;8;8;8,800,160;160;160;160;160,800,100000,20000;20000;20000;20000;20000,100000,not_applicable,not_applicable,0.9823999999999999,0.976,0.972,0,0.66,0.40299999999999997,0.40299999999999997,1.275,1.275,cuda:0,1000,500,compute_matched_er500,0.996,0.975,0.993,0.976,0.972,0.751,0.7,0.0,0.877,0.972,0.751,0.7,0.0,0.877,0.972
3,perm_048,none,perm_048,"[2,0,1,3,4]",2-0-1-3-4,experience_replay_compute_matched,500,er500_matched,PASS,0.0,0.0,10,128,160,10;8;8;8;8,800,160;160;160;160;160,800,100000,20000;20000;20000;20000;20000,100000,not_applicable,not_applicable,0.9802,0.973,0.968,0,0.638,0.42774999999999996,0.42774999999999996,1.246,1.246,cuda:0,1000,500,compute_matched_er500,0.995,0.972,0.993,0.973,0.968,0.64,0.702,0.0,0.88,0.968,0.64,0.702,0.0,0.88,0.968
4,perm_048,none,perm_048,"[2,0,1,3,4]",2-0-1-3-4,experience_replay_compute_matched,500,er500_matched,PASS,0.0,0.0,10,128,160,10;8;8;8;8,800,160;160;160;160;160,800,100000,20000;20000;20000;20000;20000,100000,not_applicable,not_applicable,0.9823999999999999,0.978,0.971,0,0.6641999999999999,0.39775,0.39775,1.25,1.25,cuda:0,1000,500,compute_matched_er500,0.995,0.971,0.995,0.978,0.973,0.752,0.697,0.0,0.899,0.973,0.752,0.697,0.0,0.899,0.973
5,perm_048,none,perm_048,"[2,0,1,3,4]",2-0-1-3-4,experience_replay_compute_matched,500,er500_matched,PASS,0.0,0.0,10,128,160,10;8;8;8;8,800,160;160;160;160;160,800,100000,20000;20000;20000;20000;20000,100000,not_applicable,not_applicable,0.983,0.98,0.972,0,0.6226,0.4505,0.4505,1.246,1.246,cuda:0,1000,500,compute_matched_er500,0.997,0.973,0.993,0.98,0.972,0.581,0.681,0.0,0.879,0.972,0.581,0.681,0.0,0.879,0.972
6,perm_048,none,perm_048,"[2,0,1,3,4]",2-0-1-3-4,experience_replay_compute_matched,500,er500_matched,PASS,0.0,0.0,10,128,160,10;8;8;8;8,800,160;160;160;160;160,800,100000,20000;20000;20000;20000;20000,100000,not_applicable,not_applicable,0.9823999999999999,0.979,0.965,0,0.5721999999999999,0.5127499999999999,0.5127499999999999,1.244,1.244,cuda:0,1000,500,compute_matched_er500,0.997,0.965,0.994,0.979,0.977,0.426,0.577,0.0,0.881,0.977,0.426,0.577,0.0,0.881,0.977
7,perm_048,none,perm_048,"[2,0,1,3,4]",2-0-1-3-4,experience_replay_compute_matched,500,er500_matched,PASS,0.0,0.0,10,128,160,10;8;8;8;8,800,160;160;160;160;160,800,100000,20000;20000;20000;20000;20000,100000,not_applicable,not_applicable,0.9837999999999999,0.981,0.971,0,0.6494,0.41800000000000004,0.41800000000000004,1.24,1.24,cuda:0,1000,500,compute_matched_er500,0.998,0.974,0.995,0.981,0.971,0.696,0.699,0.0,0.881,0.971,0.696,0.699,0.0,0.881,0.971
8,perm_048,none,perm_048,"[2,0,1,3,4]",2-0-1-3-4,experience_replay_compute_matched,500,er500_matched,PASS,0.0,0.0,10,128,160,10;8;8;8;8,800,160;160;160;160;160,800,100000,20000;20000;20000;20000;20000,100000,not_applicable,not_applicable,0.9836,0.979,0.974,0,0.6628000000000001,0.40099999999999997,0.40099999999999997,1.247,1.247,cuda:0,1000,500,compute_matched_er500,0.994,0.974,0.993,0.979,0.978,0.749,0.677,0.0,0.91,0.978,0.749,0.677,0.0,0.91,0.978
9,perm_048,none,perm_048,"[2,0,1,3,4]",2-0-1-3-4,experience_replay_compute_matched,500,er500_matched,PASS,0.0,0.0,10,128,160,10;8;8;8;8,800,160;160;160;160;160,800,100000,20000;20000;20000;20000;20000,100000,not_applicable,not_applicable,0.9798,0.973,0.969,0,0.5662,0.5169999999999999,0.5169999999999999,1.238,1.238,cuda:0,1000,500,compute_matched_er500,0.994,0.969,0.992,0.973,0.971,0.373,0.629,0.0,0.858,0.971,0.373,0.629,0.0,0.858,0.971
10,perm_048,none,perm_048,"[2,0,1,3,4]",2-0-1-3-4,experience_replay_compute_matched,500,er500_matched,PASS,0.0,0.0,10,128,160,10;8;8;8;8,800,160;160;160;160;160,800,100000,20000;20000;20000;20000;20000,100000,not_applicable,not_applicable,0.9814,0.98,0.969,0,0.6616000000000001,0.39975,0.39975,1.23,1.23,cuda:0,1000,500,compute_matched_er500,0.995,0.97,0.993,0.98,0.969,0.663,0.791,0.0,0.885,0.969,0.663,0.791,0.0,0.885,0.969
1,perm_049,none,perm_049,"[2,0,1,4,3]",2-0-1-4-3,experience_replay_compute_matched,500,er500_matched,PASS,0.0,0.0,10,128,160,10;8;8;8;8,800,160;160;160;160;160,800,100000,20000;20000;20000;20000;20000,100000,not_applicable,not_applicable,0.9822,0.975,0.973,0,0.5882,0.49250000000000005,0.49250000000000005,1.227,1.227,cuda:0,1000,500,compute_matched_er500,0.994,0.975,0.995,0.973,0.974,0.378,0.696,0.016,0.973,0.878,0.378,0.696,0.016,0.973,0.878
2,perm_049,none,perm_049,"[2,0,1,4,3]",2-0-1-4-3,experience_replay_compute_matched,500,er500_matched,PASS,0.0,0.0,10,128,160,10;8;8;8;8,800,160;160;160;160;160,800,100000,20000;20000;20000;20000;20000,100000,not_applicable,not_applicable,0.9776,0.977,0.956,0,0.6666000000000001,0.38875,0.38875,1.232,1.232,cuda:0,1000,500,compute_matched_er500,0.995,0.966,0.994,0.956,0.977,0.727,0.728,0.0,0.956,0.922,0.727,0.728,0.0,0.956,0.922
3,perm_049,none,perm_049,"[2,0,1,4,3]",2-0-1-4-3,experience_replay_compute_matched,500,er500_matched,PASS,0.0,0.0,10,128,160,10;8;8;8;8,800,160;160;160;160;160,800,100000,20000;20000;20000;20000;20000,100000,not_applicable,not_applicable,0.9798,0.975,0.967,0,0.6644,0.39425,0.39425,1.235,1.235,cuda:0,1000,500,compute_matched_er500,0.995,0.967,0.992,0.975,0.97,0.699,0.742,0.013,0.975,0.893,0.699,0.742,0.013,0.975,0.893
4,perm_049,none,perm_049,"[2,0,1,4,3]",2-0-1-4-3,experience_replay_compute_matched,500,er500_matched,PASS,0.0,0.0,10,128,160,10;8;8;8;8,800,160;160;160;160;160,800,100000,20000;20000;20000;20000;20000,100000,not_applicable,not_applicable,0.9802,0.973,0.967,0,0.6839999999999999,0.37024999999999997,0.37024999999999997,1.24,1.24,cuda:0,1000,500,compute_matched_er500,0.994,0.967,0.995,0.972,0.973,0.678,0.854,0.0,0.972,0.916,0.678,0.854,0.0,0.972,0.916
5,perm_049,none,perm_049,"[2,0,1,4,3]",2-0-1-4-3,experience_replay_compute_matched,500,er500_matched,PASS,0.0,0.0,10,128,160,10;8;8;8;8,800,160;160;160;160;160,800,100000,20000;20000;20000;20000;20000,100000,not_applicable,not_applicable,0.9823999999999999,0.977,0.97,0,0.5963999999999999,0.4825,0.4825,1.251,1.251,cuda:0,1000,500,compute_matched_er500,0.998,0.97,0.995,0.977,0.972,0.399,0.751,0.0,0.977,0.855,0.399,0.751,0.0,0.977,0.855
6,perm_049,none,perm_049,"[2,0,1,4,3]",2-0-1-4-3,experience_replay_compute_matched,500,er500_matched,PASS,0.0,0.0,10,128,160,10;8;8;8;8,800,160;160;160;160;160,800,100000,20000;20000;20000;20000;20000,100000,not_applicable,not_applicable,0.9794,0.972,0.968,0,0.6038,0.46950000000000003,0.46950000000000003,1.24,1.24,cuda:0,1000,500,compute_matched_er500,0.994,0.969,0.994,0.972,0.968,0.418,0.735,0.0,0.972,0.894,0.418,0.735,0.0,0.972,0.894
7,perm_049,none,perm_049,"[2,0,1,4,3]",2-0-1-4-3,experience_replay_compute_matched,500,er500_matched,PASS,0.0,0.0,10,128,160,10;8;8;8;8,800,160;160;160;160;160,800,100000,20000;20000;20000;20000;20000,100000,not_applicable,not_applicable,0.9795999999999999,0.97,0.969,0,0.6456,0.4175,0.4175,1.214,1.214,cuda:0,1000,500,compute_matched_er500,0.996,0.97,0.993,0.97,0.969,0.616,0.722,0.0,0.97,0.92,0.616,0.722,0.0,0.97,0.92
8,perm_049,none,perm_049,"[2,0,1,4,3]",2-0-1-4-3,experience_replay_compute_matched,500,er500_matched,PASS,0.0,0.0,10,128,160,10;8;8;8;8,800,160;160;160;160;160,800,100000,20000;20000;20000;20000;20000,100000,not_applicable,not_applicable,0.9832000000000001,0.982,0.97,0,0.5748,0.5105,0.5105,1.299,1.299,cuda:0,1000,500,compute_matched_er500,0.998,0.97,0.993,0.982,0.973,0.299,0.694,0.0,0.982,0.899,0.299,0.694,0.0,0.982,0.899
9,perm_049,none,perm_049,"[2,0,1,4,3]",2-0-1-4-3,experience_replay_compute_matched,500,er500_matched,PASS,0.0,0.0,10,128,160,10;8;8;8;8,800,160;160;160;160;160,800,100000,20000;20000;20000;20000;20000,100000,not_applicable,not_applicable,0.9804,0.973,0.969,0,0.6368,0.4295,0.4295,1.221,1.221,cuda:0,1000,500,compute_matched_er500,0.995,0.971,0.994,0.973,0.969,0.54,0.776,0.0,0.973,0.895,0.54,0.776,0.0,0.973,0.895
10,perm_049,none,perm_049,"[2,0,1,4,3]",2-0-1-4-3,experience_replay_compute_matched,500,er500_matched,PASS,0.0,0.0,10,128,160,10;8;8;8;8,800,160;160;160;160;160,800,100000,20000;20000;20000;20000;20000,100000,not_applicable,not_applicable,0.9795999999999999,0.973,0.969,0,0.595,0.48074999999999996,0.48074999999999996,1.255,1.255,cuda:0,1000,500,compute_matched_er500,0.995,0.973,0.99,0.969,0.971,0.461,0.649,0.0,0.969,0.896,0.461,0.649,0.0,0.969,0.896
1,perm_050,none,perm_050,"[2,0,3,1,4]",2-0-3-1-4,experience_replay_compute_matched,500,er500_matched,PASS,0.0,0.0,10,128,160,10;8;8;8;8,800,160;160;160;160;160,800,100000,20000;20000;20000;20000;20000,100000,not_applicable,not_applicable,0.9822,0.984,0.966,0,0.6408,0.42674999999999996,0.42674999999999996,1.261,1.261,cuda:0,1000,500,compute_matched_er500,0.996,0.966,0.993,0.984,0.972,0.597,0.885,0.0,0.75,0.972,0.597,0.885,0.0,0.75,0.972
2,perm_050,none,perm_050,"[2,0,3,1,4]",2-0-3-1-4,experience_replay_compute_matched,500,er500_matched,PASS,0.0,0.0,10,128,160,10;8;8;8;8,800,160;160;160;160;160,800,100000,20000;20000;20000;20000;20000,100000,not_applicable,not_applicable,0.9812,0.982,0.962,0,0.6338,0.4342499999999999,0.4342499999999999,1.259,1.259,cuda:0,1000,500,compute_matched_er500,0.997,0.962,0.994,0.982,0.971,0.65,0.87,0.0,0.678,0.971,0.65,0.87,0.0,0.678,0.971
3,perm_050,none,perm_050,"[2,0,3,1,4]",2-0-3-1-4,experience_replay_compute_matched,500,er500_matched,PASS,0.0,0.0,10,128,160,10;8;8;8;8,800,160;160;160;160;160,800,100000,20000;20000;20000;20000;20000,100000,not_applicable,not_applicable,0.9805999999999999,0.981,0.962,0,0.6426000000000001,0.4225,0.4225,1.255,1.255,cuda:0,1000,500,compute_matched_er500,0.996,0.962,0.994,0.981,0.97,0.613,0.876,0.0,0.754,0.97,0.613,0.876,0.0,0.754,0.97
4,perm_050,none,perm_050,"[2,0,3,1,4]",2-0-3-1-4,experience_replay_compute_matched,500,er500_matched,PASS,0.0,0.0,10,128,160,10;8;8;8;8,800,160;160;160;160;160,800,100000,20000;20000;20000;20000;20000,100000,not_applicable,not_applicable,0.9823999999999999,0.983,0.967,0,0.6068,0.46950000000000003,0.46950000000000003,1.262,1.262,cuda:0,1000,500,compute_matched_er500,0.995,0.967,0.994,0.983,0.973,0.694,0.865,0.0,0.502,0.973,0.694,0.865,0.0,0.502,0.973
5,perm_050,none,perm_050,"[2,0,3,1,4]",2-0-3-1-4,experience_replay_compute_matched,500,er500_matched,PASS,0.0,0.0,10,128,160,10;8;8;8;8,800,160;160;160;160;160,800,100000,20000;20000;20000;20000;20000,100000,not_applicable,not_applicable,0.9803999999999998,0.981,0.964,0,0.6554,0.40625,0.40625,1.229,1.229,cuda:0,1000,500,compute_matched_er500,0.995,0.968,0.994,0.981,0.964,0.723,0.856,0.0,0.734,0.964,0.723,0.856,0.0,0.734,0.964
6,perm_050,none,perm_050,"[2,0,3,1,4]",2-0-3-1-4,experience_replay_compute_matched,500,er500_matched,PASS,0.0,0.0,10,128,160,10;8;8;8;8,800,160;160;160;160;160,800,100000,20000;20000;20000;20000;20000,100000,not_applicable,not_applicable,0.9798,0.981,0.959,0,0.43,0.6872499999999999,0.6872499999999999,1.251,1.251,cuda:0,1000,500,compute_matched_er500,0.998,0.959,0.994,0.981,0.967,0.005,0.853,0.0,0.325,0.967,0.005,0.853,0.0,0.325,0.967
7,perm_050,none,perm_050,"[2,0,3,1,4]",2-0-3-1-4,experience_replay_compute_matched,500,er500_matched,PASS,0.0,0.0,10,128,160,10;8;8;8;8,800,160;160;160;160;160,800,100000,20000;20000;20000;20000;20000,100000,not_applicable,not_applicable,0.9814,0.986,0.966,0,0.6672,0.39275000000000004,0.39275000000000004,1.277,1.277,cuda:0,1000,500,compute_matched_er500,0.994,0.967,0.994,0.986,0.966,0.703,0.894,0.0,0.773,0.966,0.703,0.894,0.0,0.773,0.966
8,perm_050,none,perm_050,"[2,0,3,1,4]",2-0-3-1-4,experience_replay_compute_matched,500,er500_matched,PASS,0.0,0.0,10,128,160,10;8;8;8;8,800,160;160;160;160;160,800,100000,20000;20000;20000;20000;20000,100000,not_applicable,not_applicable,0.9818,0.984,0.964,0,0.6396,0.42774999999999996,0.42774999999999996,1.292,1.292,cuda:0,1000,500,compute_matched_er500,0.994,0.964,0.995,0.984,0.972,0.603,0.881,0.0,0.742,0.972,0.603,0.881,0.0,0.742,0.972
9,perm_050,none,perm_050,"[2,0,3,1,4]",2-0-3-1-4,experience_replay_compute_matched,500,er500_matched,PASS,0.0,0.0,10,128,160,10;8;8;8;8,800,160;160;160;160;160,800,100000,20000;20000;20000;20000;20000,100000,not_applicable,not_applicable,0.9808,0.985,0.961,0,0.5993999999999999,0.47675,0.47675,1.303,1.303,cuda:0,1000,500,compute_matched_er500,0.994,0.961,0.994,0.985,0.97,0.424,0.886,0.0,0.717,0.97,0.424,0.886,0.0,0.717,0.97
10,perm_050,none,perm_050,"[2,0,3,1,4]",2-0-3-1-4,experience_replay_compute_matched,500,er500_matched,PASS,0.0,0.0,10,128,160,10;8;8;8;8,800,160;160;160;160;160,800,100000,20000;20000;20000;20000;20000,100000,not_applicable,not_applicable,0.9827999999999999,0.987,0.963,0,0.585,0.49724999999999997,0.49724999999999997,1.281,1.281,cuda:0,1000,500,compute_matched_er500,0.995,0.963,0.993,0.987,0.976,0.419,0.879,0.0,0.651,0.976,0.419,0.879,0.0,0.651,0.976
1,perm_051,none,perm_051,"[2,0,3,4,1]",2-0-3-4-1,experience_replay_compute_matched,500,er500_matched,PASS,0.0,0.0,10,128,160,10;8;8;8;8,800,160;160;160;160;160,800,100000,20000;20000;20000;20000;20000,100000,not_applicable,not_applicable,0.9793999999999998,0.982,0.951,0,0.5714,0.51,0.51,1.273,1.273,cuda:0,1000,500,compute_matched_er500,0.998,0.951,0.993,0.982,0.973,0.333,0.951,0.0,0.706,0.867,0.333,0.951,0.0,0.706,0.867
2,perm_051,none,perm_051,"[2,0,3,4,1]",2-0-3-4-1,experience_replay_compute_matched,500,er500_matched,PASS,0.0,0.0,10,128,160,10;8;8;8;8,800,160;160;160;160;160,800,100000,20000;20000;20000;20000;20000,100000,not_applicable,not_applicable,0.9808,0.984,0.959,0,0.6123999999999999,0.46049999999999996,0.46049999999999996,1.259,1.259,cuda:0,1000,500,compute_matched_er500,0.996,0.959,0.995,0.984,0.97,0.467,0.959,0.0,0.777,0.859,0.467,0.959,0.0,0.777,0.859
3,perm_051,none,perm_051,"[2,0,3,4,1]",2-0-3-4-1,experience_replay_compute_matched,500,er500_matched,PASS,0.0,0.0,10,128,160,10;8;8;8;8,800,160;160;160;160;160,800,100000,20000;20000;20000;20000;20000,100000,not_applicable,not_applicable,0.9795999999999999,0.983,0.954,0,0.5774,0.50275,0.50275,1.283,1.283,cuda:0,1000,500,compute_matched_er500,0.995,0.954,0.995,0.983,0.971,0.391,0.954,0.0,0.72,0.822,0.391,0.954,0.0,0.72,0.822
4,perm_051,none,perm_051,"[2,0,3,4,1]",2-0-3-4-1,experience_replay_compute_matched,500,er500_matched,PASS,0.0,0.0,10,128,160,10;8;8;8;8,800,160;160;160;160;160,800,100000,20000;20000;20000;20000;20000,100000,not_applicable,not_applicable,0.9826,0.985,0.964,0,0.46720000000000006,0.64425,0.64425,1.291,1.291,cuda:0,1000,500,compute_matched_er500,0.996,0.964,0.994,0.985,0.974,0.003,0.964,0.0,0.56,0.809,0.003,0.964,0.0,0.56,0.809
5,perm_051,none,perm_051,"[2,0,3,4,1]",2-0-3-4-1,experience_replay_compute_matched,500,er500_matched,PASS,0.0,0.0,10,128,160,10;8;8;8;8,800,160;160;160;160;160,800,100000,20000;20000;20000;20000;20000,100000,not_applicable,not_applicable,0.978,0.985,0.949,0,0.5942000000000001,0.47974999999999995,0.47974999999999995,1.277,1.277,cuda:0,1000,500,compute_matched_er500,0.995,0.949,0.995,0.985,0.966,0.537,0.949,0.0,0.624,0.861,0.537,0.949,0.0,0.624,0.861
6,perm_051,none,perm_051,"[2,0,3,4,1]",2-0-3-4-1,experience_replay_compute_matched,500,er500_matched,PASS,0.0,0.0,10,128,160,10;8;8;8;8,800,160;160;160;160;160,800,100000,20000;20000;20000;20000;20000,100000,not_applicable,not_applicable,0.9792,0.982,0.958,0,0.5692,0.5125,0.5125,1.271,1.271,cuda:0,1000,500,compute_matched_er500,0.995,0.958,0.994,0.982,0.967,0.361,0.958,0.01,0.656,0.861,0.361,0.958,0.01,0.656,0.861
7,perm_051,none,perm_051,"[2,0,3,4,1]",2-0-3-4-1,experience_replay_compute_matched,500,er500_matched,PASS,0.0,0.0,10,128,160,10;8;8;8;8,800,160;160;160;160;160,800,100000,20000;20000;20000;20000;20000,100000,not_applicable,not_applicable,0.9800000000000001,0.982,0.961,0,0.5794,0.5007499999999999,0.5007499999999999,1.27,1.27,cuda:0,1000,500,compute_matched_er500,0.995,0.961,0.995,0.982,0.967,0.372,0.961,0.016,0.719,0.829,0.372,0.961,0.016,0.719,0.829
8,perm_051,none,perm_051,"[2,0,3,4,1]",2-0-3-4-1,experience_replay_compute_matched,500,er500_matched,PASS,0.0,0.0,10,128,160,10;8;8;8;8,800,160;160;160;160;160,800,100000,20000;20000;20000;20000;20000,100000,not_applicable,not_applicable,0.978,0.985,0.948,0,0.5166,0.57675,0.57675,1.251,1.251,cuda:0,1000,500,compute_matched_er500,0.994,0.948,0.994,0.985,0.969,0.18,0.948,0.001,0.61,0.844,0.18,0.948,0.001,0.61,0.844
9,perm_051,none,perm_051,"[2,0,3,4,1]",2-0-3-4-1,experience_replay_compute_matched,500,er500_matched,PASS,0.0,0.0,10,128,160,10;8;8;8;8,800,160;160;160;160;160,800,100000,20000;20000;20000;20000;20000,100000,not_applicable,not_applicable,0.9788,0.982,0.955,0,0.4662,0.6407499999999999,0.6407499999999999,1.25,1.25,cuda:0,1000,500,compute_matched_er500,0.996,0.955,0.995,0.982,0.966,0.007,0.955,0.0,0.509,0.86,0.007,0.955,0.0,0.509,0.86
10,perm_051,none,perm_051,"[2,0,3,4,1]",2-0-3-4-1,experience_replay_compute_matched,500,er500_matched,PASS,0.0,0.0,10,128,160,10;8;8;8;8,800,160;160;160;160;160,800,100000,20000;20000;20000;20000;20000,100000,not_applicable,not_applicable,0.978,0.977,0.948,0,0.5816,0.4955,0.4955,1.257,1.257,cuda:0,1000,500,compute_matched_er500,0.996,0.948,0.992,0.977,0.977,0.324,0.948,0.007,0.761,0.868,0.324,0.948,0.007,0.761,0.868
1,perm_052,none,perm_052,"[2,0,4,1,3]",2-0-4-1-3,experience_replay_compute_matched,500,er500_matched,PASS,0.0,0.0,10,128,160,10;8;8;8;8,800,160;160;160;160;160,800,100000,20000;20000;20000;20000;20000,100000,not_applicable,not_applicable,0.9802,0.978,0.954,0,0.5952,0.48125,0.48125,1.24,1.24,cuda:0,1000,500,compute_matched_er500,0.997,0.954,0.995,0.977,0.978,0.453,0.901,0.0,0.977,0.645,0.453,0.901,0.0,0.977,0.645
2,perm_052,none,perm_052,"[2,0,4,1,3]",2-0-4-1-3,experience_replay_compute_matched,500,er500_matched,PASS,0.0,0.0,10,128,160,10;8;8;8;8,800,160;160;160;160;160,800,100000,20000;20000;20000;20000;20000,100000,not_applicable,not_applicable,0.9808,0.979,0.959,0,0.5964,0.48050000000000004,0.48050000000000004,1.255,1.255,cuda:0,1000,500,compute_matched_er500,0.997,0.959,0.994,0.979,0.975,0.521,0.905,0.008,0.979,0.569,0.521,0.905,0.008,0.979,0.569
3,perm_052,none,perm_052,"[2,0,4,1,3]",2-0-4-1-3,experience_replay_compute_matched,500,er500_matched,PASS,0.0,0.0,10,128,160,10;8;8;8;8,800,160;160;160;160;160,800,100000,20000;20000;20000;20000;20000,100000,not_applicable,not_applicable,0.9788,0.981,0.95,0,0.6268,0.43999999999999995,0.43999999999999995,1.246,1.246,cuda:0,1000,500,compute_matched_er500,0.997,0.95,0.994,0.981,0.972,0.682,0.919,0.0,0.981,0.552,0.682,0.919,0.0,0.981,0.552
4,perm_052,none,perm_052,"[2,0,4,1,3]",2-0-4-1-3,experience_replay_compute_matched,500,er500_matched,PASS,0.0,0.0,10,128,160,10;8;8;8;8,800,160;160;160;160;160,800,100000,20000;20000;20000;20000;20000,100000,not_applicable,not_applicable,0.9808,0.984,0.952,0,0.6083999999999999,0.4655,0.4655,1.252,1.252,cuda:0,1000,500,compute_matched_er500,0.995,0.952,0.995,0.984,0.978,0.572,0.907,0.013,0.984,0.566,0.572,0.907,0.013,0.984,0.566
5,perm_052,none,perm_052,"[2,0,4,1,3]",2-0-4-1-3,experience_replay_compute_matched,500,er500_matched,PASS,0.0,0.0,10,128,160,10;8;8;8;8,800,160;160;160;160;160,800,100000,20000;20000;20000;20000;20000,100000,not_applicable,not_applicable,0.9804,0.977,0.959,0,0.5474,0.54125,0.54125,1.232,1.232,cuda:0,1000,500,compute_matched_er500,0.997,0.959,0.993,0.977,0.976,0.377,0.919,0.0,0.977,0.464,0.377,0.919,0.0,0.977,0.464
6,perm_052,none,perm_052,"[2,0,4,1,3]",2-0-4-1-3,experience_replay_compute_matched,500,er500_matched,PASS,0.0,0.0,10,128,160,10;8;8;8;8,800,160;160;160;160;160,800,100000,20000;20000;20000;20000;20000,100000,not_applicable,not_applicable,0.9809999999999999,0.979,0.96,0,0.5,0.6012500000000001,0.6012500000000001,1.243,1.243,cuda:0,1000,500,compute_matched_er500,0.995,0.96,0.994,0.979,0.977,0.322,0.895,0.0,0.979,0.304,0.322,0.895,0.0,0.979,0.304
7,perm_052,none,perm_052,"[2,0,4,1,3]",2-0-4-1-3,experience_replay_compute_matched,500,er500_matched,PASS,0.0,0.0,10,128,160,10;8;8;8;8,800,160;160;160;160;160,800,100000,20000;20000;20000;20000;20000,100000,not_applicable,not_applicable,0.9789999999999999,0.975,0.955,0,0.6342000000000001,0.431,0.431,1.232,1.232,cuda:0,1000,500,compute_matched_er500,0.995,0.955,0.996,0.975,0.974,0.526,0.932,0.0,0.975,0.738,0.526,0.932,0.0,0.975,0.738
8,perm_052,none,perm_052,"[2,0,4,1,3]",2-0-4-1-3,experience_replay_compute_matched,500,er500_matched,PASS,0.0,0.0,10,128,160,10;8;8;8;8,800,160;160;160;160;160,800,100000,20000;20000;20000;20000;20000,100000,not_applicable,not_applicable,0.9789999999999999,0.974,0.96,0,0.6276,0.4392499999999999,0.4392499999999999,1.246,1.246,cuda:0,1000,500,compute_matched_er500,0.996,0.96,0.993,0.974,0.972,0.588,0.912,0.0,0.974,0.664,0.588,0.912,0.0,0.974,0.664
9,perm_052,none,perm_052,"[2,0,4,1,3]",2-0-4-1-3,experience_replay_compute_matched,500,er500_matched,PASS,0.0,0.0,10,128,160,10;8;8;8;8,800,160;160;160;160;160,800,100000,20000;20000;20000;20000;20000,100000,not_applicable,not_applicable,0.9808,0.981,0.96,0,0.6502000000000001,0.41325,0.41325,1.243,1.243,cuda:0,1000,500,compute_matched_er500,0.997,0.96,0.992,0.981,0.974,0.718,0.909,0.0,0.981,0.643,0.718,0.909,0.0,0.981,0.643
10,perm_052,none,perm_052,"[2,0,4,1,3]",2-0-4-1-3,experience_replay_compute_matched,500,er500_matched,PASS,0.0,0.0,10,128,160,10;8;8;8;8,800,160;160;160;160;160,800,100000,20000;20000;20000;20000;20000,100000,not_applicable,not_applicable,0.9809999999999999,0.98,0.965,0,0.5526,0.5355,0.5355,1.254,1.254,cuda:0,1000,500,compute_matched_er500,0.996,0.965,0.993,0.98,0.971,0.486,0.91,0.0,0.98,0.387,0.486,0.91,0.0,0.98,0.387
1,perm_053,none,perm_053,"[2,0,4,3,1]",2-0-4-3-1,experience_replay_compute_matched,500,er500_matched,PASS,0.0,0.0,10,128,160,10;8;8;8;8,800,160;160;160;160;160,800,100000,20000;20000;20000;20000;20000,100000,not_applicable,not_applicable,0.9800000000000001,0.977,0.96,0,0.45359999999999995,0.658,0.658,1.272,1.272,cuda:0,1000,500,compute_matched_er500,0.995,0.96,0.995,0.973,0.977,0.047,0.96,0.004,0.917,0.34,0.047,0.96,0.004,0.917,0.34
2,perm_053,none,perm_053,"[2,0,4,3,1]",2-0-4-3-1,experience_replay_compute_matched,500,er500_matched,PASS,0.0,0.0,10,128,160,10;8;8;8;8,800,160;160;160;160;160,800,100000,20000;20000;20000;20000;20000,100000,not_applicable,not_applicable,0.9780000000000001,0.976,0.952,0,0.6262,0.43975,0.43975,1.247,1.247,cuda:0,1000,500,compute_matched_er500,0.996,0.952,0.995,0.971,0.976,0.678,0.952,0.003,0.928,0.57,0.678,0.952,0.003,0.928,0.57
3,perm_053,none,perm_053,"[2,0,4,3,1]",2-0-4-3-1,experience_replay_compute_matched,500,er500_matched,PASS,0.0,0.0,10,128,160,10;8;8;8;8,800,160;160;160;160;160,800,100000,20000;20000;20000;20000;20000,100000,not_applicable,not_applicable,0.9808,0.979,0.961,0,0.491,0.61225,0.61225,1.247,1.247,cuda:0,1000,500,compute_matched_er500,0.995,0.961,0.99,0.979,0.979,0.079,0.961,0.0,0.913,0.502,0.079,0.961,0.0,0.913,0.502
4,perm_053,none,perm_053,"[2,0,4,3,1]",2-0-4-3-1,experience_replay_compute_matched,500,er500_matched,PASS,0.0,0.0,10,128,160,10;8;8;8;8,800,160;160;160;160;160,800,100000,20000;20000;20000;20000;20000,100000,not_applicable,not_applicable,0.9812,0.975,0.967,0,0.5772,0.505,0.505,1.241,1.241,cuda:0,1000,500,compute_matched_er500,0.995,0.967,0.994,0.975,0.975,0.462,0.967,0.015,0.903,0.539,0.462,0.967,0.015,0.903,0.539
5,perm_053,none,perm_053,"[2,0,4,3,1]",2-0-4-3-1,experience_replay_compute_matched,500,er500_matched,PASS,0.0,0.0,10,128,160,10;8;8;8;8,800,160;160;160;160;160,800,100000,20000;20000;20000;20000;20000,100000,not_applicable,not_applicable,0.9812,0.976,0.965,0,0.5356,0.5569999999999999,0.5569999999999999,1.222,1.222,cuda:0,1000,500,compute_matched_er500,0.997,0.965,0.993,0.976,0.975,0.425,0.965,0.0,0.896,0.392,0.425,0.965,0.0,0.896,0.392
6,perm_053,none,perm_053,"[2,0,4,3,1]",2-0-4-3-1,experience_replay_compute_matched,500,er500_matched,PASS,0.0,0.0,10,128,160,10;8;8;8;8,800,160;160;160;160;160,800,100000,20000;20000;20000;20000;20000,100000,not_applicable,not_applicable,0.9804,0.976,0.965,0,0.5435999999999999,0.546,0.546,1.234,1.234,cuda:0,1000,500,compute_matched_er500,0.992,0.965,0.995,0.976,0.974,0.412,0.965,0.003,0.925,0.413,0.412,0.965,0.003,0.925,0.413
7,perm_053,none,perm_053,"[2,0,4,3,1]",2-0-4-3-1,experience_replay_compute_matched,500,er500_matched,PASS,0.0,0.0,10,128,160,10;8;8;8;8,800,160;160;160;160;160,800,100000,20000;20000;20000;20000;20000,100000,not_applicable,not_applicable,0.9756,0.968,0.952,0,0.5723999999999999,0.504,0.504,1.262,1.262,cuda:0,1000,500,compute_matched_er500,0.996,0.952,0.995,0.968,0.967,0.45,0.952,0.0,0.919,0.541,0.45,0.952,0.0,0.919,0.541
8,perm_053,none,perm_053,"[2,0,4,3,1]",2-0-4-3-1,experience_replay_compute_matched,500,er500_matched,PASS,0.0,0.0,10,128,160,10;8;8;8;8,800,160;160;160;160;160,800,100000,20000;20000;20000;20000;20000,100000,not_applicable,not_applicable,0.9788,0.976,0.96,0,0.5662,0.5157499999999999,0.5157499999999999,1.269,1.269,cuda:0,1000,500,compute_matched_er500,0.995,0.96,0.995,0.968,0.976,0.442,0.96,0.007,0.902,0.52,0.442,0.96,0.007,0.902,0.52
9,perm_053,none,perm_053,"[2,0,4,3,1]",2-0-4-3-1,experience_replay_compute_matched,500,er500_matched,PASS,0.0,0.0,10,128,160,10;8;8;8;8,800,160;160;160;160;160,800,100000,20000;20000;20000;20000;20000,100000,not_applicable,not_applicable,0.9798,0.973,0.965,0,0.55,0.53725,0.53725,1.294,1.294,cuda:0,1000,500,compute_matched_er500,0.997,0.965,0.994,0.97,0.973,0.397,0.965,0.0,0.905,0.483,0.397,0.965,0.0,0.905,0.483
10,perm_053,none,perm_053,"[2,0,4,3,1]",2-0-4-3-1,experience_replay_compute_matched,500,er500_matched,PASS,0.0,0.0,10,128,160,10;8;8;8;8,800,160;160;160;160;160,800,100000,20000;20000;20000;20000;20000,100000,not_applicable,not_applicable,0.9800000000000001,0.979,0.961,0,0.5444,0.5445,0.5445,1.274,1.274,cuda:0,1000,500,compute_matched_er500,0.994,0.961,0.994,0.979,0.972,0.386,0.961,0.094,0.886,0.395,0.386,0.961,0.094,0.886,0.395
1,perm_054,none,perm_054,"[2,1,0,3,4]",2-1-0-3-4,experience_replay_compute_matched,500,er500_matched,PASS,0.0,0.0,10,128,160,10;8;8;8;8,800,160;160;160;160;160,800,100000,20000;20000;20000;20000;20000,100000,not_applicable,not_applicable,0.9808,0.983,0.957,0,0.6374,0.42925,0.42925,1.243,1.243,cuda:0,1000,500,compute_matched_er500,0.997,0.957,0.995,0.983,0.972,0.902,0.41,0.0,0.903,0.972,0.902,0.41,0.0,0.903,0.972
2,perm_054,none,perm_054,"[2,1,0,3,4]",2-1-0-3-4,experience_replay_compute_matched,500,er500_matched,PASS,0.0,0.0,10,128,160,10;8;8;8;8,800,160;160;160;160;160,800,100000,20000;20000;20000;20000;20000,100000,not_applicable,not_applicable,0.9809999999999999,0.982,0.967,0,0.5938,0.484,0.484,1.235,1.235,cuda:0,1000,500,compute_matched_er500,0.995,0.967,0.994,0.982,0.967,0.874,0.248,0.0,0.88,0.967,0.874,0.248,0.0,0.88,0.967
3,perm_054,none,perm_054,"[2,1,0,3,4]",2-1-0-3-4,experience_replay_compute_matched,500,er500_matched,PASS,0.0,0.0,10,128,160,10;8;8;8;8,800,160;160;160;160;160,800,100000,20000;20000;20000;20000;20000,100000,not_applicable,not_applicable,0.9792,0.979,0.961,0,0.5882,0.48874999999999996,0.48874999999999996,1.25,1.25,cuda:0,1000,500,compute_matched_er500,0.996,0.961,0.994,0.979,0.966,0.876,0.223,0.0,0.876,0.966,0.876,0.223,0.0,0.876,0.966
4,perm_054,none,perm_054,"[2,1,0,3,4]",2-1-0-3-4,experience_replay_compute_matched,500,er500_matched,PASS,0.0,0.0,10,128,160,10;8;8;8;8,800,160;160;160;160;160,800,100000,20000;20000;20000;20000;20000,100000,not_applicable,not_applicable,0.9808,0.983,0.96,0,0.6328,0.43499999999999994,0.43499999999999994,1.229,1.229,cuda:0,1000,500,compute_matched_er500,0.995,0.96,0.995,0.983,0.971,0.917,0.366,0.0,0.91,0.971,0.917,0.366,0.0,0.91,0.971
5,perm_054,none,perm_054,"[2,1,0,3,4]",2-1-0-3-4,experience_replay_compute_matched,500,er500_matched,PASS,0.0,0.0,10,128,160,10;8;8;8;8,800,160;160;160;160;160,800,100000,20000;20000;20000;20000;20000,100000,not_applicable,not_applicable,0.9823999999999999,0.981,0.971,0,0.6414,0.42624999999999996,0.42624999999999996,1.225,1.225,cuda:0,1000,500,compute_matched_er500,0.995,0.971,0.992,0.981,0.973,0.882,0.458,0.0,0.894,0.973,0.882,0.458,0.0,0.894,0.973
6,perm_054,none,perm_054,"[2,1,0,3,4]",2-1-0-3-4,experience_replay_compute_matched,500,er500_matched,PASS,0.0,0.0,10,128,160,10;8;8;8;8,800,160;160;160;160;160,800,100000,20000;20000;20000;20000;20000,100000,not_applicable,not_applicable,0.9795999999999999,0.982,0.958,0,0.5442,0.54425,0.54425,1.208,1.208,cuda:0,1000,500,compute_matched_er500,0.996,0.958,0.995,0.982,0.967,0.862,0.004,0.0,0.888,0.967,0.862,0.004,0.0,0.888,0.967
7,perm_054,none,perm_054,"[2,1,0,3,4]",2-1-0-3-4,experience_replay_compute_matched,500,er500_matched,PASS,0.0,0.0,10,128,160,10;8;8;8;8,800,160;160;160;160;160,800,100000,20000;20000;20000;20000;20000,100000,not_applicable,not_applicable,0.9819999999999999,0.982,0.962,0,0.5936,0.48549999999999993,0.48549999999999993,1.228,1.228,cuda:0,1000,500,compute_matched_er500,0.996,0.962,0.995,0.982,0.975,0.821,0.3,0.0,0.872,0.975,0.821,0.3,0.0,0.872,0.975
8,perm_054,none,perm_054,"[2,1,0,3,4]",2-1-0-3-4,experience_replay_compute_matched,500,er500_matched,PASS,0.0,0.0,10,128,160,10;8;8;8;8,800,160;160;160;160;160,800,100000,20000;20000;20000;20000;20000,100000,not_applicable,not_applicable,0.9806000000000001,0.979,0.959,0,0.5812,0.49924999999999997,0.49924999999999997,1.202,1.202,cuda:0,1000,500,compute_matched_er500,0.995,0.959,0.993,0.979,0.977,0.854,0.214,0.0,0.861,0.977,0.854,0.214,0.0,0.861,0.977
9,perm_054,none,perm_054,"[2,1,0,3,4]",2-1-0-3-4,experience_replay_compute_matched,500,er500_matched,PASS,0.0,0.0,10,128,160,10;8;8;8;8,800,160;160;160;160;160,800,100000,20000;20000;20000;20000;20000,100000,not_applicable,not_applicable,0.9785999999999999,0.981,0.951,0,0.6022000000000001,0.47050000000000003,0.47050000000000003,1.199,1.199,cuda:0,1000,500,compute_matched_er500,0.994,0.951,0.994,0.981,0.973,0.903,0.258,0.0,0.877,0.973,0.903,0.258,0.0,0.877,0.973
10,perm_054,none,perm_054,"[2,1,0,3,4]",2-1-0-3-4,experience_replay_compute_matched,500,er500_matched,PASS,0.0,0.0,10,128,160,10;8;8;8;8,800,160;160;160;160;160,800,100000,20000;20000;20000;20000;20000,100000,not_applicable,not_applicable,0.9802,0.983,0.961,0,0.5576,0.52825,0.52825,1.207,1.207,cuda:0,1000,500,compute_matched_er500,0.995,0.961,0.993,0.983,0.969,0.865,0.052,0.004,0.898,0.969,0.865,0.052,0.004,0.898,0.969
1,perm_055,none,perm_055,"[2,1,0,4,3]",2-1-0-4-3,experience_replay_compute_matched,500,er500_matched,PASS,0.0,0.0,10,128,160,10;8;8;8;8,800,160;160;160;160;160,800,100000,20000;20000;20000;20000;20000,100000,not_applicable,not_applicable,0.9798,0.973,0.965,0,0.5798,0.5,0.5,1.208,1.208,cuda:0,1000,500,compute_matched_er500,0.997,0.965,0.993,0.971,0.973,0.908,0.128,0.0,0.971,0.892,0.908,0.128,0.0,0.971,0.892
2,perm_055,none,perm_055,"[2,1,0,4,3]",2-1-0-4-3,experience_replay_compute_matched,500,er500_matched,PASS,0.0,0.0,10,128,160,10;8;8;8;8,800,160;160;160;160;160,800,100000,20000;20000;20000;20000;20000,100000,not_applicable,not_applicable,0.9810000000000001,0.973,0.971,0,0.5988,0.47775,0.47775,1.214,1.214,cuda:0,1000,500,compute_matched_er500,0.995,0.972,0.994,0.973,0.971,0.866,0.239,0.003,0.973,0.913,0.866,0.239,0.003,0.973,0.913
3,perm_055,none,perm_055,"[2,1,0,4,3]",2-1-0-4-3,experience_replay_compute_matched,500,er500_matched,PASS,0.0,0.0,10,128,160,10;8;8;8;8,800,160;160;160;160;160,800,100000,20000;20000;20000;20000;20000,100000,not_applicable,not_applicable,0.9795999999999999,0.98,0.963,0,0.6618,0.39725,0.39725,1.214,1.214,cuda:0,1000,500,compute_matched_er500,0.99,0.963,0.994,0.971,0.98,0.898,0.536,0.002,0.971,0.902,0.898,0.536,0.002,0.971,0.902
4,perm_055,none,perm_055,"[2,1,0,4,3]",2-1-0-4-3,experience_replay_compute_matched,500,er500_matched,PASS,0.0,0.0,10,128,160,10;8;8;8;8,800,160;160;160;160;160,800,100000,20000;20000;20000;20000;20000,100000,not_applicable,not_applicable,0.9784,0.975,0.959,0,0.5354,0.55375,0.55375,1.211,1.211,cuda:0,1000,500,compute_matched_er500,0.994,0.959,0.994,0.97,0.975,0.812,0.0,0.0,0.97,0.895,0.812,0.0,0.0,0.97,0.895
5,perm_055,none,perm_055,"[2,1,0,4,3]",2-1-0-4-3,experience_replay_compute_matched,500,er500_matched,PASS,0.0,0.0,10,128,160,10;8;8;8;8,800,160;160;160;160;160,800,100000,20000;20000;20000;20000;20000,100000,not_applicable,not_applicable,0.9778,0.971,0.959,0,0.5866,0.489,0.489,1.211,1.211,cuda:0,1000,500,compute_matched_er500,0.994,0.959,0.994,0.971,0.971,0.882,0.19,0.0,0.971,0.89,0.882,0.19,0.0,0.971,0.89
6,perm_055,none,perm_055,"[2,1,0,4,3]",2-1-0-4-3,experience_replay_compute_matched,500,er500_matched,PASS,0.0,0.0,10,128,160,10;8;8;8;8,800,160;160;160;160;160,800,100000,20000;20000;20000;20000;20000,100000,not_applicable,not_applicable,0.9763999999999999,0.969,0.961,0,0.6796,0.371,0.371,1.272,1.272,cuda:0,1000,500,compute_matched_er500,0.995,0.962,0.995,0.969,0.961,0.905,0.599,0.018,0.969,0.907,0.905,0.599,0.018,0.969,0.907
7,perm_055,none,perm_055,"[2,1,0,4,3]",2-1-0-4-3,experience_replay_compute_matched,500,er500_matched,PASS,0.0,0.0,10,128,160,10;8;8;8;8,800,160;160;160;160;160,800,100000,20000;20000;20000;20000;20000,100000,not_applicable,not_applicable,0.9802,0.976,0.966,0,0.6748000000000001,0.38175,0.38175,1.208,1.208,cuda:0,1000,500,compute_matched_er500,0.996,0.966,0.993,0.97,0.976,0.919,0.565,0.001,0.97,0.919,0.919,0.565,0.001,0.97,0.919
8,perm_055,none,perm_055,"[2,1,0,4,3]",2-1-0-4-3,experience_replay_compute_matched,500,er500_matched,PASS,0.0,0.0,10,128,160,10;8;8;8;8,800,160;160;160;160;160,800,100000,20000;20000;20000;20000;20000,100000,not_applicable,not_applicable,0.9789999999999999,0.973,0.963,0,0.6096,0.46175,0.46175,1.213,1.213,cuda:0,1000,500,compute_matched_er500,0.996,0.963,0.995,0.968,0.973,0.904,0.293,0.0,0.968,0.883,0.904,0.293,0.0,0.968,0.883
9,perm_055,none,perm_055,"[2,1,0,4,3]",2-1-0-4-3,experience_replay_compute_matched,500,er500_matched,PASS,0.0,0.0,10,128,160,10;8;8;8;8,800,160;160;160;160;160,800,100000,20000;20000;20000;20000;20000,100000,not_applicable,not_applicable,0.9763999999999999,0.967,0.962,0,0.6056,0.46349999999999997,0.46349999999999997,1.2,1.2,cuda:0,1000,500,compute_matched_er500,0.993,0.962,0.994,0.967,0.966,0.874,0.28,0.004,0.967,0.903,0.874,0.28,0.004,0.967,0.903
10,perm_055,none,perm_055,"[2,1,0,4,3]",2-1-0-4-3,experience_replay_compute_matched,500,er500_matched,PASS,0.0,0.0,10,128,160,10;8;8;8;8,800,160;160;160;160;160,800,100000,20000;20000;20000;20000;20000,100000,not_applicable,not_applicable,0.9802,0.975,0.967,0,0.635,0.4315,0.4315,1.205,1.205,cuda:0,1000,500,compute_matched_er500,0.996,0.967,0.995,0.968,0.975,0.907,0.388,0.001,0.968,0.911,0.907,0.388,0.001,0.968,0.911
1,perm_056,none,perm_056,"[2,1,3,0,4]",2-1-3-0-4,experience_replay_compute_matched,500,er500_matched,PASS,0.0,0.0,10,128,160,10;8;8;8;8,800,160;160;160;160;160,800,100000,20000;20000;20000;20000;20000,100000,not_applicable,not_applicable,0.9803999999999998,0.98,0.962,0,0.5842,0.49524999999999997,0.49524999999999997,1.222,1.222,cuda:0,1000,500,compute_matched_er500,0.994,0.962,0.994,0.98,0.972,0.968,0.211,0.004,0.766,0.972,0.968,0.211,0.004,0.766,0.972
2,perm_056,none,perm_056,"[2,1,3,0,4]",2-1-3-0-4,experience_replay_compute_matched,500,er500_matched,PASS,0.0,0.0,10,128,160,10;8;8;8;8,800,160;160;160;160;160,800,100000,20000;20000;20000;20000;20000,100000,not_applicable,not_applicable,0.9792,0.978,0.962,0,0.576,0.504,0.504,1.215,1.215,cuda:0,1000,500,compute_matched_er500,0.993,0.962,0.993,0.978,0.97,0.967,0.203,0.02,0.72,0.97,0.967,0.203,0.02,0.72,0.97
3,perm_056,none,perm_056,"[2,1,3,0,4]",2-1-3-0-4,experience_replay_compute_matched,500,er500_matched,PASS,0.0,0.0,10,128,160,10;8;8;8;8,800,160;160;160;160;160,800,100000,20000;20000;20000;20000;20000,100000,not_applicable,not_applicable,0.9776,0.98,0.954,0,0.6026,0.46875,0.46875,1.203,1.203,cuda:0,1000,500,compute_matched_er500,0.995,0.954,0.993,0.98,0.966,0.961,0.347,0.0,0.739,0.966,0.961,0.347,0.0,0.739,0.966
4,perm_056,none,perm_056,"[2,1,3,0,4]",2-1-3-0-4,experience_replay_compute_matched,500,er500_matched,PASS,0.0,0.0,10,128,160,10;8;8;8;8,800,160;160;160;160;160,800,100000,20000;20000;20000;20000;20000,100000,not_applicable,not_applicable,0.9826,0.979,0.97,0,0.5646,0.5225,0.5225,1.235,1.235,cuda:0,1000,500,compute_matched_er500,0.993,0.97,0.995,0.979,0.976,0.95,0.165,0.0,0.732,0.976,0.95,0.165,0.0,0.732,0.976
5,perm_056,none,perm_056,"[2,1,3,0,4]",2-1-3-0-4,experience_replay_compute_matched,500,er500_matched,PASS,0.0,0.0,10,128,160,10;8;8;8;8,800,160;160;160;160;160,800,100000,20000;20000;20000;20000;20000,100000,not_applicable,not_applicable,0.9788,0.976,0.956,0,0.6195999999999999,0.449,0.449,1.287,1.287,cuda:0,1000,500,compute_matched_er500,0.995,0.956,0.994,0.976,0.973,0.964,0.457,0.0,0.704,0.973,0.964,0.457,0.0,0.704,0.973
6,perm_056,none,perm_056,"[2,1,3,0,4]",2-1-3-0-4,experience_replay_compute_matched,500,er500_matched,PASS,0.0,0.0,10,128,160,10;8;8;8;8,800,160;160;160;160;160,800,100000,20000;20000;20000;20000;20000,100000,not_applicable,not_applicable,0.9816,0.982,0.968,0,0.6401999999999999,0.42674999999999996,0.42674999999999996,1.299,1.299,cuda:0,1000,500,compute_matched_er500,0.993,0.968,0.995,0.982,0.97,0.968,0.512,0.0,0.751,0.97,0.968,0.512,0.0,0.751,0.97
7,perm_056,none,perm_056,"[2,1,3,0,4]",2-1-3-0-4,experience_replay_compute_matched,500,er500_matched,PASS,0.0,0.0,10,128,160,10;8;8;8;8,800,160;160;160;160;160,800,100000,20000;20000;20000;20000;20000,100000,not_applicable,not_applicable,0.9800000000000001,0.974,0.965,0,0.5326000000000001,0.55925,0.55925,1.303,1.303,cuda:0,1000,500,compute_matched_er500,0.994,0.965,0.994,0.973,0.974,0.964,0.145,0.0,0.58,0.974,0.964,0.145,0.0,0.58,0.974
8,perm_056,none,perm_056,"[2,1,3,0,4]",2-1-3-0-4,experience_replay_compute_matched,500,er500_matched,PASS,0.0,0.0,10,128,160,10;8;8;8;8,800,160;160;160;160;160,800,100000,20000;20000;20000;20000;20000,100000,not_applicable,not_applicable,0.9822000000000001,0.982,0.963,0,0.5902000000000001,0.49,0.49,1.286,1.286,cuda:0,1000,500,compute_matched_er500,0.995,0.963,0.994,0.982,0.977,0.964,0.385,0.0,0.625,0.977,0.964,0.385,0.0,0.625,0.977
9,perm_056,none,perm_056,"[2,1,3,0,4]",2-1-3-0-4,experience_replay_compute_matched,500,er500_matched,PASS,0.0,0.0,10,128,160,10;8;8;8;8,800,160;160;160;160;160,800,100000,20000;20000;20000;20000;20000,100000,not_applicable,not_applicable,0.9788,0.976,0.963,0,0.596,0.4784999999999999,0.4784999999999999,1.268,1.268,cuda:0,1000,500,compute_matched_er500,0.992,0.963,0.994,0.976,0.969,0.951,0.432,0.0,0.628,0.969,0.951,0.432,0.0,0.628,0.969
10,perm_056,none,perm_056,"[2,1,3,0,4]",2-1-3-0-4,experience_replay_compute_matched,500,er500_matched,PASS,0.0,0.0,10,128,160,10;8;8;8;8,800,160;160;160;160;160,800,100000,20000;20000;20000;20000;20000,100000,not_applicable,not_applicable,0.9798,0.977,0.962,0,0.5622,0.522,0.522,1.259,1.259,cuda:0,1000,500,compute_matched_er500,0.991,0.962,0.993,0.976,0.977,0.954,0.227,0.0,0.653,0.977,0.954,0.227,0.0,0.653,0.977
1,perm_057,none,perm_057,"[2,1,3,4,0]",2-1-3-4-0,experience_replay_compute_matched,500,er500_matched,PASS,0.0,0.0,10,128,160,10;8;8;8;8,800,160;160;160;160;160,800,100000,20000;20000;20000;20000;20000,100000,not_applicable,not_applicable,0.9776,0.978,0.956,0,0.5938000000000001,0.47975,0.47975,1.227,1.227,cuda:0,1000,500,compute_matched_er500,0.994,0.956,0.993,0.978,0.967,0.994,0.223,0.0,0.838,0.914,0.994,0.223,0.0,0.838,0.914
2,perm_057,none,perm_057,"[2,1,3,4,0]",2-1-3-4-0,experience_replay_compute_matched,500,er500_matched,PASS,0.0,0.0,10,128,160,10;8;8;8;8,800,160;160;160;160;160,800,100000,20000;20000;20000;20000;20000,100000,not_applicable,not_applicable,0.9800000000000001,0.976,0.96,0,0.6274,0.44075,0.44075,1.231,1.231,cuda:0,1000,500,compute_matched_er500,0.996,0.96,0.993,0.976,0.975,0.996,0.437,0.0,0.782,0.922,0.996,0.437,0.0,0.782,0.922
3,perm_057,none,perm_057,"[2,1,3,4,0]",2-1-3-4-0,experience_replay_compute_matched,500,er500_matched,PASS,0.0,0.0,10,128,160,10;8;8;8;8,800,160;160;160;160;160,800,100000,20000;20000;20000;20000;20000,100000,not_applicable,not_applicable,0.9785999999999999,0.976,0.956,0,0.5494,0.5365,0.5365,1.214,1.214,cuda:0,1000,500,compute_matched_er500,0.994,0.956,0.994,0.976,0.973,0.994,0.018,0.0,0.833,0.902,0.994,0.018,0.0,0.833,0.902
4,perm_057,none,perm_057,"[2,1,3,4,0]",2-1-3-4-0,experience_replay_compute_matched,500,er500_matched,PASS,0.0,0.0,10,128,160,10;8;8;8;8,800,160;160;160;160;160,800,100000,20000;20000;20000;20000;20000,100000,not_applicable,not_applicable,0.9829999999999999,0.982,0.964,0,0.673,0.38749999999999996,0.38749999999999996,1.221,1.221,cuda:0,1000,500,compute_matched_er500,0.996,0.964,0.994,0.979,0.982,0.996,0.577,0.0,0.866,0.926,0.996,0.577,0.0,0.866,0.926
5,perm_057,none,perm_057,"[2,1,3,4,0]",2-1-3-4-0,experience_replay_compute_matched,500,er500_matched,PASS,0.0,0.0,10,128,160,10;8;8;8;8,800,160;160;160;160;160,800,100000,20000;20000;20000;20000;20000,100000,not_applicable,not_applicable,0.9815999999999999,0.977,0.968,0,0.6377999999999999,0.42975,0.42975,1.273,1.273,cuda:0,1000,500,compute_matched_er500,0.996,0.968,0.993,0.977,0.974,0.996,0.473,0.0,0.817,0.903,0.996,0.473,0.0,0.817,0.903
6,perm_057,none,perm_057,"[2,1,3,4,0]",2-1-3-4-0,experience_replay_compute_matched,500,er500_matched,PASS,0.0,0.0,10,128,160,10;8;8;8;8,800,160;160;160;160;160,800,100000,20000;20000;20000;20000;20000,100000,not_applicable,not_applicable,0.9793999999999998,0.978,0.962,0,0.6656,0.39224999999999993,0.39224999999999993,1.28,1.28,cuda:0,1000,500,compute_matched_er500,0.993,0.962,0.995,0.978,0.969,0.993,0.532,0.0,0.881,0.922,0.993,0.532,0.0,0.881,0.922
7,perm_057,none,perm_057,"[2,1,3,4,0]",2-1-3-4-0,experience_replay_compute_matched,500,er500_matched,PASS,0.0,0.0,10,128,160,10;8;8;8;8,800,160;160;160;160;160,800,100000,20000;20000;20000;20000;20000,100000,not_applicable,not_applicable,0.9815999999999999,0.982,0.963,0,0.6432,0.42300000000000004,0.42300000000000004,1.288,1.288,cuda:0,1000,500,compute_matched_er500,0.994,0.963,0.995,0.982,0.974,0.994,0.451,0.0,0.85,0.921,0.994,0.451,0.0,0.85,0.921
8,perm_057,none,perm_057,"[2,1,3,4,0]",2-1-3-4-0,experience_replay_compute_matched,500,er500_matched,PASS,0.0,0.0,10,128,160,10;8;8;8;8,800,160;160;160;160;160,800,100000,20000;20000;20000;20000;20000,100000,not_applicable,not_applicable,0.9810000000000001,0.981,0.961,0,0.6208,0.45024999999999993,0.45024999999999993,1.271,1.271,cuda:0,1000,500,compute_matched_er500,0.994,0.961,0.994,0.981,0.975,0.994,0.326,0.0,0.851,0.933,0.994,0.326,0.0,0.851,0.933
9,perm_057,none,perm_057,"[2,1,3,4,0]",2-1-3-4-0,experience_replay_compute_matched,500,er500_matched,PASS,0.0,0.0,10,128,160,10;8;8;8;8,800,160;160;160;160;160,800,100000,20000;20000;20000;20000;20000,100000,not_applicable,not_applicable,0.9822,0.984,0.962,0,0.5456000000000001,0.54575,0.54575,1.284,1.284,cuda:0,1000,500,compute_matched_er500,0.996,0.962,0.995,0.984,0.974,0.996,0.055,0.0,0.803,0.874,0.996,0.055,0.0,0.803,0.874
10,perm_057,none,perm_057,"[2,1,3,4,0]",2-1-3-4-0,experience_replay_compute_matched,500,er500_matched,PASS,0.0,0.0,10,128,160,10;8;8;8;8,800,160;160;160;160;160,800,100000,20000;20000;20000;20000;20000,100000,not_applicable,not_applicable,0.9808,0.983,0.965,0,0.6246,0.4452499999999999,0.4452499999999999,1.298,1.298,cuda:0,1000,500,compute_matched_er500,0.991,0.965,0.994,0.983,0.971,0.991,0.331,0.0,0.871,0.93,0.991,0.331,0.0,0.871,0.93
1,perm_058,none,perm_058,"[2,1,4,0,3]",2-1-4-0-3,experience_replay_compute_matched,500,er500_matched,PASS,0.0,0.0,10,128,160,10;8;8;8;8,800,160;160;160;160;160,800,100000,20000;20000;20000;20000;20000,100000,not_applicable,not_applicable,0.9800000000000001,0.981,0.955,0,0.48040000000000005,0.6245,0.6245,1.291,1.291,cuda:0,1000,500,compute_matched_er500,0.995,0.955,0.995,0.981,0.974,0.965,0.122,0.0,0.981,0.334,0.965,0.122,0.0,0.981,0.334
2,perm_058,none,perm_058,"[2,1,4,0,3]",2-1-4-0-3,experience_replay_compute_matched,500,er500_matched,PASS,0.0,0.0,10,128,160,10;8;8;8;8,800,160;160;160;160;160,800,100000,20000;20000;20000;20000;20000,100000,not_applicable,not_applicable,0.9822,0.982,0.959,0,0.4675999999999999,0.64325,0.64325,1.282,1.282,cuda:0,1000,500,compute_matched_er500,0.995,0.959,0.995,0.98,0.982,0.968,0.325,0.0,0.98,0.065,0.968,0.325,0.0,0.98,0.065
3,perm_058,none,perm_058,"[2,1,4,0,3]",2-1-4-0-3,experience_replay_compute_matched,500,er500_matched,PASS,0.0,0.0,10,128,160,10;8;8;8;8,800,160;160;160;160;160,800,100000,20000;20000;20000;20000;20000,100000,not_applicable,not_applicable,0.9787999999999999,0.978,0.962,0,0.6432,0.4195,0.4195,1.299,1.299,cuda:0,1000,500,compute_matched_er500,0.994,0.962,0.995,0.978,0.965,0.962,0.558,0.0,0.978,0.718,0.962,0.558,0.0,0.978,0.718
4,perm_058,none,perm_058,"[2,1,4,0,3]",2-1-4-0-3,experience_replay_compute_matched,500,er500_matched,PASS,0.0,0.0,10,128,160,10;8;8;8;8,800,160;160;160;160;160,800,100000,20000;20000;20000;20000;20000,100000,not_applicable,not_applicable,0.9835999999999998,0.981,0.97,0,0.6096,0.4675,0.4675,1.281,1.281,cuda:0,1000,500,compute_matched_er500,0.994,0.97,0.995,0.981,0.978,0.976,0.325,0.054,0.981,0.712,0.976,0.325,0.054,0.981,0.712
5,perm_058,none,perm_058,"[2,1,4,0,3]",2-1-4-0-3,experience_replay_compute_matched,500,er500_matched,PASS,0.0,0.0,10,128,160,10;8;8;8;8,800,160;160;160;160;160,800,100000,20000;20000;20000;20000;20000,100000,not_applicable,not_applicable,0.982,0.982,0.963,0,0.46099999999999997,0.65125,0.65125,1.282,1.282,cuda:0,1000,500,compute_matched_er500,0.993,0.963,0.995,0.982,0.977,0.976,0.049,0.0,0.982,0.298,0.976,0.049,0.0,0.982,0.298
6,perm_058,none,perm_058,"[2,1,4,0,3]",2-1-4-0-3,experience_replay_compute_matched,500,er500_matched,PASS,0.0,0.0,10,128,160,10;8;8;8;8,800,160;160;160;160;160,800,100000,20000;20000;20000;20000;20000,100000,not_applicable,not_applicable,0.9826,0.98,0.972,0,0.45220000000000005,0.663,0.663,1.282,1.282,cuda:0,1000,500,compute_matched_er500,0.995,0.972,0.994,0.98,0.972,0.959,0.066,0.0,0.98,0.256,0.959,0.066,0.0,0.98,0.256
7,perm_058,none,perm_058,"[2,1,4,0,3]",2-1-4-0-3,experience_replay_compute_matched,500,er500_matched,PASS,0.0,0.0,10,128,160,10;8;8;8;8,800,160;160;160;160;160,800,100000,20000;20000;20000;20000;20000,100000,not_applicable,not_applicable,0.9809999999999999,0.981,0.964,0,0.4342,0.6835,0.6835,1.297,1.297,cuda:0,1000,500,compute_matched_er500,0.994,0.964,0.994,0.981,0.972,0.965,0.0,0.0,0.981,0.225,0.965,0.0,0.0,0.981,0.225
8,perm_058,none,perm_058,"[2,1,4,0,3]",2-1-4-0-3,experience_replay_compute_matched,500,er500_matched,PASS,0.0,0.0,10,128,160,10;8;8;8;8,800,160;160;160;160;160,800,100000,20000;20000;20000;20000;20000,100000,not_applicable,not_applicable,0.9815999999999999,0.982,0.958,0,0.5656000000000001,0.52,0.52,1.244,1.244,cuda:0,1000,500,compute_matched_er500,0.993,0.958,0.994,0.982,0.981,0.971,0.213,0.007,0.982,0.655,0.971,0.213,0.007,0.982,0.655
9,perm_058,none,perm_058,"[2,1,4,0,3]",2-1-4-0-3,experience_replay_compute_matched,500,er500_matched,PASS,0.0,0.0,10,128,160,10;8;8;8;8,800,160;160;160;160;160,800,100000,20000;20000;20000;20000;20000,100000,not_applicable,not_applicable,0.9799999999999999,0.983,0.957,0,0.554,0.5325,0.5325,1.214,1.214,cuda:0,1000,500,compute_matched_er500,0.997,0.957,0.994,0.983,0.969,0.967,0.238,0.0,0.983,0.582,0.967,0.238,0.0,0.983,0.582
10,perm_058,none,perm_058,"[2,1,4,0,3]",2-1-4-0-3,experience_replay_compute_matched,500,er500_matched,PASS,0.0,0.0,10,128,160,10;8;8;8;8,800,160;160;160;160;160,800,100000,20000;20000;20000;20000;20000,100000,not_applicable,not_applicable,0.9786000000000001,0.98,0.952,0,0.5184,0.5752499999999999,0.5752499999999999,1.223,1.223,cuda:0,1000,500,compute_matched_er500,0.994,0.952,0.992,0.98,0.975,0.97,0.1,0.0,0.98,0.542,0.97,0.1,0.0,0.98,0.542
1,perm_059,none,perm_059,"[2,1,4,3,0]",2-1-4-3-0,experience_replay_compute_matched,500,er500_matched,PASS,0.0,0.0,10,128,160,10;8;8;8;8,800,160;160;160;160;160,800,100000,20000;20000;20000;20000;20000,100000,not_applicable,not_applicable,0.9822000000000001,0.979,0.969,0,0.6008,0.47675,0.47675,1.224,1.224,cuda:0,1000,500,compute_matched_er500,0.993,0.969,0.994,0.976,0.979,0.993,0.229,0.0,0.943,0.839,0.993,0.229,0.0,0.943,0.839
2,perm_059,none,perm_059,"[2,1,4,3,0]",2-1-4-3-0,experience_replay_compute_matched,500,er500_matched,PASS,0.0,0.0,10,128,160,10;8;8;8;8,800,160;160;160;160;160,800,100000,20000;20000;20000;20000;20000,100000,not_applicable,not_applicable,0.9792,0.974,0.963,0,0.6534000000000001,0.40725,0.40725,1.219,1.219,cuda:0,1000,500,compute_matched_er500,0.992,0.963,0.995,0.972,0.974,0.992,0.506,0.0,0.952,0.817,0.992,0.506,0.0,0.952,0.817
3,perm_059,none,perm_059,"[2,1,4,3,0]",2-1-4-3-0,experience_replay_compute_matched,500,er500_matched,PASS,0.0,0.0,10,128,160,10;8;8;8;8,800,160;160;160;160;160,800,100000,20000;20000;20000;20000;20000,100000,not_applicable,not_applicable,0.9802,0.975,0.965,0,0.6135999999999999,0.45825,0.45825,1.212,1.212,cuda:0,1000,500,compute_matched_er500,0.992,0.965,0.995,0.974,0.975,0.992,0.416,0.018,0.943,0.699,0.992,0.416,0.018,0.943,0.699
4,perm_059,none,perm_059,"[2,1,4,3,0]",2-1-4-3-0,experience_replay_compute_matched,500,er500_matched,PASS,0.0,0.0,10,128,160,10;8;8;8;8,800,160;160;160;160;160,800,100000,20000;20000;20000;20000;20000,100000,not_applicable,not_applicable,0.9785999999999999,0.976,0.953,0,0.623,0.44449999999999995,0.44449999999999995,1.216,1.216,cuda:0,1000,500,compute_matched_er500,0.994,0.953,0.995,0.976,0.975,0.994,0.422,0.0,0.956,0.743,0.994,0.422,0.0,0.956,0.743
5,perm_059,none,perm_059,"[2,1,4,3,0]",2-1-4-3-0,experience_replay_compute_matched,500,er500_matched,PASS,0.0,0.0,10,128,160,10;8;8;8;8,800,160;160;160;160;160,800,100000,20000;20000;20000;20000;20000,100000,not_applicable,not_applicable,0.9798,0.973,0.964,0,0.6132,0.45824999999999994,0.45824999999999994,1.233,1.233,cuda:0,1000,500,compute_matched_er500,0.996,0.964,0.994,0.972,0.973,0.996,0.361,0.0,0.943,0.766,0.996,0.361,0.0,0.943,0.766
6,perm_059,none,perm_059,"[2,1,4,3,0]",2-1-4-3-0,experience_replay_compute_matched,500,er500_matched,PASS,0.0,0.0,10,128,160,10;8;8;8;8,800,160;160;160;160;160,800,100000,20000;20000;20000;20000;20000,100000,not_applicable,not_applicable,0.9794,0.976,0.964,0,0.6746000000000001,0.381,0.381,1.225,1.225,cuda:0,1000,500,compute_matched_er500,0.994,0.964,0.994,0.976,0.969,0.994,0.597,0.0,0.945,0.837,0.994,0.597,0.0,0.945,0.837
7,perm_059,none,perm_059,"[2,1,4,3,0]",2-1-4-3-0,experience_replay_compute_matched,500,er500_matched,PASS,0.0,0.0,10,128,160,10;8;8;8;8,800,160;160;160;160;160,800,100000,20000;20000;20000;20000;20000,100000,not_applicable,not_applicable,0.9802,0.976,0.966,0,0.6315999999999999,0.43574999999999997,0.43574999999999997,1.262,1.262,cuda:0,1000,500,compute_matched_er500,0.996,0.967,0.996,0.966,0.976,0.996,0.429,0.0,0.946,0.787,0.996,0.429,0.0,0.946,0.787
8,perm_059,none,perm_059,"[2,1,4,3,0]",2-1-4-3-0,experience_replay_compute_matched,500,er500_matched,PASS,0.0,0.0,10,128,160,10;8;8;8;8,800,160;160;160;160;160,800,100000,20000;20000;20000;20000;20000,100000,not_applicable,not_applicable,0.9800000000000001,0.978,0.965,0,0.6073999999999999,0.46574999999999994,0.46574999999999994,1.248,1.248,cuda:0,1000,500,compute_matched_er500,0.993,0.965,0.994,0.97,0.978,0.993,0.291,0.002,0.941,0.81,0.993,0.291,0.002,0.941,0.81
9,perm_059,none,perm_059,"[2,1,4,3,0]",2-1-4-3-0,experience_replay_compute_matched,500,er500_matched,PASS,0.0,0.0,10,128,160,10;8;8;8;8,800,160;160;160;160;160,800,100000,20000;20000;20000;20000;20000,100000,not_applicable,not_applicable,0.9761999999999998,0.973,0.959,0,0.5768,0.49925,0.49925,1.221,1.221,cuda:0,1000,500,compute_matched_er500,0.995,0.96,0.994,0.973,0.959,0.995,0.214,0.015,0.939,0.721,0.995,0.214,0.015,0.939,0.721
10,perm_059,none,perm_059,"[2,1,4,3,0]",2-1-4-3-0,experience_replay_compute_matched,500,er500_matched,PASS,0.0,0.0,10,128,160,10;8;8;8;8,800,160;160;160;160;160,800,100000,20000;20000;20000;20000;20000,100000,not_applicable,not_applicable,0.9805999999999999,0.974,0.966,0,0.6026,0.47250000000000003,0.47250000000000003,1.217,1.217,cuda:0,1000,500,compute_matched_er500,0.997,0.966,0.993,0.974,0.973,0.997,0.279,0.011,0.948,0.778,0.997,0.279,0.011,0.948,0.778
1,perm_060,none,perm_060,"[2,3,0,1,4]",2-3-0-1-4,experience_replay_compute_matched,500,er500_matched,PASS,0.0,0.0,10,128,160,10;8;8;8;8,800,160;160;160;160;160,800,100000,20000;20000;20000;20000;20000,100000,not_applicable,not_applicable,0.9802,0.982,0.963,0,0.5898,0.488,0.488,1.235,1.235,cuda:0,1000,500,compute_matched_er500,0.997,0.963,0.995,0.982,0.964,0.851,0.855,0.0,0.279,0.964,0.851,0.855,0.0,0.279,0.964
2,perm_060,none,perm_060,"[2,3,0,1,4]",2-3-0-1-4,experience_replay_compute_matched,500,er500_matched,PASS,0.0,0.0,10,128,160,10;8;8;8;8,800,160;160;160;160;160,800,100000,20000;20000;20000;20000;20000,100000,not_applicable,not_applicable,0.9806000000000001,0.987,0.95,0,0.5791999999999999,0.5017499999999999,0.5017499999999999,1.244,1.244,cuda:0,1000,500,compute_matched_er500,0.997,0.95,0.995,0.987,0.974,0.883,0.869,0.0,0.17,0.974,0.883,0.869,0.0,0.17,0.974
3,perm_060,none,perm_060,"[2,3,0,1,4]",2-3-0-1-4,experience_replay_compute_matched,500,er500_matched,PASS,0.0,0.0,10,128,160,10;8;8;8;8,800,160;160;160;160;160,800,100000,20000;20000;20000;20000;20000,100000,not_applicable,not_applicable,0.9832000000000001,0.986,0.971,0,0.5843999999999999,0.4985,0.4985,1.22,1.22,cuda:0,1000,500,compute_matched_er500,0.995,0.971,0.993,0.986,0.971,0.816,0.863,0.0,0.272,0.971,0.816,0.863,0.0,0.272,0.971
4,perm_060,none,perm_060,"[2,3,0,1,4]",2-3-0-1-4,experience_replay_compute_matched,500,er500_matched,PASS,0.0,0.0,10,128,160,10;8;8;8;8,800,160;160;160;160;160,800,100000,20000;20000;20000;20000;20000,100000,not_applicable,not_applicable,0.9833999999999999,0.986,0.97,0,0.6130000000000001,0.46299999999999997,0.46299999999999997,1.224,1.224,cuda:0,1000,500,compute_matched_er500,0.996,0.971,0.994,0.986,0.97,0.843,0.882,0.002,0.368,0.97,0.843,0.882,0.002,0.368,0.97
5,perm_060,none,perm_060,"[2,3,0,1,4]",2-3-0-1-4,experience_replay_compute_matched,500,er500_matched,PASS,0.0,0.0,10,128,160,10;8;8;8;8,800,160;160;160;160;160,800,100000,20000;20000;20000;20000;20000,100000,not_applicable,not_applicable,0.9838000000000001,0.983,0.974,0,0.6494,0.418,0.418,1.225,1.225,cuda:0,1000,500,compute_matched_er500,0.993,0.974,0.995,0.983,0.974,0.875,0.851,0.0,0.547,0.974,0.875,0.851,0.0,0.547,0.974
6,perm_060,none,perm_060,"[2,3,0,1,4]",2-3-0-1-4,experience_replay_compute_matched,500,er500_matched,PASS,0.0,0.0,10,128,160,10;8;8;8;8,800,160;160;160;160;160,800,100000,20000;20000;20000;20000;20000,100000,not_applicable,not_applicable,0.9818,0.981,0.963,0,0.6062,0.46950000000000003,0.46950000000000003,1.217,1.217,cuda:0,1000,500,compute_matched_er500,0.996,0.963,0.995,0.981,0.974,0.84,0.828,0.0,0.389,0.974,0.84,0.828,0.0,0.389,0.974
7,perm_060,none,perm_060,"[2,3,0,1,4]",2-3-0-1-4,experience_replay_compute_matched,500,er500_matched,PASS,0.0,0.0,10,128,160,10;8;8;8;8,800,160;160;160;160;160,800,100000,20000;20000;20000;20000;20000,100000,not_applicable,not_applicable,0.9814,0.986,0.963,0,0.6758,0.38199999999999995,0.38199999999999995,1.242,1.242,cuda:0,1000,500,compute_matched_er500,0.994,0.963,0.995,0.986,0.969,0.882,0.879,0.0,0.649,0.969,0.882,0.879,0.0,0.649,0.969
8,perm_060,none,perm_060,"[2,3,0,1,4]",2-3-0-1-4,experience_replay_compute_matched,500,er500_matched,PASS,0.0,0.0,10,128,160,10;8;8;8;8,800,160;160;160;160;160,800,100000,20000;20000;20000;20000;20000,100000,not_applicable,not_applicable,0.9808,0.981,0.964,0,0.5866,0.49275,0.49275,1.236,1.236,cuda:0,1000,500,compute_matched_er500,0.994,0.971,0.994,0.981,0.964,0.826,0.852,0.0,0.291,0.964,0.826,0.852,0.0,0.291,0.964
9,perm_060,none,perm_060,"[2,3,0,1,4]",2-3-0-1-4,experience_replay_compute_matched,500,er500_matched,PASS,0.0,0.0,10,128,160,10;8;8;8;8,800,160;160;160;160;160,800,100000,20000;20000;20000;20000;20000,100000,not_applicable,not_applicable,0.9814,0.985,0.965,0,0.6331999999999999,0.43525,0.43525,1.243,1.243,cuda:0,1000,500,compute_matched_er500,0.993,0.965,0.994,0.985,0.97,0.897,0.893,0.001,0.405,0.97,0.897,0.893,0.001,0.405,0.97
10,perm_060,none,perm_060,"[2,3,0,1,4]",2-3-0-1-4,experience_replay_compute_matched,500,er500_matched,PASS,0.0,0.0,10,128,160,10;8;8;8;8,800,160;160;160;160;160,800,100000,20000;20000;20000;20000;20000,100000,not_applicable,not_applicable,0.9814,0.98,0.961,0,0.605,0.4705,0.4705,1.236,1.236,cuda:0,1000,500,compute_matched_er500,0.994,0.961,0.995,0.98,0.977,0.851,0.883,0.0,0.314,0.977,0.851,0.883,0.0,0.314,0.977
1,perm_061,shuffle_2,shuffle_2,"[2,3,0,4,1]",2-3-0-4-1,experience_replay_compute_matched,500,er500_matched,PASS,0.0,0.0,10,128,160,10;8;8;8;8,800,160;160;160;160;160,800,100000,20000;20000;20000;20000;20000,100000,not_applicable,not_applicable,0.9808,0.984,0.955,0,0.5972,0.47950000000000004,0.47950000000000004,1.217,1.217,cuda:0,1000,500,compute_matched_er500,0.995,0.955,0.993,0.984,0.977,0.877,0.955,0.004,0.245,0.905,0.877,0.955,0.004,0.245,0.905
2,perm_061,shuffle_2,shuffle_2,"[2,3,0,4,1]",2-3-0-4-1,experience_replay_compute_matched,500,er500_matched,PASS,0.0,0.0,10,128,160,10;8;8;8;8,800,160;160;160;160;160,800,100000,20000;20000;20000;20000;20000,100000,not_applicable,not_applicable,0.9795999999999999,0.984,0.959,0,0.5835999999999999,0.495,0.495,1.245,1.245,cuda:0,1000,500,compute_matched_er500,0.993,0.959,0.994,0.984,0.968,0.886,0.959,0.001,0.229,0.843,0.886,0.959,0.001,0.229,0.843
3,perm_061,shuffle_2,shuffle_2,"[2,3,0,4,1]",2-3-0-4-1,experience_replay_compute_matched,500,er500_matched,PASS,0.0,0.0,10,128,160,10;8;8;8;8,800,160;160;160;160;160,800,100000,20000;20000;20000;20000;20000,100000,not_applicable,not_applicable,0.9799999999999999,0.983,0.958,0,0.5956,0.4804999999999999,0.4804999999999999,1.275,1.275,cuda:0,1000,500,compute_matched_er500,0.997,0.958,0.993,0.983,0.969,0.913,0.958,0.0,0.224,0.883,0.913,0.958,0.0,0.224,0.883
4,perm_061,shuffle_2,shuffle_2,"[2,3,0,4,1]",2-3-0-4-1,experience_replay_compute_matched,500,er500_matched,PASS,0.0,0.0,10,128,160,10;8;8;8;8,800,160;160;160;160;160,800,100000,20000;20000;20000;20000;20000,100000,not_applicable,not_applicable,0.9802,0.987,0.952,0,0.5496,0.5382499999999999,0.5382499999999999,1.29,1.29,cuda:0,1000,500,compute_matched_er500,0.995,0.952,0.995,0.987,0.972,0.795,0.952,0.0,0.119,0.882,0.795,0.952,0.0,0.119,0.882
5,perm_061,shuffle_2,shuffle_2,"[2,3,0,4,1]",2-3-0-4-1,experience_replay_compute_matched,500,er500_matched,PASS,0.0,0.0,10,128,160,10;8;8;8;8,800,160;160;160;160;160,800,100000,20000;20000;20000;20000;20000,100000,not_applicable,not_applicable,0.9793999999999998,0.985,0.951,0,0.5544,0.53125,0.53125,1.257,1.257,cuda:0,1000,500,compute_matched_er500,0.994,0.951,0.994,0.985,0.973,0.907,0.951,0.0,0.02,0.894,0.907,0.951,0.0,0.02,0.894
6,perm_061,shuffle_2,shuffle_2,"[2,3,0,4,1]",2-3-0-4-1,experience_replay_compute_matched,500,er500_matched,PASS,0.0,0.0,10,128,160,10;8;8;8;8,800,160;160;160;160;160,800,100000,20000;20000;20000;20000;20000,100000,not_applicable,not_applicable,0.9800000000000001,0.984,0.954,0,0.5671999999999999,0.516,0.516,1.252,1.252,cuda:0,1000,500,compute_matched_er500,0.995,0.954,0.995,0.984,0.972,0.867,0.954,0.0,0.129,0.886,0.867,0.954,0.0,0.129,0.886
7,perm_061,shuffle_2,shuffle_2,"[2,3,0,4,1]",2-3-0-4-1,experience_replay_compute_matched,500,er500_matched,PASS,0.0,0.0,10,128,160,10;8;8;8;8,800,160;160;160;160;160,800,100000,20000;20000;20000;20000;20000,100000,not_applicable,not_applicable,0.9812000000000001,0.98,0.961,0,0.5599999999999999,0.5265,0.5265,1.26,1.26,cuda:0,1000,500,compute_matched_er500,0.994,0.961,0.995,0.98,0.976,0.824,0.961,0.046,0.097,0.872,0.824,0.961,0.046,0.097,0.872
8,perm_061,shuffle_2,shuffle_2,"[2,3,0,4,1]",2-3-0-4-1,experience_replay_compute_matched,500,er500_matched,PASS,0.0,0.0,10,128,160,10;8;8;8;8,800,160;160;160;160;160,800,100000,20000;20000;20000;20000;20000,100000,not_applicable,not_applicable,0.9794,0.984,0.963,0,0.5894,0.4875,0.4875,1.264,1.264,cuda:0,1000,500,compute_matched_er500,0.995,0.963,0.991,0.984,0.964,0.895,0.963,0.035,0.151,0.903,0.895,0.963,0.035,0.151,0.903
9,perm_061,shuffle_2,shuffle_2,"[2,3,0,4,1]",2-3-0-4-1,experience_replay_compute_matched,500,er500_matched,PASS,0.0,0.0,10,128,160,10;8;8;8;8,800,160;160;160;160;160,800,100000,20000;20000;20000;20000;20000,100000,not_applicable,not_applicable,0.9803999999999998,0.98,0.959,0,0.571,0.51175,0.51175,1.243,1.243,cuda:0,1000,500,compute_matched_er500,0.995,0.959,0.994,0.98,0.974,0.913,0.959,0.0,0.106,0.877,0.913,0.959,0.0,0.106,0.877
10,perm_061,shuffle_2,shuffle_2,"[2,3,0,4,1]",2-3-0-4-1,experience_replay_compute_matched,500,er500_matched,PASS,0.0,0.0,10,128,160,10;8;8;8;8,800,160;160;160;160;160,800,100000,20000;20000;20000;20000;20000,100000,not_applicable,not_applicable,0.9795999999999999,0.983,0.955,0,0.6195999999999999,0.44999999999999996,0.44999999999999996,1.23,1.23,cuda:0,1000,500,compute_matched_er500,0.995,0.955,0.993,0.983,0.972,0.889,0.955,0.0,0.386,0.868,0.889,0.955,0.0,0.386,0.868
1,perm_062,shuffle_0,shuffle_0,"[2,3,1,0,4]",2-3-1-0-4,experience_replay_compute_matched,500,er500_matched,PASS,0.0,0.0,10,128,160,10;8;8;8;8,800,160;160;160;160;160,800,100000,20000;20000;20000;20000;20000,100000,not_applicable,not_applicable,0.9823999999999999,0.983,0.97,0,0.591,0.48924999999999996,0.48924999999999996,1.242,1.242,cuda:0,1000,500,compute_matched_er500,0.994,0.971,0.994,0.983,0.97,0.972,0.545,0.0,0.468,0.97,0.972,0.545,0.0,0.468,0.97
2,perm_062,shuffle_0,shuffle_0,"[2,3,1,0,4]",2-3-1-0-4,experience_replay_compute_matched,500,er500_matched,PASS,0.0,0.0,10,128,160,10;8;8;8;8,800,160;160;160;160;160,800,100000,20000;20000;20000;20000;20000,100000,not_applicable,not_applicable,0.9812,0.981,0.962,0,0.5782,0.50375,0.50375,1.222,1.222,cuda:0,1000,500,compute_matched_er500,0.995,0.962,0.995,0.981,0.973,0.957,0.629,0.0,0.332,0.973,0.957,0.629,0.0,0.332,0.973
3,perm_062,shuffle_0,shuffle_0,"[2,3,1,0,4]",2-3-1-0-4,experience_replay_compute_matched,500,er500_matched,PASS,0.0,0.0,10,128,160,10;8;8;8;8,800,160;160;160;160;160,800,100000,20000;20000;20000;20000;20000,100000,not_applicable,not_applicable,0.9816,0.981,0.964,0,0.5406000000000001,0.55125,0.55125,1.247,1.247,cuda:0,1000,500,compute_matched_er500,0.995,0.964,0.994,0.981,0.974,0.965,0.682,0.0,0.082,0.974,0.965,0.682,0.0,0.082,0.974
4,perm_062,shuffle_0,shuffle_0,"[2,3,1,0,4]",2-3-1-0-4,experience_replay_compute_matched,500,er500_matched,PASS,0.0,0.0,10,128,160,10;8;8;8;8,800,160;160;160;160;160,800,100000,20000;20000;20000;20000;20000,100000,not_applicable,not_applicable,0.983,0.987,0.965,0,0.5718,0.514,0.514,1.213,1.213,cuda:0,1000,500,compute_matched_er500,0.997,0.965,0.992,0.987,0.974,0.961,0.732,0.0,0.192,0.974,0.961,0.732,0.0,0.192,0.974
5,perm_062,shuffle_0,shuffle_0,"[2,3,1,0,4]",2-3-1-0-4,experience_replay_compute_matched,500,er500_matched,PASS,0.0,0.0,10,128,160,10;8;8;8;8,800,160;160;160;160;160,800,100000,20000;20000;20000;20000;20000,100000,not_applicable,not_applicable,0.9805999999999999,0.985,0.965,0,0.6113999999999999,0.46149999999999997,0.46149999999999997,1.217,1.217,cuda:0,1000,500,compute_matched_er500,0.994,0.966,0.993,0.985,0.965,0.96,0.678,0.0,0.454,0.965,0.96,0.678,0.0,0.454,0.965
6,perm_062,shuffle_0,shuffle_0,"[2,3,1,0,4]",2-3-1-0-4,experience_replay_compute_matched,500,er500_matched,PASS,0.0,0.0,10,128,160,10;8;8;8;8,800,160;160;160;160;160,800,100000,20000;20000;20000;20000;20000,100000,not_applicable,not_applicable,0.9809999999999999,0.983,0.957,0,0.5428,0.54775,0.54775,1.219,1.219,cuda:0,1000,500,compute_matched_er500,0.996,0.957,0.994,0.983,0.975,0.966,0.405,0.0,0.368,0.975,0.966,0.405,0.0,0.368,0.975
7,perm_062,shuffle_0,shuffle_0,"[2,3,1,0,4]",2-3-1-0-4,experience_replay_compute_matched,500,er500_matched,PASS,0.0,0.0,10,128,160,10;8;8;8;8,800,160;160;160;160;160,800,100000,20000;20000;20000;20000;20000,100000,not_applicable,not_applicable,0.9828000000000001,0.989,0.96,0,0.598,0.481,0.481,1.202,1.202,cuda:0,1000,500,compute_matched_er500,0.994,0.96,0.994,0.989,0.977,0.962,0.655,0.0,0.396,0.977,0.962,0.655,0.0,0.396,0.977
8,perm_062,shuffle_0,shuffle_0,"[2,3,1,0,4]",2-3-1-0-4,experience_replay_compute_matched,500,er500_matched,PASS,0.0,0.0,10,128,160,10;8;8;8;8,800,160;160;160;160;160,800,100000,20000;20000;20000;20000;20000,100000,not_applicable,not_applicable,0.9818,0.983,0.959,0,0.538,0.55475,0.55475,1.207,1.207,cuda:0,1000,500,compute_matched_er500,0.995,0.959,0.995,0.983,0.977,0.963,0.677,0.0,0.073,0.977,0.963,0.677,0.0,0.073,0.977
9,perm_062,shuffle_0,shuffle_0,"[2,3,1,0,4]",2-3-1-0-4,experience_replay_compute_matched,500,er500_matched,PASS,0.0,0.0,10,128,160,10;8;8;8;8,800,160;160;160;160;160,800,100000,20000;20000;20000;20000;20000,100000,not_applicable,not_applicable,0.9833999999999999,0.986,0.964,0,0.5538000000000001,0.5369999999999999,0.5369999999999999,1.199,1.199,cuda:0,1000,500,compute_matched_er500,0.997,0.964,0.995,0.986,0.975,0.965,0.64,0.0,0.189,0.975,0.965,0.64,0.0,0.189,0.975
10,perm_062,shuffle_0,shuffle_0,"[2,3,1,0,4]",2-3-1-0-4,experience_replay_compute_matched,500,er500_matched,PASS,0.0,0.0,10,128,160,10;8;8;8;8,800,160;160;160;160;160,800,100000,20000;20000;20000;20000;20000,100000,not_applicable,not_applicable,0.9802,0.981,0.961,0,0.6492000000000001,0.41375,0.41375,1.221,1.221,cuda:0,1000,500,compute_matched_er500,0.994,0.961,0.991,0.981,0.974,0.964,0.664,0.0,0.644,0.974,0.964,0.664,0.0,0.644,0.974
1,perm_063,none,perm_063,"[2,3,1,4,0]",2-3-1-4-0,experience_replay_compute_matched,500,er500_matched,PASS,0.0,0.0,10,128,160,10;8;8;8;8,800,160;160;160;160;160,800,100000,20000;20000;20000;20000;20000,100000,not_applicable,not_applicable,0.9812,0.983,0.964,0,0.6674,0.39225,0.39225,1.199,1.199,cuda:0,1000,500,compute_matched_er500,0.995,0.964,0.995,0.983,0.969,0.995,0.788,0.0,0.629,0.925,0.995,0.788,0.0,0.629,0.925
2,perm_063,none,perm_063,"[2,3,1,4,0]",2-3-1-4-0,experience_replay_compute_matched,500,er500_matched,PASS,0.0,0.0,10,128,160,10;8;8;8;8,800,160;160;160;160;160,800,100000,20000;20000;20000;20000;20000,100000,not_applicable,not_applicable,0.9809999999999999,0.985,0.965,0,0.6792,0.37725,0.37725,1.252,1.252,cuda:0,1000,500,compute_matched_er500,0.995,0.965,0.995,0.985,0.965,0.995,0.814,0.0,0.663,0.924,0.995,0.814,0.0,0.663,0.924
3,perm_063,none,perm_063,"[2,3,1,4,0]",2-3-1-4-0,experience_replay_compute_matched,500,er500_matched,PASS,0.0,0.0,10,128,160,10;8;8;8;8,800,160;160;160;160;160,800,100000,20000;20000;20000;20000;20000,100000,not_applicable,not_applicable,0.9798,0.979,0.963,0,0.6626000000000001,0.39649999999999996,0.39649999999999996,1.289,1.289,cuda:0,1000,500,compute_matched_er500,0.995,0.963,0.995,0.979,0.967,0.995,0.776,0.0,0.636,0.906,0.995,0.776,0.0,0.636,0.906
4,perm_063,none,perm_063,"[2,3,1,4,0]",2-3-1-4-0,experience_replay_compute_matched,500,er500_matched,PASS,0.0,0.0,10,128,160,10;8;8;8;8,800,160;160;160;160;160,800,100000,20000;20000;20000;20000;20000,100000,not_applicable,not_applicable,0.9827999999999999,0.987,0.965,0,0.6512,0.4145,0.4145,1.215,1.215,cuda:0,1000,500,compute_matched_er500,0.994,0.965,0.994,0.987,0.974,0.994,0.789,0.0,0.547,0.926,0.994,0.789,0.0,0.547,0.926
5,perm_063,none,perm_063,"[2,3,1,4,0]",2-3-1-4-0,experience_replay_compute_matched,500,er500_matched,PASS,0.0,0.0,10,128,160,10;8;8;8;8,800,160;160;160;160;160,800,100000,20000;20000;20000;20000;20000,100000,not_applicable,not_applicable,0.9810000000000001,0.985,0.963,0,0.621,0.44999999999999996,0.44999999999999996,1.211,1.211,cuda:0,1000,500,compute_matched_er500,0.997,0.963,0.993,0.985,0.967,0.997,0.698,0.0,0.487,0.923,0.997,0.698,0.0,0.487,0.923
6,perm_063,none,perm_063,"[2,3,1,4,0]",2-3-1-4-0,experience_replay_compute_matched,500,er500_matched,PASS,0.0,0.0,10,128,160,10;8;8;8;8,800,160;160;160;160;160,800,100000,20000;20000;20000;20000;20000,100000,not_applicable,not_applicable,0.9789999999999999,0.981,0.961,0,0.6844,0.36824999999999997,0.36824999999999997,1.22,1.22,cuda:0,1000,500,compute_matched_er500,0.994,0.961,0.995,0.981,0.964,0.994,0.817,0.039,0.653,0.919,0.994,0.817,0.039,0.653,0.919
7,perm_063,none,perm_063,"[2,3,1,4,0]",2-3-1-4-0,experience_replay_compute_matched,500,er500_matched,PASS,0.0,0.0,10,128,160,10;8;8;8;8,800,160;160;160;160;160,800,100000,20000;20000;20000;20000;20000,100000,not_applicable,not_applicable,0.9833999999999999,0.984,0.967,0,0.671,0.39049999999999996,0.39049999999999996,1.221,1.221,cuda:0,1000,500,compute_matched_er500,0.995,0.967,0.995,0.984,0.976,0.995,0.802,0.002,0.639,0.917,0.995,0.802,0.002,0.639,0.917
8,perm_063,none,perm_063,"[2,3,1,4,0]",2-3-1-4-0,experience_replay_compute_matched,500,er500_matched,PASS,0.0,0.0,10,128,160,10;8;8;8;8,800,160;160;160;160;160,800,100000,20000;20000;20000;20000;20000,100000,not_applicable,not_applicable,0.9806000000000001,0.981,0.963,0,0.6438,0.421,0.421,1.208,1.208,cuda:0,1000,500,compute_matched_er500,0.996,0.963,0.993,0.981,0.97,0.996,0.73,0.0,0.564,0.929,0.996,0.73,0.0,0.564,0.929
9,perm_063,none,perm_063,"[2,3,1,4,0]",2-3-1-4-0,experience_replay_compute_matched,500,er500_matched,PASS,0.0,0.0,10,128,160,10;8;8;8;8,800,160;160;160;160;160,800,100000,20000;20000;20000;20000;20000,100000,not_applicable,not_applicable,0.9805999999999999,0.983,0.958,0,0.6582,0.40299999999999997,0.40299999999999997,1.209,1.209,cuda:0,1000,500,compute_matched_er500,0.994,0.958,0.995,0.983,0.973,0.994,0.776,0.0,0.591,0.93,0.994,0.776,0.0,0.591,0.93
10,perm_063,none,perm_063,"[2,3,1,4,0]",2-3-1-4-0,experience_replay_compute_matched,500,er500_matched,PASS,0.0,0.0,10,128,160,10;8;8;8;8,800,160;160;160;160;160,800,100000,20000;20000;20000;20000;20000,100000,not_applicable,not_applicable,0.9804,0.981,0.96,0,0.6402,0.42525,0.42525,1.196,1.196,cuda:0,1000,500,compute_matched_er500,0.996,0.96,0.994,0.981,0.971,0.996,0.819,0.0,0.446,0.94,0.996,0.819,0.0,0.446,0.94
1,perm_064,none,perm_064,"[2,3,4,0,1]",2-3-4-0-1,experience_replay_compute_matched,500,er500_matched,PASS,0.0,0.0,10,128,160,10;8;8;8;8,800,160;160;160;160;160,800,100000,20000;20000;20000;20000;20000,100000,not_applicable,not_applicable,0.9818000000000001,0.984,0.964,0,0.48839999999999995,0.61675,0.61675,1.221,1.221,cuda:0,1000,500,compute_matched_er500,0.994,0.964,0.994,0.984,0.973,0.966,0.964,0.0,0.096,0.416,0.966,0.964,0.0,0.096,0.416
2,perm_064,none,perm_064,"[2,3,4,0,1]",2-3-4-0-1,experience_replay_compute_matched,500,er500_matched,PASS,0.0,0.0,10,128,160,10;8;8;8;8,800,160;160;160;160;160,800,100000,20000;20000;20000;20000;20000,100000,not_applicable,not_applicable,0.9809999999999999,0.982,0.963,0,0.5366,0.5555,0.5555,1.218,1.218,cuda:0,1000,500,compute_matched_er500,0.994,0.972,0.994,0.982,0.963,0.973,0.972,0.0,0.216,0.522,0.973,0.972,0.0,0.216,0.522
3,perm_064,none,perm_064,"[2,3,4,0,1]",2-3-4-0-1,experience_replay_compute_matched,500,er500_matched,PASS,0.0,0.0,10,128,160,10;8;8;8;8,800,160;160;160;160;160,800,100000,20000;20000;20000;20000;20000,100000,not_applicable,not_applicable,0.982,0.981,0.97,0,0.5444,0.547,0.547,1.226,1.226,cuda:0,1000,500,compute_matched_er500,0.993,0.97,0.994,0.981,0.972,0.979,0.97,0.0,0.22,0.553,0.979,0.97,0.0,0.22,0.553
4,perm_064,none,perm_064,"[2,3,4,0,1]",2-3-4-0-1,experience_replay_compute_matched,500,er500_matched,PASS,0.0,0.0,10,128,160,10;8;8;8;8,800,160;160;160;160;160,800,100000,20000;20000;20000;20000;20000,100000,not_applicable,not_applicable,0.9818,0.985,0.963,0,0.5962,0.482,0.482,1.215,1.215,cuda:0,1000,500,compute_matched_er500,0.994,0.963,0.994,0.985,0.973,0.973,0.963,0.119,0.313,0.613,0.973,0.963,0.119,0.313,0.613
5,perm_064,none,perm_064,"[2,3,4,0,1]",2-3-4-0-1,experience_replay_compute_matched,500,er500_matched,PASS,0.0,0.0,10,128,160,10;8;8;8;8,800,160;160;160;160;160,800,100000,20000;20000;20000;20000;20000,100000,not_applicable,not_applicable,0.9802,0.978,0.964,0,0.523,0.5714999999999999,0.5714999999999999,1.222,1.222,cuda:0,1000,500,compute_matched_er500,0.996,0.964,0.992,0.978,0.971,0.971,0.964,0.0,0.25,0.43,0.971,0.964,0.0,0.25,0.43
6,perm_064,none,perm_064,"[2,3,4,0,1]",2-3-4-0-1,experience_replay_compute_matched,500,er500_matched,PASS,0.0,0.0,10,128,160,10;8;8;8;8,800,160;160;160;160;160,800,100000,20000;20000;20000;20000;20000,100000,not_applicable,not_applicable,0.9812,0.979,0.962,0,0.5269999999999999,0.56775,0.56775,1.221,1.221,cuda:0,1000,500,compute_matched_er500,0.995,0.962,0.995,0.979,0.975,0.973,0.962,0.0,0.035,0.665,0.973,0.962,0.0,0.035,0.665
7,perm_064,none,perm_064,"[2,3,4,0,1]",2-3-4-0-1,experience_replay_compute_matched,500,er500_matched,PASS,0.0,0.0,10,128,160,10;8;8;8;8,800,160;160;160;160;160,800,100000,20000;20000;20000;20000;20000,100000,not_applicable,not_applicable,0.9810000000000001,0.984,0.966,0,0.6012,0.47475,0.47475,1.264,1.264,cuda:0,1000,500,compute_matched_er500,0.994,0.966,0.994,0.984,0.967,0.969,0.966,0.118,0.25,0.703,0.969,0.966,0.118,0.25,0.703
8,perm_064,none,perm_064,"[2,3,4,0,1]",2-3-4-0-1,experience_replay_compute_matched,500,er500_matched,PASS,0.0,0.0,10,128,160,10;8;8;8;8,800,160;160;160;160;160,800,100000,20000;20000;20000;20000;20000,100000,not_applicable,not_applicable,0.9822000000000001,0.984,0.965,0,0.5235999999999998,0.57325,0.57325,1.288,1.288,cuda:0,1000,500,compute_matched_er500,0.995,0.965,0.995,0.984,0.972,0.96,0.965,0.003,0.18,0.51,0.96,0.965,0.003,0.18,0.51
9,perm_064,none,perm_064,"[2,3,4,0,1]",2-3-4-0-1,experience_replay_compute_matched,500,er500_matched,PASS,0.0,0.0,10,128,160,10;8;8;8;8,800,160;160;160;160;160,800,100000,20000;20000;20000;20000;20000,100000,not_applicable,not_applicable,0.9819999999999999,0.983,0.966,0,0.5896000000000001,0.4905,0.4905,1.289,1.289,cuda:0,1000,500,compute_matched_er500,0.994,0.973,0.994,0.983,0.966,0.97,0.973,0.044,0.419,0.542,0.97,0.973,0.044,0.419,0.542
10,perm_064,none,perm_064,"[2,3,4,0,1]",2-3-4-0-1,experience_replay_compute_matched,500,er500_matched,PASS,0.0,0.0,10,128,160,10;8;8;8;8,800,160;160;160;160;160,800,100000,20000;20000;20000;20000;20000,100000,not_applicable,not_applicable,0.9822,0.987,0.968,0,0.5810000000000001,0.5015000000000001,0.5015000000000001,1.295,1.295,cuda:0,1000,500,compute_matched_er500,0.995,0.968,0.993,0.987,0.968,0.959,0.968,0.0,0.27,0.708,0.959,0.968,0.0,0.27,0.708
1,perm_065,none,perm_065,"[2,3,4,1,0]",2-3-4-1-0,experience_replay_compute_matched,500,er500_matched,PASS,0.0,0.0,10,128,160,10;8;8;8;8,800,160;160;160;160;160,800,100000,20000;20000;20000;20000;20000,100000,not_applicable,not_applicable,0.9829999999999999,0.983,0.97,0,0.6798,0.379,0.379,1.285,1.285,cuda:0,1000,500,compute_matched_er500,0.996,0.97,0.995,0.983,0.971,0.996,0.931,0.001,0.677,0.794,0.996,0.931,0.001,0.677,0.794
2,perm_065,none,perm_065,"[2,3,4,1,0]",2-3-4-1-0,experience_replay_compute_matched,500,er500_matched,PASS,0.0,0.0,10,128,160,10;8;8;8;8,800,160;160;160;160;160,800,100000,20000;20000;20000;20000;20000,100000,not_applicable,not_applicable,0.9808,0.984,0.958,0,0.6406,0.42524999999999996,0.42524999999999996,1.297,1.297,cuda:0,1000,500,compute_matched_er500,0.997,0.958,0.995,0.984,0.97,0.997,0.922,0.0,0.594,0.69,0.997,0.922,0.0,0.594,0.69
3,perm_065,none,perm_065,"[2,3,4,1,0]",2-3-4-1-0,experience_replay_compute_matched,500,er500_matched,PASS,0.0,0.0,10,128,160,10;8;8;8;8,800,160;160;160;160;160,800,100000,20000;20000;20000;20000;20000,100000,not_applicable,not_applicable,0.9778,0.984,0.949,0,0.6818,0.36999999999999994,0.36999999999999994,1.295,1.295,cuda:0,1000,500,compute_matched_er500,0.997,0.949,0.991,0.984,0.968,0.997,0.896,0.027,0.676,0.813,0.997,0.896,0.027,0.676,0.813
4,perm_065,none,perm_065,"[2,3,4,1,0]",2-3-4-1-0,experience_replay_compute_matched,500,er500_matched,PASS,0.0,0.0,10,128,160,10;8;8;8;8,800,160;160;160;160;160,800,100000,20000;20000;20000;20000;20000,100000,not_applicable,not_applicable,0.9794,0.984,0.955,0,0.6992,0.35024999999999995,0.35024999999999995,1.314,1.314,cuda:0,1000,500,compute_matched_er500,0.997,0.955,0.992,0.984,0.969,0.997,0.921,0.184,0.607,0.787,0.997,0.921,0.184,0.607,0.787
5,perm_065,none,perm_065,"[2,3,4,1,0]",2-3-4-1-0,experience_replay_compute_matched,500,er500_matched,PASS,0.0,0.0,10,128,160,10;8;8;8;8,800,160;160;160;160;160,800,100000,20000;20000;20000;20000;20000,100000,not_applicable,not_applicable,0.9805999999999999,0.984,0.961,0,0.6486000000000001,0.4149999999999999,0.4149999999999999,1.306,1.306,cuda:0,1000,500,compute_matched_er500,0.996,0.961,0.993,0.984,0.969,0.996,0.93,0.022,0.49,0.805,0.996,0.93,0.022,0.49,0.805
6,perm_065,none,perm_065,"[2,3,4,1,0]",2-3-4-1-0,experience_replay_compute_matched,500,er500_matched,PASS,0.0,0.0,10,128,160,10;8;8;8;8,800,160;160;160;160;160,800,100000,20000;20000;20000;20000;20000,100000,not_applicable,not_applicable,0.9804,0.985,0.956,0,0.6964,0.355,0.355,1.318,1.318,cuda:0,1000,500,compute_matched_er500,0.997,0.956,0.995,0.985,0.969,0.997,0.914,0.103,0.67,0.798,0.997,0.914,0.103,0.67,0.798
7,perm_065,none,perm_065,"[2,3,4,1,0]",2-3-4-1-0,experience_replay_compute_matched,500,er500_matched,PASS,0.0,0.0,10,128,160,10;8;8;8;8,800,160;160;160;160;160,800,100000,20000;20000;20000;20000;20000,100000,not_applicable,not_applicable,0.9785999999999999,0.988,0.946,0,0.658,0.40075,0.40075,1.3,1.3,cuda:0,1000,500,compute_matched_er500,0.994,0.946,0.996,0.988,0.969,0.994,0.915,0.031,0.581,0.769,0.994,0.915,0.031,0.581,0.769
8,perm_065,none,perm_065,"[2,3,4,1,0]",2-3-4-1-0,experience_replay_compute_matched,500,er500_matched,PASS,0.0,0.0,10,128,160,10;8;8;8;8,800,160;160;160;160;160,800,100000,20000;20000;20000;20000;20000,100000,not_applicable,not_applicable,0.9812000000000001,0.986,0.966,0,0.6542,0.40874999999999995,0.40874999999999995,1.294,1.294,cuda:0,1000,500,compute_matched_er500,0.992,0.967,0.995,0.986,0.966,0.992,0.941,0.0,0.597,0.741,0.992,0.941,0.0,0.597,0.741
9,perm_065,none,perm_065,"[2,3,4,1,0]",2-3-4-1-0,experience_replay_compute_matched,500,er500_matched,PASS,0.0,0.0,10,128,160,10;8;8;8;8,800,160;160;160;160;160,800,100000,20000;20000;20000;20000;20000,100000,not_applicable,not_applicable,0.9812,0.983,0.964,0,0.6548,0.408,0.408,1.285,1.285,cuda:0,1000,500,compute_matched_er500,0.997,0.964,0.994,0.983,0.968,0.997,0.922,0.004,0.567,0.784,0.997,0.922,0.004,0.567,0.784
10,perm_065,none,perm_065,"[2,3,4,1,0]",2-3-4-1-0,experience_replay_compute_matched,500,er500_matched,PASS,0.0,0.0,10,128,160,10;8;8;8;8,800,160;160;160;160;160,800,100000,20000;20000;20000;20000;20000,100000,not_applicable,not_applicable,0.978,0.981,0.954,0,0.6839999999999999,0.36750000000000005,0.36750000000000005,1.28,1.28,cuda:0,1000,500,compute_matched_er500,0.995,0.954,0.995,0.981,0.965,0.995,0.917,0.0,0.732,0.776,0.995,0.917,0.0,0.732,0.776
1,perm_066,none,perm_066,"[2,4,0,1,3]",2-4-0-1-3,experience_replay_compute_matched,500,er500_matched,PASS,0.0,0.0,10,128,160,10;8;8;8;8,800,160;160;160;160;160,800,100000,20000;20000;20000;20000;20000,100000,not_applicable,not_applicable,0.9782,0.977,0.958,0,0.576,0.50275,0.50275,1.293,1.293,cuda:0,1000,500,compute_matched_er500,0.998,0.963,0.995,0.977,0.958,0.899,0.927,0.077,0.977,0.0,0.899,0.927,0.077,0.977,0.0
2,perm_066,none,perm_066,"[2,4,0,1,3]",2-4-0-1-3,experience_replay_compute_matched,500,er500_matched,PASS,0.0,0.0,10,128,160,10;8;8;8;8,800,160;160;160;160;160,800,100000,20000;20000;20000;20000;20000,100000,not_applicable,not_applicable,0.9793999999999998,0.978,0.963,0,0.5714,0.51,0.51,1.27,1.27,cuda:0,1000,500,compute_matched_er500,0.996,0.965,0.995,0.978,0.963,0.921,0.933,0.002,0.978,0.023,0.921,0.933,0.002,0.978,0.023
3,perm_066,none,perm_066,"[2,4,0,1,3]",2-4-0-1-3,experience_replay_compute_matched,500,er500_matched,PASS,0.0,0.0,10,128,160,10;8;8;8;8,800,160;160;160;160;160,800,100000,20000;20000;20000;20000;20000,100000,not_applicable,not_applicable,0.9771999999999998,0.979,0.954,0,0.5688,0.5105,0.5105,1.288,1.288,cuda:0,1000,500,compute_matched_er500,0.994,0.964,0.995,0.979,0.954,0.899,0.924,0.004,0.979,0.038,0.899,0.924,0.004,0.979,0.038
4,perm_066,none,perm_066,"[2,4,0,1,3]",2-4-0-1-3,experience_replay_compute_matched,500,er500_matched,PASS,0.0,0.0,10,128,160,10;8;8;8;8,800,160;160;160;160;160,800,100000,20000;20000;20000;20000;20000,100000,not_applicable,not_applicable,0.9800000000000001,0.978,0.963,0,0.5635999999999999,0.5205,0.5205,1.302,1.302,cuda:0,1000,500,compute_matched_er500,0.995,0.963,0.994,0.978,0.97,0.879,0.919,0.005,0.978,0.037,0.879,0.919,0.005,0.978,0.037
5,perm_066,none,perm_066,"[2,4,0,1,3]",2-4-0-1-3,experience_replay_compute_matched,500,er500_matched,PASS,0.0,0.0,10,128,160,10;8;8;8;8,800,160;160;160;160;160,800,100000,20000;20000;20000;20000;20000,100000,not_applicable,not_applicable,0.9792000000000002,0.98,0.961,0,0.5549999999999999,0.53025,0.53025,1.244,1.244,cuda:0,1000,500,compute_matched_er500,0.994,0.966,0.995,0.98,0.961,0.893,0.902,0.0,0.98,0.0,0.893,0.902,0.0,0.98,0.0
6,perm_066,none,perm_066,"[2,4,0,1,3]",2-4-0-1-3,experience_replay_compute_matched,500,er500_matched,PASS,0.0,0.0,10,128,160,10;8;8;8;8,800,160;160;160;160;160,800,100000,20000;20000;20000;20000;20000,100000,not_applicable,not_applicable,0.978,0.978,0.961,0,0.5382,0.54975,0.54975,1.23,1.23,cuda:0,1000,500,compute_matched_er500,0.997,0.961,0.993,0.978,0.961,0.814,0.899,0.0,0.978,0.0,0.814,0.899,0.0,0.978,0.0
7,perm_066,none,perm_066,"[2,4,0,1,3]",2-4-0-1-3,experience_replay_compute_matched,500,er500_matched,PASS,0.0,0.0,10,128,160,10;8;8;8;8,800,160;160;160;160;160,800,100000,20000;20000;20000;20000;20000,100000,not_applicable,not_applicable,0.9814,0.979,0.967,0,0.561,0.5255,0.5255,1.221,1.221,cuda:0,1000,500,compute_matched_er500,0.997,0.969,0.995,0.979,0.967,0.901,0.917,0.008,0.979,0.0,0.901,0.917,0.008,0.979,0.0
8,perm_066,none,perm_066,"[2,4,0,1,3]",2-4-0-1-3,experience_replay_compute_matched,500,er500_matched,PASS,0.0,0.0,10,128,160,10;8;8;8;8,800,160;160;160;160;160,800,100000,20000;20000;20000;20000;20000,100000,not_applicable,not_applicable,0.9794,0.981,0.963,0,0.5846,0.49349999999999994,0.49349999999999994,1.22,1.22,cuda:0,1000,500,compute_matched_er500,0.994,0.963,0.994,0.981,0.965,0.914,0.907,0.0,0.981,0.121,0.914,0.907,0.0,0.981,0.121
9,perm_066,none,perm_066,"[2,4,0,1,3]",2-4-0-1-3,experience_replay_compute_matched,500,er500_matched,PASS,0.0,0.0,10,128,160,10;8;8;8;8,800,160;160;160;160;160,800,100000,20000;20000;20000;20000;20000,100000,not_applicable,not_applicable,0.9798,0.982,0.961,0,0.5768000000000001,0.50375,0.50375,1.228,1.228,cuda:0,1000,500,compute_matched_er500,0.995,0.967,0.994,0.982,0.961,0.911,0.916,0.0,0.982,0.075,0.911,0.916,0.0,0.982,0.075
10,perm_066,none,perm_066,"[2,4,0,1,3]",2-4-0-1-3,experience_replay_compute_matched,500,er500_matched,PASS,0.0,0.0,10,128,160,10;8;8;8;8,800,160;160;160;160;160,800,100000,20000;20000;20000;20000;20000,100000,not_applicable,not_applicable,0.9818,0.983,0.968,0,0.5588,0.5287499999999999,0.5287499999999999,1.244,1.244,cuda:0,1000,500,compute_matched_er500,0.994,0.969,0.995,0.983,0.968,0.859,0.917,0.035,0.983,0.0,0.859,0.917,0.035,0.983,0.0
1,perm_067,none,perm_067,"[2,4,0,3,1]",2-4-0-3-1,experience_replay_compute_matched,500,er500_matched,PASS,0.0,0.0,10,128,160,10;8;8;8;8,800,160;160;160;160;160,800,100000,20000;20000;20000;20000;20000,100000,not_applicable,not_applicable,0.9763999999999999,0.976,0.956,0,0.5900000000000001,0.483,0.483,1.312,1.312,cuda:0,1000,500,compute_matched_er500,0.996,0.956,0.995,0.976,0.959,0.873,0.956,0.092,0.924,0.105,0.873,0.956,0.092,0.924,0.105
2,perm_067,none,perm_067,"[2,4,0,3,1]",2-4-0-3-1,experience_replay_compute_matched,500,er500_matched,PASS,0.0,0.0,10,128,160,10;8;8;8;8,800,160;160;160;160;160,800,100000,20000;20000;20000;20000;20000,100000,not_applicable,not_applicable,0.9795999999999999,0.979,0.963,0,0.5835999999999999,0.495,0.495,1.228,1.228,cuda:0,1000,500,compute_matched_er500,0.994,0.963,0.995,0.979,0.967,0.91,0.963,0.061,0.903,0.081,0.91,0.963,0.061,0.903,0.081
3,perm_067,none,perm_067,"[2,4,0,3,1]",2-4-0-3-1,experience_replay_compute_matched,500,er500_matched,PASS,0.0,0.0,10,128,160,10;8;8;8;8,800,160;160;160;160;160,800,100000,20000;20000;20000;20000;20000,100000,not_applicable,not_applicable,0.9788,0.985,0.958,0,0.539,0.54975,0.54975,1.215,1.215,cuda:0,1000,500,compute_matched_er500,0.995,0.961,0.995,0.985,0.958,0.833,0.961,0.006,0.895,0.0,0.833,0.961,0.006,0.895,0.0
4,perm_067,none,perm_067,"[2,4,0,3,1]",2-4-0-3-1,experience_replay_compute_matched,500,er500_matched,PASS,0.0,0.0,10,128,160,10;8;8;8;8,800,160;160;160;160;160,800,100000,20000;20000;20000;20000;20000,100000,not_applicable,not_applicable,0.9792,0.981,0.959,0,0.5704,0.511,0.511,1.222,1.222,cuda:0,1000,500,compute_matched_er500,0.996,0.959,0.995,0.981,0.965,0.881,0.959,0.001,0.925,0.086,0.881,0.959,0.001,0.925,0.086
5,perm_067,none,perm_067,"[2,4,0,3,1]",2-4-0-3-1,experience_replay_compute_matched,500,er500_matched,PASS,0.0,0.0,10,128,160,10;8;8;8;8,800,160;160;160;160;160,800,100000,20000;20000;20000;20000;20000,100000,not_applicable,not_applicable,0.9784,0.979,0.961,0,0.5624,0.52,0.52,1.257,1.257,cuda:0,1000,500,compute_matched_er500,0.995,0.961,0.993,0.979,0.964,0.895,0.961,0.008,0.924,0.024,0.895,0.961,0.008,0.924,0.024
6,perm_067,none,perm_067,"[2,4,0,3,1]",2-4-0-3-1,experience_replay_compute_matched,500,er500_matched,PASS,0.0,0.0,10,128,160,10;8;8;8;8,800,160;160;160;160;160,800,100000,20000;20000;20000;20000;20000,100000,not_applicable,not_applicable,0.9799999999999999,0.978,0.961,0,0.5521999999999999,0.53475,0.53475,1.255,1.255,cuda:0,1000,500,compute_matched_er500,0.997,0.97,0.994,0.978,0.961,0.894,0.97,0.002,0.89,0.005,0.894,0.97,0.002,0.89,0.005
7,perm_067,none,perm_067,"[2,4,0,3,1]",2-4-0-3-1,experience_replay_compute_matched,500,er500_matched,PASS,0.0,0.0,10,128,160,10;8;8;8;8,800,160;160;160;160;160,800,100000,20000;20000;20000;20000;20000,100000,not_applicable,not_applicable,0.9814,0.979,0.969,0,0.5621999999999999,0.5239999999999999,0.5239999999999999,1.22,1.22,cuda:0,1000,500,compute_matched_er500,0.996,0.969,0.993,0.979,0.97,0.902,0.969,0.013,0.921,0.006,0.902,0.969,0.013,0.921,0.006
8,perm_067,none,perm_067,"[2,4,0,3,1]",2-4-0-3-1,experience_replay_compute_matched,500,er500_matched,PASS,0.0,0.0,10,128,160,10;8;8;8;8,800,160;160;160;160;160,800,100000,20000;20000;20000;20000;20000,100000,not_applicable,not_applicable,0.9795999999999999,0.983,0.958,0,0.5424,0.5465,0.5465,1.225,1.225,cuda:0,1000,500,compute_matched_er500,0.997,0.958,0.993,0.983,0.967,0.837,0.958,0.0,0.917,0.0,0.837,0.958,0.0,0.917,0.0
9,perm_067,none,perm_067,"[2,4,0,3,1]",2-4-0-3-1,experience_replay_compute_matched,500,er500_matched,PASS,0.0,0.0,10,128,160,10;8;8;8;8,800,160;160;160;160;160,800,100000,20000;20000;20000;20000;20000,100000,not_applicable,not_applicable,0.9778,0.979,0.953,0,0.5622,0.5195,0.5195,1.224,1.224,cuda:0,1000,500,compute_matched_er500,0.998,0.965,0.994,0.979,0.953,0.915,0.965,0.0,0.931,0.0,0.915,0.965,0.0,0.931,0.0
10,perm_067,none,perm_067,"[2,4,0,3,1]",2-4-0-3-1,experience_replay_compute_matched,500,er500_matched,PASS,0.0,0.0,10,128,160,10;8;8;8;8,800,160;160;160;160;160,800,100000,20000;20000;20000;20000;20000,100000,not_applicable,not_applicable,0.9812,0.985,0.965,0,0.5676,0.5169999999999999,0.5169999999999999,1.22,1.22,cuda:0,1000,500,compute_matched_er500,0.994,0.965,0.994,0.985,0.968,0.917,0.965,0.001,0.904,0.051,0.917,0.965,0.001,0.904,0.051
1,perm_068,none,perm_068,"[2,4,1,0,3]",2-4-1-0-3,experience_replay_compute_matched,500,er500_matched,PASS,0.0,0.0,10,128,160,10;8;8;8;8,800,160;160;160;160;160,800,100000,20000;20000;20000;20000;20000,100000,not_applicable,not_applicable,0.9774,0.98,0.955,0,0.5648,0.5157499999999999,0.5157499999999999,1.254,1.254,cuda:0,1000,500,compute_matched_er500,0.991,0.955,0.992,0.98,0.969,0.976,0.806,0.006,0.98,0.056,0.976,0.806,0.006,0.98,0.056
2,perm_068,none,perm_068,"[2,4,1,0,3]",2-4-1-0-3,experience_replay_compute_matched,500,er500_matched,PASS,0.0,0.0,10,128,160,10;8;8;8;8,800,160;160;160;160;160,800,100000,20000;20000;20000;20000;20000,100000,not_applicable,not_applicable,0.978,0.982,0.951,0,0.5664,0.5145,0.5145,1.256,1.256,cuda:0,1000,500,compute_matched_er500,0.993,0.951,0.995,0.982,0.969,0.968,0.81,0.071,0.982,0.001,0.968,0.81,0.071,0.982,0.001
3,perm_068,none,perm_068,"[2,4,1,0,3]",2-4-1-0-3,experience_replay_compute_matched,500,er500_matched,PASS,0.0,0.0,10,128,160,10;8;8;8;8,800,160;160;160;160;160,800,100000,20000;20000;20000;20000;20000,100000,not_applicable,not_applicable,0.9788,0.98,0.955,0,0.576,0.5035,0.5035,1.245,1.245,cuda:0,1000,500,compute_matched_er500,0.992,0.955,0.994,0.98,0.973,0.972,0.79,0.0,0.98,0.138,0.972,0.79,0.0,0.98,0.138
4,perm_068,none,perm_068,"[2,4,1,0,3]",2-4-1-0-3,experience_replay_compute_matched,500,er500_matched,PASS,0.0,0.0,10,128,160,10;8;8;8;8,800,160;160;160;160;160,800,100000,20000;20000;20000;20000;20000,100000,not_applicable,not_applicable,0.9746,0.978,0.952,0,0.6338,0.42599999999999993,0.42599999999999993,1.231,1.231,cuda:0,1000,500,compute_matched_er500,0.995,0.952,0.992,0.978,0.956,0.97,0.859,0.048,0.978,0.314,0.97,0.859,0.048,0.978,0.314
5,perm_068,none,perm_068,"[2,4,1,0,3]",2-4-1-0-3,experience_replay_compute_matched,500,er500_matched,PASS,0.0,0.0,10,128,160,10;8;8;8;8,800,160;160;160;160;160,800,100000,20000;20000;20000;20000;20000,100000,not_applicable,not_applicable,0.9785999999999999,0.985,0.96,0,0.5558,0.5285,0.5285,1.214,1.214,cuda:0,1000,500,compute_matched_er500,0.996,0.96,0.992,0.985,0.96,0.977,0.806,0.011,0.985,0.0,0.977,0.806,0.011,0.985,0.0
6,perm_068,none,perm_068,"[2,4,1,0,3]",2-4-1-0-3,experience_replay_compute_matched,500,er500_matched,PASS,0.0,0.0,10,128,160,10;8;8;8;8,800,160;160;160;160;160,800,100000,20000;20000;20000;20000;20000,100000,not_applicable,not_applicable,0.9789999999999999,0.978,0.962,0,0.6035999999999999,0.46924999999999994,0.46924999999999994,1.223,1.223,cuda:0,1000,500,compute_matched_er500,0.996,0.964,0.995,0.978,0.962,0.967,0.822,0.0,0.978,0.251,0.967,0.822,0.0,0.978,0.251
7,perm_068,none,perm_068,"[2,4,1,0,3]",2-4-1-0-3,experience_replay_compute_matched,500,er500_matched,PASS,0.0,0.0,10,128,160,10;8;8;8;8,800,160;160;160;160;160,800,100000,20000;20000;20000;20000;20000,100000,not_applicable,not_applicable,0.9826,0.985,0.966,0,0.5721999999999999,0.513,0.513,1.212,1.212,cuda:0,1000,500,compute_matched_er500,0.996,0.966,0.996,0.985,0.97,0.97,0.843,0.002,0.985,0.061,0.97,0.843,0.002,0.985,0.061
8,perm_068,none,perm_068,"[2,4,1,0,3]",2-4-1-0-3,experience_replay_compute_matched,500,er500_matched,PASS,0.0,0.0,10,128,160,10;8;8;8;8,800,160;160;160;160;160,800,100000,20000;20000;20000;20000;20000,100000,not_applicable,not_applicable,0.9782,0.982,0.951,0,0.5658,0.5155,0.5155,1.244,1.244,cuda:0,1000,500,compute_matched_er500,0.995,0.951,0.994,0.982,0.969,0.974,0.742,0.0,0.982,0.131,0.974,0.742,0.0,0.982,0.131
9,perm_068,none,perm_068,"[2,4,1,0,3]",2-4-1-0-3,experience_replay_compute_matched,500,er500_matched,PASS,0.0,0.0,10,128,160,10;8;8;8;8,800,160;160;160;160;160,800,100000,20000;20000;20000;20000;20000,100000,not_applicable,not_applicable,0.9790000000000001,0.985,0.959,0,0.552,0.53375,0.53375,1.206,1.206,cuda:0,1000,500,compute_matched_er500,0.996,0.959,0.994,0.985,0.961,0.973,0.795,0.0,0.985,0.007,0.973,0.795,0.0,0.985,0.007
10,perm_068,none,perm_068,"[2,4,1,0,3]",2-4-1-0-3,experience_replay_compute_matched,500,er500_matched,PASS,0.0,0.0,10,128,160,10;8;8;8;8,800,160;160;160;160;160,800,100000,20000;20000;20000;20000;20000,100000,not_applicable,not_applicable,0.9773999999999999,0.982,0.959,0,0.546,0.53925,0.53925,1.222,1.222,cuda:0,1000,500,compute_matched_er500,0.992,0.959,0.991,0.982,0.963,0.974,0.774,0.0,0.982,0.0,0.974,0.774,0.0,0.982,0.0
1,perm_069,none,perm_069,"[2,4,1,3,0]",2-4-1-3-0,experience_replay_compute_matched,500,er500_matched,PASS,0.0,0.0,10,128,160,10;8;8;8;8,800,160;160;160;160;160,800,100000,20000;20000;20000;20000;20000,100000,not_applicable,not_applicable,0.9743999999999999,0.973,0.95,0,0.551,0.52925,0.52925,1.235,1.235,cuda:0,1000,500,compute_matched_er500,0.994,0.95,0.994,0.973,0.961,0.994,0.759,0.028,0.954,0.02,0.994,0.759,0.028,0.954,0.02
2,perm_069,none,perm_069,"[2,4,1,3,0]",2-4-1-3-0,experience_replay_compute_matched,500,er500_matched,PASS,0.0,0.0,10,128,160,10;8;8;8;8,800,160;160;160;160;160,800,100000,20000;20000;20000;20000;20000,100000,not_applicable,not_applicable,0.9784,0.983,0.959,0,0.5438,0.54325,0.54325,1.235,1.235,cuda:0,1000,500,compute_matched_er500,0.995,0.959,0.993,0.983,0.962,0.995,0.769,0.002,0.953,0.0,0.995,0.769,0.002,0.953,0.0
3,perm_069,none,perm_069,"[2,4,1,3,0]",2-4-1-3-0,experience_replay_compute_matched,500,er500_matched,PASS,0.0,0.0,10,128,160,10;8;8;8;8,800,160;160;160;160;160,800,100000,20000;20000;20000;20000;20000,100000,not_applicable,not_applicable,0.9789999999999999,0.984,0.958,0,0.5748,0.50525,0.50525,1.256,1.256,cuda:0,1000,500,compute_matched_er500,0.994,0.958,0.993,0.984,0.966,0.994,0.803,0.0,0.947,0.13,0.994,0.803,0.0,0.947,0.13
4,perm_069,none,perm_069,"[2,4,1,3,0]",2-4-1-3-0,experience_replay_compute_matched,500,er500_matched,PASS,0.0,0.0,10,128,160,10;8;8;8;8,800,160;160;160;160;160,800,100000,20000;20000;20000;20000;20000,100000,not_applicable,not_applicable,0.977,0.982,0.951,0,0.6462,0.4135,0.4135,1.266,1.266,cuda:0,1000,500,compute_matched_er500,0.994,0.951,0.995,0.982,0.963,0.994,0.822,0.029,0.944,0.442,0.994,0.822,0.029,0.944,0.442
5,perm_069,none,perm_069,"[2,4,1,3,0]",2-4-1-3-0,experience_replay_compute_matched,500,er500_matched,PASS,0.0,0.0,10,128,160,10;8;8;8;8,800,160;160;160;160;160,800,100000,20000;20000;20000;20000;20000,100000,not_applicable,not_applicable,0.9742000000000001,0.972,0.956,0,0.5418000000000001,0.5405,0.5405,1.251,1.251,cuda:0,1000,500,compute_matched_er500,0.992,0.956,0.991,0.972,0.96,0.992,0.776,0.0,0.941,0.0,0.992,0.776,0.0,0.941,0.0
6,perm_069,none,perm_069,"[2,4,1,3,0]",2-4-1-3-0,experience_replay_compute_matched,500,er500_matched,PASS,0.0,0.0,10,128,160,10;8;8;8;8,800,160;160;160;160;160,800,100000,20000;20000;20000;20000;20000,100000,not_applicable,not_applicable,0.9772000000000001,0.982,0.954,0,0.5603999999999999,0.521,0.521,1.262,1.262,cuda:0,1000,500,compute_matched_er500,0.993,0.954,0.995,0.982,0.962,0.993,0.752,0.001,0.958,0.098,0.993,0.752,0.001,0.958,0.098
7,perm_069,none,perm_069,"[2,4,1,3,0]",2-4-1-3-0,experience_replay_compute_matched,500,er500_matched,PASS,0.0,0.0,10,128,160,10;8;8;8;8,800,160;160;160;160;160,800,100000,20000;20000;20000;20000;20000,100000,not_applicable,not_applicable,0.975,0.971,0.958,0,0.6361999999999999,0.4235,0.4235,1.247,1.247,cuda:0,1000,500,compute_matched_er500,0.993,0.959,0.994,0.971,0.958,0.993,0.835,0.272,0.948,0.133,0.993,0.835,0.272,0.948,0.133
8,perm_069,none,perm_069,"[2,4,1,3,0]",2-4-1-3-0,experience_replay_compute_matched,500,er500_matched,PASS,0.0,0.0,10,128,160,10;8;8;8;8,800,160;160;160;160;160,800,100000,20000;20000;20000;20000;20000,100000,not_applicable,not_applicable,0.9784,0.98,0.962,0,0.5706,0.50975,0.50975,1.242,1.242,cuda:0,1000,500,compute_matched_er500,0.994,0.962,0.993,0.98,0.963,0.994,0.834,0.0,0.954,0.071,0.994,0.834,0.0,0.954,0.071
9,perm_069,none,perm_069,"[2,4,1,3,0]",2-4-1-3-0,experience_replay_compute_matched,500,er500_matched,PASS,0.0,0.0,10,128,160,10;8;8;8;8,800,160;160;160;160;160,800,100000,20000;20000;20000;20000;20000,100000,not_applicable,not_applicable,0.9788,0.983,0.956,0,0.5708,0.51,0.51,1.205,1.205,cuda:0,1000,500,compute_matched_er500,0.994,0.956,0.994,0.983,0.967,0.994,0.832,0.0,0.947,0.081,0.994,0.832,0.0,0.947,0.081
10,perm_069,none,perm_069,"[2,4,1,3,0]",2-4-1-3-0,experience_replay_compute_matched,500,er500_matched,PASS,0.0,0.0,10,128,160,10;8;8;8;8,800,160;160;160;160;160,800,100000,20000;20000;20000;20000;20000,100000,not_applicable,not_applicable,0.9762000000000001,0.977,0.952,0,0.5786,0.4969999999999999,0.4969999999999999,1.204,1.204,cuda:0,1000,500,compute_matched_er500,0.994,0.952,0.993,0.977,0.965,0.994,0.807,0.0,0.935,0.157,0.994,0.807,0.0,0.935,0.157
1,perm_070,none,perm_070,"[2,4,3,0,1]",2-4-3-0-1,experience_replay_compute_matched,500,er500_matched,PASS,0.0,0.0,10,128,160,10;8;8;8;8,800,160;160;160;160;160,800,100000,20000;20000;20000;20000;20000,100000,not_applicable,not_applicable,0.9763999999999999,0.97,0.959,0,0.5908,0.482,0.482,1.195,1.195,cuda:0,1000,500,compute_matched_er500,0.991,0.959,0.995,0.97,0.967,0.962,0.959,0.0,0.774,0.259,0.962,0.959,0.0,0.774,0.259
2,perm_070,none,perm_070,"[2,4,3,0,1]",2-4-3-0-1,experience_replay_compute_matched,500,er500_matched,PASS,0.0,0.0,10,128,160,10;8;8;8;8,800,160;160;160;160;160,800,100000,20000;20000;20000;20000;20000,100000,not_applicable,not_applicable,0.9781999999999998,0.97,0.964,0,0.5482,0.5375000000000001,0.5375000000000001,1.19,1.19,cuda:0,1000,500,compute_matched_er500,0.994,0.97,0.993,0.97,0.964,0.959,0.97,0.002,0.743,0.067,0.959,0.97,0.002,0.743,0.067
3,perm_070,none,perm_070,"[2,4,3,0,1]",2-4-3-0-1,experience_replay_compute_matched,500,er500_matched,PASS,0.0,0.0,10,128,160,10;8;8;8;8,800,160;160;160;160;160,800,100000,20000;20000;20000;20000;20000,100000,not_applicable,not_applicable,0.974,0.967,0.955,0,0.6334,0.42574999999999996,0.42574999999999996,1.2,1.2,cuda:0,1000,500,compute_matched_er500,0.994,0.955,0.995,0.967,0.959,0.981,0.955,0.247,0.757,0.227,0.981,0.955,0.247,0.757,0.227
4,perm_070,none,perm_070,"[2,4,3,0,1]",2-4-3-0-1,experience_replay_compute_matched,500,er500_matched,PASS,0.0,0.0,10,128,160,10;8;8;8;8,800,160;160;160;160;160,800,100000,20000;20000;20000;20000;20000,100000,not_applicable,not_applicable,0.9768000000000001,0.975,0.953,0,0.5011999999999999,0.5945,0.5945,1.202,1.202,cuda:0,1000,500,compute_matched_er500,0.993,0.953,0.993,0.975,0.97,0.976,0.953,0.063,0.512,0.002,0.976,0.953,0.063,0.512,0.002
5,perm_070,none,perm_070,"[2,4,3,0,1]",2-4-3-0-1,experience_replay_compute_matched,500,er500_matched,PASS,0.0,0.0,10,128,160,10;8;8;8;8,800,160;160;160;160;160,800,100000,20000;20000;20000;20000;20000,100000,not_applicable,not_applicable,0.9785999999999999,0.972,0.962,0,0.572,0.50825,0.50825,1.223,1.223,cuda:0,1000,500,compute_matched_er500,0.995,0.969,0.995,0.972,0.962,0.978,0.969,0.0,0.754,0.159,0.978,0.969,0.0,0.754,0.159
6,perm_070,none,perm_070,"[2,4,3,0,1]",2-4-3-0-1,experience_replay_compute_matched,500,er500_matched,PASS,0.0,0.0,10,128,160,10;8;8;8;8,800,160;160;160;160;160,800,100000,20000;20000;20000;20000;20000,100000,not_applicable,not_applicable,0.977,0.972,0.96,0,0.5851999999999999,0.48975,0.48975,1.233,1.233,cuda:0,1000,500,compute_matched_er500,0.993,0.967,0.993,0.972,0.96,0.969,0.967,0.108,0.647,0.235,0.969,0.967,0.108,0.647,0.235
7,perm_070,none,perm_070,"[2,4,3,0,1]",2-4-3-0-1,experience_replay_compute_matched,500,er500_matched,PASS,0.0,0.0,10,128,160,10;8;8;8;8,800,160;160;160;160;160,800,100000,20000;20000;20000;20000;20000,100000,not_applicable,not_applicable,0.9792,0.973,0.966,0,0.5206,0.57325,0.57325,1.206,1.206,cuda:0,1000,500,compute_matched_er500,0.994,0.966,0.994,0.973,0.969,0.969,0.966,0.001,0.661,0.006,0.969,0.966,0.001,0.661,0.006
8,perm_070,none,perm_070,"[2,4,3,0,1]",2-4-3-0-1,experience_replay_compute_matched,500,er500_matched,PASS,0.0,0.0,10,128,160,10;8;8;8;8,800,160;160;160;160;160,800,100000,20000;20000;20000;20000;20000,100000,not_applicable,not_applicable,0.9806000000000001,0.977,0.968,0,0.5718,0.511,0.511,1.194,1.194,cuda:0,1000,500,compute_matched_er500,0.996,0.968,0.994,0.977,0.968,0.974,0.968,0.002,0.771,0.144,0.974,0.968,0.002,0.771,0.144
9,perm_070,none,perm_070,"[2,4,3,0,1]",2-4-3-0-1,experience_replay_compute_matched,500,er500_matched,PASS,0.0,0.0,10,128,160,10;8;8;8;8,800,160;160;160;160;160,800,100000,20000;20000;20000;20000;20000,100000,not_applicable,not_applicable,0.9752000000000001,0.964,0.962,0,0.5864,0.486,0.486,1.188,1.188,cuda:0,1000,500,compute_matched_er500,0.995,0.962,0.993,0.964,0.962,0.979,0.962,0.022,0.684,0.285,0.979,0.962,0.022,0.684,0.285
10,perm_070,none,perm_070,"[2,4,3,0,1]",2-4-3-0-1,experience_replay_compute_matched,500,er500_matched,PASS,0.0,0.0,10,128,160,10;8;8;8;8,800,160;160;160;160;160,800,100000,20000;20000;20000;20000;20000,100000,not_applicable,not_applicable,0.977,0.971,0.956,0,0.5528,0.53025,0.53025,1.19,1.19,cuda:0,1000,500,compute_matched_er500,0.995,0.97,0.993,0.971,0.956,0.966,0.97,0.023,0.781,0.024,0.966,0.97,0.023,0.781,0.024
1,perm_071,none,perm_071,"[2,4,3,1,0]",2-4-3-1-0,experience_replay_compute_matched,500,er500_matched,PASS,0.0,0.0,10,128,160,10;8;8;8;8,800,160;160;160;160;160,800,100000,20000;20000;20000;20000;20000,100000,not_applicable,not_applicable,0.9763999999999999,0.971,0.957,0,0.6808,0.36949999999999994,0.36949999999999994,1.195,1.195,cuda:0,1000,500,compute_matched_er500,0.995,0.957,0.995,0.971,0.964,0.995,0.937,0.005,0.882,0.585,0.995,0.937,0.005,0.882,0.585
2,perm_071,none,perm_071,"[2,4,3,1,0]",2-4-3-1-0,experience_replay_compute_matched,500,er500_matched,PASS,0.0,0.0,10,128,160,10;8;8;8;8,800,160;160;160;160;160,800,100000,20000;20000;20000;20000;20000,100000,not_applicable,not_applicable,0.9764000000000002,0.97,0.958,0,0.5816000000000001,0.4935,0.4935,1.264,1.264,cuda:0,1000,500,compute_matched_er500,0.995,0.958,0.994,0.97,0.965,0.995,0.92,0.0,0.841,0.152,0.995,0.92,0.0,0.841,0.152
3,perm_071,none,perm_071,"[2,4,3,1,0]",2-4-3-1-0,experience_replay_compute_matched,500,er500_matched,PASS,0.0,0.0,10,128,160,10;8;8;8;8,800,160;160;160;160;160,800,100000,20000;20000;20000;20000;20000,100000,not_applicable,not_applicable,0.9776,0.973,0.957,0,0.6168,0.45099999999999996,0.45099999999999996,1.28,1.28,cuda:0,1000,500,compute_matched_er500,0.995,0.969,0.994,0.973,0.957,0.995,0.932,0.009,0.842,0.306,0.995,0.932,0.009,0.842,0.306
4,perm_071,none,perm_071,"[2,4,3,1,0]",2-4-3-1-0,experience_replay_compute_matched,500,er500_matched,PASS,0.0,0.0,10,128,160,10;8;8;8;8,800,160;160;160;160;160,800,100000,20000;20000;20000;20000;20000,100000,not_applicable,not_applicable,0.9777999999999999,0.972,0.964,0,0.6426000000000001,0.41899999999999993,0.41899999999999993,1.288,1.288,cuda:0,1000,500,compute_matched_er500,0.995,0.964,0.992,0.972,0.966,0.995,0.93,0.05,0.865,0.373,0.995,0.93,0.05,0.865,0.373
5,perm_071,none,perm_071,"[2,4,3,1,0]",2-4-3-1-0,experience_replay_compute_matched,500,er500_matched,PASS,0.0,0.0,10,128,160,10;8;8;8;8,800,160;160;160;160;160,800,100000,20000;20000;20000;20000;20000,100000,not_applicable,not_applicable,0.9794,0.977,0.963,0,0.634,0.43174999999999997,0.43174999999999997,1.273,1.273,cuda:0,1000,500,compute_matched_er500,0.995,0.963,0.995,0.977,0.967,0.995,0.931,0.028,0.856,0.36,0.995,0.931,0.028,0.856,0.36
6,perm_071,none,perm_071,"[2,4,3,1,0]",2-4-3-1-0,experience_replay_compute_matched,500,er500_matched,PASS,0.0,0.0,10,128,160,10;8;8;8;8,800,160;160;160;160;160,800,100000,20000;20000;20000;20000;20000,100000,not_applicable,not_applicable,0.9785999999999999,0.972,0.966,0,0.583,0.4945,0.4945,1.231,1.231,cuda:0,1000,500,compute_matched_er500,0.994,0.967,0.994,0.972,0.966,0.994,0.932,0.0,0.844,0.145,0.994,0.932,0.0,0.844,0.145
7,perm_071,none,perm_071,"[2,4,3,1,0]",2-4-3-1-0,experience_replay_compute_matched,500,er500_matched,PASS,0.0,0.0,10,128,160,10;8;8;8;8,800,160;160;160;160;160,800,100000,20000;20000;20000;20000;20000,100000,not_applicable,not_applicable,0.9786000000000001,0.97,0.966,0,0.6195999999999999,0.44875,0.44875,1.218,1.218,cuda:0,1000,500,compute_matched_er500,0.996,0.966,0.994,0.967,0.97,0.996,0.938,0.0,0.848,0.316,0.996,0.938,0.0,0.848,0.316
8,perm_071,none,perm_071,"[2,4,3,1,0]",2-4-3-1-0,experience_replay_compute_matched,500,er500_matched,PASS,0.0,0.0,10,128,160,10;8;8;8;8,800,160;160;160;160;160,800,100000,20000;20000;20000;20000;20000,100000,not_applicable,not_applicable,0.9773999999999999,0.976,0.954,0,0.6443999999999999,0.41625,0.41625,1.276,1.276,cuda:0,1000,500,compute_matched_er500,0.994,0.954,0.994,0.976,0.969,0.994,0.946,0.126,0.856,0.3,0.994,0.946,0.126,0.856,0.3
9,perm_071,none,perm_071,"[2,4,3,1,0]",2-4-3-1-0,experience_replay_compute_matched,500,er500_matched,PASS,0.0,0.0,10,128,160,10;8;8;8;8,800,160;160;160;160;160,800,100000,20000;20000;20000;20000;20000,100000,not_applicable,not_applicable,0.978,0.97,0.961,0,0.6184000000000001,0.44949999999999996,0.44949999999999996,1.284,1.284,cuda:0,1000,500,compute_matched_er500,0.997,0.97,0.993,0.969,0.961,0.997,0.926,0.0,0.847,0.322,0.997,0.926,0.0,0.847,0.322
10,perm_071,none,perm_071,"[2,4,3,1,0]",2-4-3-1-0,experience_replay_compute_matched,500,er500_matched,PASS,0.0,0.0,10,128,160,10;8;8;8;8,800,160;160;160;160;160,800,100000,20000;20000;20000;20000;20000,100000,not_applicable,not_applicable,0.9766,0.973,0.953,0,0.6244,0.44025,0.44025,1.271,1.271,cuda:0,1000,500,compute_matched_er500,0.995,0.967,0.995,0.973,0.953,0.995,0.938,0.0,0.823,0.366,0.995,0.938,0.0,0.823,0.366
1,perm_072,none,perm_072,"[3,0,1,2,4]",3-0-1-2-4,experience_replay_compute_matched,500,er500_matched,PASS,0.0,0.0,10,128,160,10;8;8;8;8,800,160;160;160;160;160,800,100000,20000;20000;20000;20000;20000,100000,not_applicable,not_applicable,0.9818,0.985,0.963,0,0.5900000000000001,0.48975,0.48975,1.27,1.27,cuda:0,1000,500,compute_matched_er500,0.994,0.972,0.985,0.995,0.963,0.581,0.52,0.886,0.0,0.963,0.581,0.52,0.886,0.0,0.963
2,perm_072,none,perm_072,"[3,0,1,2,4]",3-0-1-2-4,experience_replay_compute_matched,500,er500_matched,PASS,0.0,0.0,10,128,160,10;8;8;8;8,800,160;160;160;160;160,800,100000,20000;20000;20000;20000;20000,100000,not_applicable,not_applicable,0.9804,0.983,0.963,0,0.6284000000000001,0.44,0.44,1.259,1.259,cuda:0,1000,500,compute_matched_er500,0.996,0.965,0.983,0.995,0.963,0.6,0.601,0.883,0.095,0.963,0.6,0.601,0.883,0.095,0.963
3,perm_072,none,perm_072,"[3,0,1,2,4]",3-0-1-2-4,experience_replay_compute_matched,500,er500_matched,PASS,0.0,0.0,10,128,160,10;8;8;8;8,800,160;160;160;160;160,800,100000,20000;20000;20000;20000;20000,100000,not_applicable,not_applicable,0.9809999999999999,0.988,0.956,0,0.6658000000000001,0.394,0.394,1.272,1.272,cuda:0,1000,500,compute_matched_er500,0.993,0.973,0.988,0.995,0.956,0.762,0.593,0.895,0.123,0.956,0.762,0.593,0.895,0.123,0.956
4,perm_072,none,perm_072,"[3,0,1,2,4]",3-0-1-2-4,experience_replay_compute_matched,500,er500_matched,PASS,0.0,0.0,10,128,160,10;8;8;8;8,800,160;160;160;160;160,800,100000,20000;20000;20000;20000;20000,100000,not_applicable,not_applicable,0.983,0.983,0.96,0,0.5016,0.60175,0.60175,1.261,1.261,cuda:0,1000,500,compute_matched_er500,0.997,0.979,0.983,0.996,0.96,0.351,0.379,0.817,0.001,0.96,0.351,0.379,0.817,0.001,0.96
5,perm_072,none,perm_072,"[3,0,1,2,4]",3-0-1-2-4,experience_replay_compute_matched,500,er500_matched,PASS,0.0,0.0,10,128,160,10;8;8;8;8,800,160;160;160;160;160,800,100000,20000;20000;20000;20000;20000,100000,not_applicable,not_applicable,0.9809999999999999,0.981,0.964,0,0.6761999999999999,0.381,0.381,1.236,1.236,cuda:0,1000,500,compute_matched_er500,0.996,0.969,0.981,0.995,0.964,0.83,0.709,0.878,0.0,0.964,0.83,0.709,0.878,0.0,0.964
6,perm_072,none,perm_072,"[3,0,1,2,4]",3-0-1-2-4,experience_replay_compute_matched,500,er500_matched,PASS,0.0,0.0,10,128,160,10;8;8;8;8,800,160;160;160;160;160,800,100000,20000;20000;20000;20000;20000,100000,not_applicable,not_applicable,0.978,0.977,0.959,0,0.605,0.46624999999999994,0.46624999999999994,1.21,1.21,cuda:0,1000,500,compute_matched_er500,0.995,0.965,0.977,0.994,0.959,0.546,0.672,0.84,0.008,0.959,0.546,0.672,0.84,0.008,0.959
7,perm_072,none,perm_072,"[3,0,1,2,4]",3-0-1-2-4,experience_replay_compute_matched,500,er500_matched,PASS,0.0,0.0,10,128,160,10;8;8;8;8,800,160;160;160;160;160,800,100000,20000;20000;20000;20000;20000,100000,not_applicable,not_applicable,0.978,0.981,0.951,0,0.6396000000000001,0.423,0.423,1.22,1.22,cuda:0,1000,500,compute_matched_er500,0.996,0.967,0.981,0.995,0.951,0.735,0.623,0.886,0.003,0.951,0.735,0.623,0.886,0.003,0.951
8,perm_072,none,perm_072,"[3,0,1,2,4]",3-0-1-2-4,experience_replay_compute_matched,500,er500_matched,PASS,0.0,0.0,10,128,160,10;8;8;8;8,800,160;160;160;160;160,800,100000,20000;20000;20000;20000;20000,100000,not_applicable,not_applicable,0.9812,0.978,0.965,0,0.5788,0.503,0.503,1.218,1.218,cuda:0,1000,500,compute_matched_er500,0.996,0.973,0.978,0.994,0.965,0.536,0.561,0.825,0.007,0.965,0.536,0.561,0.825,0.007,0.965
9,perm_072,none,perm_072,"[3,0,1,2,4]",3-0-1-2-4,experience_replay_compute_matched,500,er500_matched,PASS,0.0,0.0,10,128,160,10;8;8;8;8,800,160;160;160;160;160,800,100000,20000;20000;20000;20000;20000,100000,not_applicable,not_applicable,0.9790000000000001,0.982,0.955,0,0.5666,0.5155,0.5155,1.252,1.252,cuda:0,1000,500,compute_matched_er500,0.996,0.967,0.982,0.995,0.955,0.366,0.66,0.852,0.0,0.955,0.366,0.66,0.852,0.0,0.955
10,perm_072,none,perm_072,"[3,0,1,2,4]",3-0-1-2-4,experience_replay_compute_matched,500,er500_matched,PASS,0.0,0.0,10,128,160,10;8;8;8;8,800,160;160;160;160;160,800,100000,20000;20000;20000;20000;20000,100000,not_applicable,not_applicable,0.9802,0.984,0.961,0,0.5988,0.47675,0.47675,1.172,1.172,cuda:0,1000,500,compute_matched_er500,0.996,0.966,0.984,0.994,0.961,0.592,0.589,0.852,0.0,0.961,0.592,0.589,0.852,0.0,0.961
1,perm_073,none,perm_073,"[3,0,1,4,2]",3-0-1-4-2,experience_replay_compute_matched,500,er500_matched,PASS,0.0,0.0,10,128,160,10;8;8;8;8,800,160;160;160;160;160,800,100000,20000;20000;20000;20000;20000,100000,not_applicable,not_applicable,0.9822000000000001,0.985,0.964,0,0.599,0.479,0.479,1.169,1.169,cuda:0,1000,500,compute_matched_er500,0.996,0.971,0.985,0.995,0.964,0.471,0.7,0.985,0.0,0.839,0.471,0.7,0.985,0.0,0.839
2,perm_073,none,perm_073,"[3,0,1,4,2]",3-0-1-4-2,experience_replay_compute_matched,500,er500_matched,PASS,0.0,0.0,10,128,160,10;8;8;8;8,800,160;160;160;160;160,800,100000,20000;20000;20000;20000;20000,100000,not_applicable,not_applicable,0.9812000000000001,0.977,0.968,0,0.5464,0.5435,0.5435,1.181,1.181,cuda:0,1000,500,compute_matched_er500,0.996,0.968,0.977,0.994,0.971,0.345,0.635,0.977,0.0,0.775,0.345,0.635,0.977,0.0,0.775
3,perm_073,none,perm_073,"[3,0,1,4,2]",3-0-1-4-2,experience_replay_compute_matched,500,er500_matched,PASS,0.0,0.0,10,128,160,10;8;8;8;8,800,160;160;160;160;160,800,100000,20000;20000;20000;20000;20000,100000,not_applicable,not_applicable,0.9832000000000001,0.986,0.97,0,0.5936,0.487,0.487,1.203,1.203,cuda:0,1000,500,compute_matched_er500,0.993,0.97,0.986,0.995,0.972,0.389,0.739,0.986,0.059,0.795,0.389,0.739,0.986,0.059,0.795
4,perm_073,none,perm_073,"[3,0,1,4,2]",3-0-1-4-2,experience_replay_compute_matched,500,er500_matched,PASS,0.0,0.0,10,128,160,10;8;8;8;8,800,160;160;160;160;160,800,100000,20000;20000;20000;20000;20000,100000,not_applicable,not_applicable,0.9823999999999999,0.984,0.968,0,0.5678,0.51825,0.51825,1.187,1.187,cuda:0,1000,500,compute_matched_er500,0.992,0.973,0.984,0.995,0.968,0.366,0.704,0.984,0.003,0.782,0.366,0.704,0.984,0.003,0.782
5,perm_073,none,perm_073,"[3,0,1,4,2]",3-0-1-4-2,experience_replay_compute_matched,500,er500_matched,PASS,0.0,0.0,10,128,160,10;8;8;8;8,800,160;160;160;160;160,800,100000,20000;20000;20000;20000;20000,100000,not_applicable,not_applicable,0.9852000000000001,0.987,0.972,0,0.5858000000000001,0.49925,0.49925,1.191,1.191,cuda:0,1000,500,compute_matched_er500,0.995,0.977,0.987,0.995,0.972,0.447,0.706,0.987,0.001,0.788,0.447,0.706,0.987,0.001,0.788
6,perm_073,none,perm_073,"[3,0,1,4,2]",3-0-1-4-2,experience_replay_compute_matched,500,er500_matched,PASS,0.0,0.0,10,128,160,10;8;8;8;8,800,160;160;160;160;160,800,100000,20000;20000;20000;20000;20000,100000,not_applicable,not_applicable,0.9819999999999999,0.986,0.964,0,0.6264,0.44449999999999995,0.44449999999999995,1.178,1.178,cuda:0,1000,500,compute_matched_er500,0.996,0.964,0.986,0.994,0.97,0.587,0.684,0.986,0.0,0.875,0.587,0.684,0.986,0.0,0.875
7,perm_073,none,perm_073,"[3,0,1,4,2]",3-0-1-4-2,experience_replay_compute_matched,500,er500_matched,PASS,0.0,0.0,10,128,160,10;8;8;8;8,800,160;160;160;160;160,800,100000,20000;20000;20000;20000;20000,100000,not_applicable,not_applicable,0.9800000000000001,0.982,0.963,0,0.5976,0.47800000000000004,0.47800000000000004,1.175,1.175,cuda:0,1000,500,compute_matched_er500,0.995,0.964,0.982,0.996,0.963,0.474,0.6,0.982,0.08,0.852,0.474,0.6,0.982,0.08,0.852
8,perm_073,none,perm_073,"[3,0,1,4,2]",3-0-1-4-2,experience_replay_compute_matched,500,er500_matched,PASS,0.0,0.0,10,128,160,10;8;8;8;8,800,160;160;160;160;160,800,100000,20000;20000;20000;20000;20000,100000,not_applicable,not_applicable,0.985,0.988,0.969,0,0.5892,0.49475,0.49475,1.204,1.204,cuda:0,1000,500,compute_matched_er500,0.997,0.969,0.988,0.995,0.976,0.413,0.688,0.988,0.0,0.857,0.413,0.688,0.988,0.0,0.857
9,perm_073,none,perm_073,"[3,0,1,4,2]",3-0-1-4-2,experience_replay_compute_matched,500,er500_matched,PASS,0.0,0.0,10,128,160,10;8;8;8;8,800,160;160;160;160;160,800,100000,20000;20000;20000;20000;20000,100000,not_applicable,not_applicable,0.9823999999999999,0.987,0.963,0,0.5954,0.4837499999999999,0.4837499999999999,1.219,1.219,cuda:0,1000,500,compute_matched_er500,0.996,0.971,0.987,0.995,0.963,0.435,0.681,0.987,0.029,0.845,0.435,0.681,0.987,0.029,0.845
10,perm_073,none,perm_073,"[3,0,1,4,2]",3-0-1-4-2,experience_replay_compute_matched,500,er500_matched,PASS,0.0,0.0,10,128,160,10;8;8;8;8,800,160;160;160;160;160,800,100000,20000;20000;20000;20000;20000,100000,not_applicable,not_applicable,0.9815999999999999,0.983,0.966,0,0.6436,0.4225,0.4225,1.222,1.222,cuda:0,1000,500,compute_matched_er500,0.992,0.973,0.983,0.994,0.966,0.682,0.718,0.983,0.0,0.835,0.682,0.718,0.983,0.0,0.835
1,perm_074,none,perm_074,"[3,0,2,1,4]",3-0-2-1-4,experience_replay_compute_matched,500,er500_matched,PASS,0.0,0.0,10,128,160,10;8;8;8;8,800,160;160;160;160;160,800,100000,20000;20000;20000;20000;20000,100000,not_applicable,not_applicable,0.977,0.983,0.948,0,0.5424,0.54325,0.54325,1.241,1.241,cuda:0,1000,500,compute_matched_er500,0.993,0.948,0.983,0.995,0.966,0.667,0.881,0.198,0.0,0.966,0.667,0.881,0.198,0.0,0.966
2,perm_074,none,perm_074,"[3,0,2,1,4]",3-0-2-1-4,experience_replay_compute_matched,500,er500_matched,PASS,0.0,0.0,10,128,160,10;8;8;8;8,800,160;160;160;160;160,800,100000,20000;20000;20000;20000;20000,100000,not_applicable,not_applicable,0.9822,0.98,0.967,0,0.48179999999999995,0.6255,0.6255,1.202,1.202,cuda:0,1000,500,compute_matched_er500,0.994,0.967,0.98,0.995,0.975,0.139,0.883,0.234,0.178,0.975,0.139,0.883,0.234,0.178,0.975
3,perm_074,none,perm_074,"[3,0,2,1,4]",3-0-2-1-4,experience_replay_compute_matched,500,er500_matched,PASS,0.0,0.0,10,128,160,10;8;8;8;8,800,160;160;160;160;160,800,100000,20000;20000;20000;20000;20000,100000,not_applicable,not_applicable,0.9804,0.987,0.952,0,0.5662,0.51775,0.51775,1.203,1.203,cuda:0,1000,500,compute_matched_er500,0.995,0.952,0.987,0.995,0.973,0.681,0.891,0.286,0.0,0.973,0.681,0.891,0.286,0.0,0.973
4,perm_074,none,perm_074,"[3,0,2,1,4]",3-0-2-1-4,experience_replay_compute_matched,500,er500_matched,PASS,0.0,0.0,10,128,160,10;8;8;8;8,800,160;160;160;160;160,800,100000,20000;20000;20000;20000;20000,100000,not_applicable,not_applicable,0.9804,0.983,0.955,0,0.5922,0.48524999999999996,0.48524999999999996,1.255,1.255,cuda:0,1000,500,compute_matched_er500,0.996,0.955,0.983,0.995,0.973,0.677,0.873,0.437,0.001,0.973,0.677,0.873,0.437,0.001,0.973
5,perm_074,none,perm_074,"[3,0,2,1,4]",3-0-2-1-4,experience_replay_compute_matched,500,er500_matched,PASS,0.0,0.0,10,128,160,10;8;8;8;8,800,160;160;160;160;160,800,100000,20000;20000;20000;20000;20000,100000,not_applicable,not_applicable,0.9827999999999999,0.991,0.961,0,0.491,0.61475,0.61475,1.318,1.318,cuda:0,1000,500,compute_matched_er500,0.995,0.961,0.991,0.995,0.972,0.483,0.88,0.117,0.003,0.972,0.483,0.88,0.117,0.003,0.972
6,perm_074,none,perm_074,"[3,0,2,1,4]",3-0-2-1-4,experience_replay_compute_matched,500,er500_matched,PASS,0.0,0.0,10,128,160,10;8;8;8;8,800,160;160;160;160;160,800,100000,20000;20000;20000;20000;20000,100000,not_applicable,not_applicable,0.9815999999999999,0.986,0.958,0,0.48979999999999996,0.6147499999999999,0.6147499999999999,1.302,1.302,cuda:0,1000,500,compute_matched_er500,0.995,0.958,0.986,0.994,0.975,0.318,0.868,0.288,0.0,0.975,0.318,0.868,0.288,0.0,0.975
7,perm_074,none,perm_074,"[3,0,2,1,4]",3-0-2-1-4,experience_replay_compute_matched,500,er500_matched,PASS,0.0,0.0,10,128,160,10;8;8;8;8,800,160;160;160;160;160,800,100000,20000;20000;20000;20000;20000,100000,not_applicable,not_applicable,0.9798,0.985,0.957,0,0.4986,0.6015,0.6015,1.359,1.359,cuda:0,1000,500,compute_matched_er500,0.994,0.957,0.985,0.994,0.969,0.509,0.868,0.104,0.043,0.969,0.509,0.868,0.104,0.043,0.969
8,perm_074,none,perm_074,"[3,0,2,1,4]",3-0-2-1-4,experience_replay_compute_matched,500,er500_matched,PASS,0.0,0.0,10,128,160,10;8;8;8;8,800,160;160;160;160;160,800,100000,20000;20000;20000;20000;20000,100000,not_applicable,not_applicable,0.9818,0.985,0.959,0,0.5327999999999999,0.56125,0.56125,1.332,1.332,cuda:0,1000,500,compute_matched_er500,0.994,0.959,0.985,0.995,0.976,0.674,0.85,0.164,0.0,0.976,0.674,0.85,0.164,0.0,0.976
9,perm_074,none,perm_074,"[3,0,2,1,4]",3-0-2-1-4,experience_replay_compute_matched,500,er500_matched,PASS,0.0,0.0,10,128,160,10;8;8;8;8,800,160;160;160;160;160,800,100000,20000;20000;20000;20000;20000,100000,not_applicable,not_applicable,0.982,0.984,0.968,0,0.5278,0.56775,0.56775,1.337,1.337,cuda:0,1000,500,compute_matched_er500,0.993,0.968,0.984,0.995,0.97,0.609,0.886,0.174,0.0,0.97,0.609,0.886,0.174,0.0,0.97
10,perm_074,none,perm_074,"[3,0,2,1,4]",3-0-2-1-4,experience_replay_compute_matched,500,er500_matched,PASS,0.0,0.0,10,128,160,10;8;8;8;8,800,160;160;160;160;160,800,100000,20000;20000;20000;20000;20000,100000,not_applicable,not_applicable,0.9831999999999999,0.988,0.97,0,0.4968,0.608,0.608,1.278,1.278,cuda:0,1000,500,compute_matched_er500,0.993,0.97,0.988,0.995,0.97,0.306,0.853,0.338,0.017,0.97,0.306,0.853,0.338,0.017,0.97
1,perm_075,none,perm_075,"[3,0,2,4,1]",3-0-2-4-1,experience_replay_compute_matched,500,er500_matched,PASS,0.0,0.0,10,128,160,10;8;8;8;8,800,160;160;160;160;160,800,100000,20000;20000;20000;20000;20000,100000,not_applicable,not_applicable,0.978,0.984,0.956,0,0.5074,0.5882499999999999,0.5882499999999999,1.247,1.247,cuda:0,1000,500,compute_matched_er500,0.995,0.962,0.984,0.993,0.956,0.181,0.962,0.553,0.0,0.841,0.181,0.962,0.553,0.0,0.841
2,perm_075,none,perm_075,"[3,0,2,4,1]",3-0-2-4-1,experience_replay_compute_matched,500,er500_matched,PASS,0.0,0.0,10,128,160,10;8;8;8;8,800,160;160;160;160;160,800,100000,20000;20000;20000;20000;20000,100000,not_applicable,not_applicable,0.9757999999999999,0.986,0.946,0,0.5396,0.54525,0.54525,1.259,1.259,cuda:0,1000,500,compute_matched_er500,0.997,0.946,0.986,0.995,0.955,0.232,0.946,0.685,0.004,0.831,0.232,0.946,0.685,0.004,0.831
3,perm_075,none,perm_075,"[3,0,2,4,1]",3-0-2-4-1,experience_replay_compute_matched,500,er500_matched,PASS,0.0,0.0,10,128,160,10;8;8;8;8,800,160;160;160;160;160,800,100000,20000;20000;20000;20000;20000,100000,not_applicable,not_applicable,0.9809999999999999,0.989,0.959,0,0.6328,0.43524999999999997,0.43524999999999997,1.257,1.257,cuda:0,1000,500,compute_matched_er500,0.995,0.959,0.989,0.996,0.966,0.707,0.959,0.635,0.0,0.863,0.707,0.959,0.635,0.0,0.863
4,perm_075,none,perm_075,"[3,0,2,4,1]",3-0-2-4-1,experience_replay_compute_matched,500,er500_matched,PASS,0.0,0.0,10,128,160,10;8;8;8;8,800,160;160;160;160;160,800,100000,20000;20000;20000;20000;20000,100000,not_applicable,not_applicable,0.9767999999999999,0.984,0.953,0,0.5,0.5959999999999999,0.5959999999999999,1.244,1.244,cuda:0,1000,500,compute_matched_er500,0.995,0.958,0.984,0.994,0.953,0.321,0.958,0.363,0.0,0.858,0.321,0.958,0.363,0.0,0.858
5,perm_075,none,perm_075,"[3,0,2,4,1]",3-0-2-4-1,experience_replay_compute_matched,500,er500_matched,PASS,0.0,0.0,10,128,160,10;8;8;8;8,800,160;160;160;160;160,800,100000,20000;20000;20000;20000;20000,100000,not_applicable,not_applicable,0.9795999999999999,0.989,0.957,0,0.576,0.5045,0.5045,1.248,1.248,cuda:0,1000,500,compute_matched_er500,0.994,0.963,0.989,0.995,0.957,0.461,0.963,0.585,0.0,0.871,0.461,0.963,0.585,0.0,0.871
6,perm_075,none,perm_075,"[3,0,2,4,1]",3-0-2-4-1,experience_replay_compute_matched,500,er500_matched,PASS,0.0,0.0,10,128,160,10;8;8;8;8,800,160;160;160;160;160,800,100000,20000;20000;20000;20000;20000,100000,not_applicable,not_applicable,0.9782,0.985,0.956,0,0.5551999999999999,0.5287499999999999,0.5287499999999999,1.245,1.245,cuda:0,1000,500,compute_matched_er500,0.995,0.956,0.985,0.994,0.961,0.351,0.956,0.628,0.0,0.841,0.351,0.956,0.628,0.0,0.841
7,perm_075,none,perm_075,"[3,0,2,4,1]",3-0-2-4-1,experience_replay_compute_matched,500,er500_matched,PASS,0.0,0.0,10,128,160,10;8;8;8;8,800,160;160;160;160;160,800,100000,20000;20000;20000;20000;20000,100000,not_applicable,not_applicable,0.9800000000000001,0.989,0.96,0,0.4878,0.6152500000000001,0.6152500000000001,1.36,1.36,cuda:0,1000,500,compute_matched_er500,0.995,0.961,0.989,0.995,0.96,0.08,0.961,0.545,0.082,0.771,0.08,0.961,0.545,0.082,0.771
8,perm_075,none,perm_075,"[3,0,2,4,1]",3-0-2-4-1,experience_replay_compute_matched,500,er500_matched,PASS,0.0,0.0,10,128,160,10;8;8;8;8,800,160;160;160;160;160,800,100000,20000;20000;20000;20000;20000,100000,not_applicable,not_applicable,0.9795999999999999,0.987,0.954,0,0.5276,0.5650000000000001,0.5650000000000001,1.477,1.477,cuda:0,1000,500,compute_matched_er500,0.996,0.954,0.987,0.995,0.966,0.184,0.954,0.61,0.0,0.89,0.184,0.954,0.61,0.0,0.89
9,perm_075,none,perm_075,"[3,0,2,4,1]",3-0-2-4-1,experience_replay_compute_matched,500,er500_matched,PASS,0.0,0.0,10,128,160,10;8;8;8;8,800,160;160;160;160;160,800,100000,20000;20000;20000;20000;20000,100000,not_applicable,not_applicable,0.9756,0.985,0.951,0,0.5192,0.5705,0.5705,1.464,1.464,cuda:0,1000,500,compute_matched_er500,0.996,0.951,0.985,0.994,0.952,0.414,0.951,0.368,0.0,0.863,0.414,0.951,0.368,0.0,0.863
10,perm_075,none,perm_075,"[3,0,2,4,1]",3-0-2-4-1,experience_replay_compute_matched,500,er500_matched,PASS,0.0,0.0,10,128,160,10;8;8;8;8,800,160;160;160;160;160,800,100000,20000;20000;20000;20000;20000,100000,not_applicable,not_applicable,0.978,0.986,0.955,0,0.4396,0.6729999999999999,0.6729999999999999,1.478,1.478,cuda:0,1000,500,compute_matched_er500,0.996,0.955,0.986,0.993,0.96,0.052,0.955,0.39,0.0,0.801,0.052,0.955,0.39,0.0,0.801
1,perm_076,none,perm_076,"[3,0,4,1,2]",3-0-4-1-2,experience_replay_compute_matched,500,er500_matched,PASS,0.0,0.0,10,128,160,10;8;8;8;8,800,160;160;160;160;160,800,100000,20000;20000;20000;20000;20000,100000,not_applicable,not_applicable,0.9777999999999999,0.979,0.945,0,0.5004000000000001,0.59675,0.59675,1.454,1.454,cuda:0,1000,500,compute_matched_er500,0.996,0.945,0.979,0.995,0.974,0.423,0.873,0.979,0.007,0.22,0.423,0.873,0.979,0.007,0.22
2,perm_076,none,perm_076,"[3,0,4,1,2]",3-0-4-1-2,experience_replay_compute_matched,500,er500_matched,PASS,0.0,0.0,10,128,160,10;8;8;8;8,800,160;160;160;160;160,800,100000,20000;20000;20000;20000;20000,100000,not_applicable,not_applicable,0.9826,0.986,0.963,0,0.4911999999999999,0.61425,0.61425,1.466,1.466,cuda:0,1000,500,compute_matched_er500,0.997,0.963,0.986,0.995,0.972,0.392,0.858,0.986,0.207,0.013,0.392,0.858,0.986,0.207,0.013
3,perm_076,none,perm_076,"[3,0,4,1,2]",3-0-4-1-2,experience_replay_compute_matched,500,er500_matched,PASS,0.0,0.0,10,128,160,10;8;8;8;8,800,160;160;160;160;160,800,100000,20000;20000;20000;20000;20000,100000,not_applicable,not_applicable,0.9809999999999999,0.984,0.956,0,0.518,0.57875,0.57875,1.46,1.46,cuda:0,1000,500,compute_matched_er500,0.994,0.956,0.984,0.995,0.976,0.576,0.865,0.984,0.0,0.165,0.576,0.865,0.984,0.0,0.165
4,perm_076,none,perm_076,"[3,0,4,1,2]",3-0-4-1-2,experience_replay_compute_matched,500,er500_matched,PASS,0.0,0.0,10,128,160,10;8;8;8;8,800,160;160;160;160;160,800,100000,20000;20000;20000;20000;20000,100000,not_applicable,not_applicable,0.9814,0.983,0.955,0,0.4842000000000001,0.6214999999999999,0.6214999999999999,1.833,1.833,cuda:0,1000,500,compute_matched_er500,0.997,0.955,0.983,0.994,0.978,0.539,0.867,0.983,0.02,0.012,0.539,0.867,0.983,0.02,0.012
5,perm_076,none,perm_076,"[3,0,4,1,2]",3-0-4-1-2,experience_replay_compute_matched,500,er500_matched,PASS,0.0,0.0,10,128,160,10;8;8;8;8,800,160;160;160;160;160,800,100000,20000;20000;20000;20000;20000,100000,not_applicable,not_applicable,0.9822000000000001,0.985,0.955,0,0.4805999999999999,0.627,0.627,1.516,1.516,cuda:0,1000,500,compute_matched_er500,0.996,0.955,0.985,0.995,0.98,0.396,0.882,0.985,0.013,0.127,0.396,0.882,0.985,0.013,0.127
6,perm_076,none,perm_076,"[3,0,4,1,2]",3-0-4-1-2,experience_replay_compute_matched,500,er500_matched,PASS,0.0,0.0,10,128,160,10;8;8;8;8,800,160;160;160;160;160,800,100000,20000;20000;20000;20000;20000,100000,not_applicable,not_applicable,0.9792,0.976,0.956,0,0.587,0.49024999999999996,0.49024999999999996,1.478,1.478,cuda:0,1000,500,compute_matched_er500,0.995,0.956,0.974,0.995,0.976,0.416,0.913,0.974,0.161,0.471,0.416,0.913,0.974,0.161,0.471
7,perm_076,none,perm_076,"[3,0,4,1,2]",3-0-4-1-2,experience_replay_compute_matched,500,er500_matched,PASS,0.0,0.0,10,128,160,10;8;8;8;8,800,160;160;160;160;160,800,100000,20000;20000;20000;20000;20000,100000,not_applicable,not_applicable,0.9804,0.983,0.955,0,0.5612,0.5239999999999999,0.5239999999999999,1.421,1.421,cuda:0,1000,500,compute_matched_er500,0.995,0.955,0.983,0.996,0.973,0.637,0.887,0.983,0.158,0.141,0.637,0.887,0.983,0.158,0.141
8,perm_076,none,perm_076,"[3,0,4,1,2]",3-0-4-1-2,experience_replay_compute_matched,500,er500_matched,PASS,0.0,0.0,10,128,160,10;8;8;8;8,800,160;160;160;160;160,800,100000,20000;20000;20000;20000;20000,100000,not_applicable,not_applicable,0.9800000000000001,0.984,0.948,0,0.4688,0.639,0.639,1.378,1.378,cuda:0,1000,500,compute_matched_er500,0.995,0.948,0.984,0.994,0.979,0.441,0.857,0.984,0.0,0.062,0.441,0.857,0.984,0.0,0.062
9,perm_076,none,perm_076,"[3,0,4,1,2]",3-0-4-1-2,experience_replay_compute_matched,500,er500_matched,PASS,0.0,0.0,10,128,160,10;8;8;8;8,800,160;160;160;160;160,800,100000,20000;20000;20000;20000;20000,100000,not_applicable,not_applicable,0.9823999999999998,0.98,0.962,0,0.5726,0.5122500000000001,0.5122500000000001,1.388,1.388,cuda:0,1000,500,compute_matched_er500,0.997,0.962,0.98,0.995,0.978,0.461,0.867,0.98,0.111,0.444,0.461,0.867,0.98,0.111,0.444
10,perm_076,none,perm_076,"[3,0,4,1,2]",3-0-4-1-2,experience_replay_compute_matched,500,er500_matched,PASS,0.0,0.0,10,128,160,10;8;8;8;8,800,160;160;160;160;160,800,100000,20000;20000;20000;20000;20000,100000,not_applicable,not_applicable,0.9827999999999999,0.98,0.966,0,0.5124,0.588,0.588,1.37,1.37,cuda:0,1000,500,compute_matched_er500,0.995,0.966,0.98,0.993,0.98,0.459,0.875,0.98,0.01,0.238,0.459,0.875,0.98,0.01,0.238
1,perm_077,none,perm_077,"[3,0,4,2,1]",3-0-4-2-1,experience_replay_compute_matched,500,er500_matched,PASS,0.0,0.0,10,128,160,10;8;8;8;8,800,160;160;160;160;160,800,100000,20000;20000;20000;20000;20000,100000,not_applicable,not_applicable,0.9802,0.985,0.95,0,0.6224000000000001,0.44725,0.44725,1.373,1.373,cuda:0,1000,500,compute_matched_er500,0.995,0.95,0.985,0.994,0.977,0.703,0.95,0.928,0.0,0.531,0.703,0.95,0.928,0.0,0.531
2,perm_077,none,perm_077,"[3,0,4,2,1]",3-0-4-2-1,experience_replay_compute_matched,500,er500_matched,PASS,0.0,0.0,10,128,160,10;8;8;8;8,800,160;160;160;160;160,800,100000,20000;20000;20000;20000;20000,100000,not_applicable,not_applicable,0.9816,0.987,0.953,0,0.6182,0.45425000000000004,0.45425000000000004,1.372,1.372,cuda:0,1000,500,compute_matched_er500,0.997,0.953,0.987,0.996,0.975,0.634,0.953,0.913,0.006,0.585,0.634,0.953,0.913,0.006,0.585
3,perm_077,none,perm_077,"[3,0,4,2,1]",3-0-4-2-1,experience_replay_compute_matched,500,er500_matched,PASS,0.0,0.0,10,128,160,10;8;8;8;8,800,160;160;160;160;160,800,100000,20000;20000;20000;20000;20000,100000,not_applicable,not_applicable,0.9799999999999999,0.984,0.962,0,0.5306000000000001,0.56175,0.56175,1.411,1.411,cuda:0,1000,500,compute_matched_er500,0.993,0.962,0.984,0.995,0.966,0.29,0.962,0.909,0.087,0.405,0.29,0.962,0.909,0.087,0.405
4,perm_077,none,perm_077,"[3,0,4,2,1]",3-0-4-2-1,experience_replay_compute_matched,500,er500_matched,PASS,0.0,0.0,10,128,160,10;8;8;8;8,800,160;160;160;160;160,800,100000,20000;20000;20000;20000;20000,100000,not_applicable,not_applicable,0.984,0.986,0.963,0,0.514,0.5874999999999999,0.5874999999999999,1.386,1.386,cuda:0,1000,500,compute_matched_er500,0.997,0.963,0.986,0.995,0.979,0.29,0.963,0.862,0.015,0.44,0.29,0.963,0.862,0.015,0.44
5,perm_077,none,perm_077,"[3,0,4,2,1]",3-0-4-2-1,experience_replay_compute_matched,500,er500_matched,PASS,0.0,0.0,10,128,160,10;8;8;8;8,800,160;160;160;160;160,800,100000,20000;20000;20000;20000;20000,100000,not_applicable,not_applicable,0.9826,0.987,0.96,0,0.575,0.5095,0.5095,1.177,1.177,cuda:0,1000,500,compute_matched_er500,0.994,0.96,0.987,0.995,0.977,0.532,0.96,0.904,0.126,0.353,0.532,0.96,0.904,0.126,0.353
6,perm_077,none,perm_077,"[3,0,4,2,1]",3-0-4-2-1,experience_replay_compute_matched,500,er500_matched,PASS,0.0,0.0,10,128,160,10;8;8;8;8,800,160;160;160;160;160,800,100000,20000;20000;20000;20000;20000,100000,not_applicable,not_applicable,0.9823999999999999,0.984,0.967,0,0.48860000000000003,0.61725,0.61725,1.167,1.167,cuda:0,1000,500,compute_matched_er500,0.995,0.967,0.984,0.994,0.972,0.168,0.967,0.91,0.0,0.398,0.168,0.967,0.91,0.0,0.398
7,perm_077,none,perm_077,"[3,0,4,2,1]",3-0-4-2-1,experience_replay_compute_matched,500,er500_matched,PASS,0.0,0.0,10,128,160,10;8;8;8;8,800,160;160;160;160;160,800,100000,20000;20000;20000;20000;20000,100000,not_applicable,not_applicable,0.9814,0.984,0.955,0,0.45840000000000003,0.6537499999999999,0.6537499999999999,1.163,1.163,cuda:0,1000,500,compute_matched_er500,0.995,0.955,0.984,0.995,0.978,0.255,0.955,0.913,0.047,0.122,0.255,0.955,0.913,0.047,0.122
8,perm_077,none,perm_077,"[3,0,4,2,1]",3-0-4-2-1,experience_replay_compute_matched,500,er500_matched,PASS,0.0,0.0,10,128,160,10;8;8;8;8,800,160;160;160;160;160,800,100000,20000;20000;20000;20000;20000,100000,not_applicable,not_applicable,0.9785999999999999,0.98,0.949,0,0.5898,0.486,0.486,1.172,1.172,cuda:0,1000,500,compute_matched_er500,0.994,0.949,0.98,0.994,0.976,0.436,0.949,0.874,0.128,0.562,0.436,0.949,0.874,0.128,0.562
9,perm_077,none,perm_077,"[3,0,4,2,1]",3-0-4-2-1,experience_replay_compute_matched,500,er500_matched,PASS,0.0,0.0,10,128,160,10;8;8;8;8,800,160;160;160;160;160,800,100000,20000;20000;20000;20000;20000,100000,not_applicable,not_applicable,0.9822000000000001,0.982,0.961,0,0.5686,0.517,0.517,1.174,1.174,cuda:0,1000,500,compute_matched_er500,0.996,0.961,0.982,0.995,0.977,0.429,0.961,0.911,0.137,0.405,0.429,0.961,0.911,0.137,0.405
10,perm_077,none,perm_077,"[3,0,4,2,1]",3-0-4-2-1,experience_replay_compute_matched,500,er500_matched,PASS,0.0,0.0,10,128,160,10;8;8;8;8,800,160;160;160;160;160,800,100000,20000;20000;20000;20000;20000,100000,not_applicable,not_applicable,0.9805999999999999,0.989,0.953,0,0.43600000000000005,0.68075,0.68075,1.183,1.183,cuda:0,1000,500,compute_matched_er500,0.994,0.953,0.989,0.994,0.973,0.0,0.953,0.926,0.0,0.301,0.0,0.953,0.926,0.0,0.301
1,perm_078,none,perm_078,"[3,1,0,2,4]",3-1-0-2-4,experience_replay_compute_matched,500,er500_matched,PASS,0.0,0.0,10,128,160,10;8;8;8;8,800,160;160;160;160;160,800,100000,20000;20000;20000;20000;20000,100000,not_applicable,not_applicable,0.976,0.994,0.936,0,0.5354,0.5507500000000001,0.5507500000000001,1.176,1.176,cuda:0,1000,500,compute_matched_er500,0.996,0.96,0.994,0.994,0.936,0.864,0.0,0.877,0.0,0.936,0.864,0.0,0.877,0.0,0.936
2,perm_078,none,perm_078,"[3,1,0,2,4]",3-1-0-2-4,experience_replay_compute_matched,500,er500_matched,PASS,0.0,0.0,10,128,160,10;8;8;8;8,800,160;160;160;160;160,800,100000,20000;20000;20000;20000;20000,100000,not_applicable,not_applicable,0.9798,0.984,0.959,0,0.558,0.52725,0.52725,1.185,1.185,cuda:0,1000,500,compute_matched_er500,0.995,0.966,0.984,0.995,0.959,0.883,0.108,0.84,0.0,0.959,0.883,0.108,0.84,0.0,0.959
3,perm_078,none,perm_078,"[3,1,0,2,4]",3-1-0-2-4,experience_replay_compute_matched,500,er500_matched,PASS,0.0,0.0,10,128,160,10;8;8;8;8,800,160;160;160;160;160,800,100000,20000;20000;20000;20000;20000,100000,not_applicable,not_applicable,0.9802,0.99,0.956,0,0.5801999999999999,0.5,0.5,1.21,1.21,cuda:0,1000,500,compute_matched_er500,0.996,0.964,0.99,0.995,0.956,0.861,0.246,0.836,0.002,0.956,0.861,0.246,0.836,0.002,0.956
4,perm_078,none,perm_078,"[3,1,0,2,4]",3-1-0-2-4,experience_replay_compute_matched,500,er500_matched,PASS,0.0,0.0,10,128,160,10;8;8;8;8,800,160;160;160;160;160,800,100000,20000;20000;20000;20000;20000,100000,not_applicable,not_applicable,0.9808,0.992,0.957,0,0.599,0.47724999999999995,0.47724999999999995,1.201,1.201,cuda:0,1000,500,compute_matched_er500,0.996,0.964,0.992,0.995,0.957,0.915,0.265,0.858,0.0,0.957,0.915,0.265,0.858,0.0,0.957
5,perm_078,none,perm_078,"[3,1,0,2,4]",3-1-0-2-4,experience_replay_compute_matched,500,er500_matched,PASS,0.0,0.0,10,128,160,10;8;8;8;8,800,160;160;160;160;160,800,100000,20000;20000;20000;20000;20000,100000,not_applicable,not_applicable,0.9792,0.989,0.955,0,0.557,0.5277499999999999,0.5277499999999999,1.209,1.209,cuda:0,1000,500,compute_matched_er500,0.996,0.961,0.989,0.995,0.955,0.88,0.064,0.886,0.0,0.955,0.88,0.064,0.886,0.0,0.955
6,perm_078,none,perm_078,"[3,1,0,2,4]",3-1-0-2-4,experience_replay_compute_matched,500,er500_matched,PASS,0.0,0.0,10,128,160,10;8;8;8;8,800,160;160;160;160;160,800,100000,20000;20000;20000;20000;20000,100000,not_applicable,not_applicable,0.977,0.985,0.952,0,0.542,0.54375,0.54375,1.243,1.243,cuda:0,1000,500,compute_matched_er500,0.994,0.96,0.985,0.994,0.952,0.871,0.003,0.827,0.057,0.952,0.871,0.003,0.827,0.057,0.952
7,perm_078,none,perm_078,"[3,1,0,2,4]",3-1-0-2-4,experience_replay_compute_matched,500,er500_matched,PASS,0.0,0.0,10,128,160,10;8;8;8;8,800,160;160;160;160;160,800,100000,20000;20000;20000;20000;20000,100000,not_applicable,not_applicable,0.9818,0.99,0.959,0,0.5962000000000001,0.482,0.482,1.204,1.204,cuda:0,1000,500,compute_matched_er500,0.996,0.969,0.99,0.995,0.959,0.888,0.232,0.902,0.0,0.959,0.888,0.232,0.902,0.0,0.959
8,perm_078,none,perm_078,"[3,1,0,2,4]",3-1-0-2-4,experience_replay_compute_matched,500,er500_matched,PASS,0.0,0.0,10,128,160,10;8;8;8;8,800,160;160;160;160;160,800,100000,20000;20000;20000;20000;20000,100000,not_applicable,not_applicable,0.9778,0.984,0.949,0,0.5462,0.5395,0.5395,1.195,1.195,cuda:0,1000,500,compute_matched_er500,0.996,0.966,0.984,0.994,0.949,0.882,0.02,0.862,0.018,0.949,0.882,0.02,0.862,0.018,0.949
9,perm_078,none,perm_078,"[3,1,0,2,4]",3-1-0-2-4,experience_replay_compute_matched,500,er500_matched,PASS,0.0,0.0,10,128,160,10;8;8;8;8,800,160;160;160;160;160,800,100000,20000;20000;20000;20000;20000,100000,not_applicable,not_applicable,0.9774,0.987,0.952,0,0.5102,0.5840000000000001,0.5840000000000001,1.183,1.183,cuda:0,1000,500,compute_matched_er500,0.995,0.959,0.987,0.994,0.952,0.822,0.003,0.774,0.0,0.952,0.822,0.003,0.774,0.0,0.952
10,perm_078,none,perm_078,"[3,1,0,2,4]",3-1-0-2-4,experience_replay_compute_matched,500,er500_matched,PASS,0.0,0.0,10,128,160,10;8;8;8;8,800,160;160;160;160;160,800,100000,20000;20000;20000;20000;20000,100000,not_applicable,not_applicable,0.9788,0.988,0.952,0,0.5933999999999999,0.48175,0.48175,1.176,1.176,cuda:0,1000,500,compute_matched_er500,0.996,0.964,0.988,0.994,0.952,0.83,0.316,0.869,0.0,0.952,0.83,0.316,0.869,0.0,0.952
1,perm_079,none,perm_079,"[3,1,0,4,2]",3-1-0-4-2,experience_replay_compute_matched,500,er500_matched,PASS,0.0,0.0,10,128,160,10;8;8;8;8,800,160;160;160;160;160,800,100000,20000;20000;20000;20000;20000,100000,not_applicable,not_applicable,0.9804,0.975,0.967,0,0.5572,0.529,0.529,1.158,1.158,cuda:0,1000,500,compute_matched_er500,0.996,0.967,0.975,0.993,0.971,0.837,0.204,0.975,0.0,0.77,0.837,0.204,0.975,0.0,0.77
2,perm_079,none,perm_079,"[3,1,0,4,2]",3-1-0-4-2,experience_replay_compute_matched,500,er500_matched,PASS,0.0,0.0,10,128,160,10;8;8;8;8,800,160;160;160;160;160,800,100000,20000;20000;20000;20000;20000,100000,not_applicable,not_applicable,0.9823999999999999,0.986,0.963,0,0.6418000000000001,0.42574999999999996,0.42574999999999996,1.163,1.163,cuda:0,1000,500,compute_matched_er500,0.996,0.963,0.986,0.994,0.973,0.852,0.49,0.986,0.016,0.865,0.852,0.49,0.986,0.016,0.865
3,perm_079,none,perm_079,"[3,1,0,4,2]",3-1-0-4-2,experience_replay_compute_matched,500,er500_matched,PASS,0.0,0.0,10,128,160,10;8;8;8;8,800,160;160;160;160;160,800,100000,20000;20000;20000;20000;20000,100000,not_applicable,not_applicable,0.9798,0.976,0.964,0,0.5978,0.4775,0.4775,1.165,1.165,cuda:0,1000,500,compute_matched_er500,0.995,0.964,0.976,0.995,0.969,0.854,0.305,0.976,0.0,0.854,0.854,0.305,0.976,0.0,0.854
4,perm_079,none,perm_079,"[3,1,0,4,2]",3-1-0-4-2,experience_replay_compute_matched,500,er500_matched,PASS,0.0,0.0,10,128,160,10;8;8;8;8,800,160;160;160;160;160,800,100000,20000;20000;20000;20000;20000,100000,not_applicable,not_applicable,0.9822000000000001,0.981,0.965,0,0.6106,0.46449999999999997,0.46449999999999997,1.166,1.166,cuda:0,1000,500,compute_matched_er500,0.995,0.965,0.981,0.994,0.976,0.888,0.321,0.981,0.0,0.863,0.888,0.321,0.981,0.0,0.863
5,perm_079,none,perm_079,"[3,1,0,4,2]",3-1-0-4-2,experience_replay_compute_matched,500,er500_matched,PASS,0.0,0.0,10,128,160,10;8;8;8;8,800,160;160;160;160;160,800,100000,20000;20000;20000;20000;20000,100000,not_applicable,not_applicable,0.9831999999999999,0.987,0.962,0,0.623,0.45024999999999993,0.45024999999999993,1.171,1.171,cuda:0,1000,500,compute_matched_er500,0.995,0.962,0.987,0.995,0.977,0.885,0.441,0.987,0.0,0.802,0.885,0.441,0.987,0.0,0.802
6,perm_079,none,perm_079,"[3,1,0,4,2]",3-1-0-4-2,experience_replay_compute_matched,500,er500_matched,PASS,0.0,0.0,10,128,160,10;8;8;8;8,800,160;160;160;160;160,800,100000,20000;20000;20000;20000;20000,100000,not_applicable,not_applicable,0.9806000000000001,0.982,0.958,0,0.6144000000000001,0.45775,0.45775,1.224,1.224,cuda:0,1000,500,compute_matched_er500,0.995,0.958,0.982,0.994,0.974,0.849,0.404,0.982,0.0,0.837,0.849,0.404,0.982,0.0,0.837
7,perm_079,none,perm_079,"[3,1,0,4,2]",3-1-0-4-2,experience_replay_compute_matched,500,er500_matched,PASS,0.0,0.0,10,128,160,10;8;8;8;8,800,160;160;160;160;160,800,100000,20000;20000;20000;20000;20000,100000,not_applicable,not_applicable,0.983,0.98,0.969,0,0.6234,0.44949999999999996,0.44949999999999996,1.268,1.268,cuda:0,1000,500,compute_matched_er500,0.995,0.969,0.977,0.994,0.98,0.889,0.394,0.977,0.0,0.857,0.889,0.394,0.977,0.0,0.857
8,perm_079,none,perm_079,"[3,1,0,4,2]",3-1-0-4-2,experience_replay_compute_matched,500,er500_matched,PASS,0.0,0.0,10,128,160,10;8;8;8;8,800,160;160;160;160;160,800,100000,20000;20000;20000;20000;20000,100000,not_applicable,not_applicable,0.982,0.98,0.964,0,0.6092000000000001,0.46599999999999997,0.46599999999999997,1.264,1.264,cuda:0,1000,500,compute_matched_er500,0.996,0.964,0.98,0.994,0.976,0.871,0.338,0.98,0.0,0.857,0.871,0.338,0.98,0.0,0.857
9,perm_079,none,perm_079,"[3,1,0,4,2]",3-1-0-4-2,experience_replay_compute_matched,500,er500_matched,PASS,0.0,0.0,10,128,160,10;8;8;8;8,800,160;160;160;160;160,800,100000,20000;20000;20000;20000;20000,100000,not_applicable,not_applicable,0.982,0.98,0.965,0,0.553,0.53625,0.53625,1.261,1.261,cuda:0,1000,500,compute_matched_er500,0.996,0.965,0.98,0.994,0.975,0.819,0.144,0.98,0.0,0.822,0.819,0.144,0.98,0.0,0.822
10,perm_079,none,perm_079,"[3,1,0,4,2]",3-1-0-4-2,experience_replay_compute_matched,500,er500_matched,PASS,0.0,0.0,10,128,160,10;8;8;8;8,800,160;160;160;160;160,800,100000,20000;20000;20000;20000;20000,100000,not_applicable,not_applicable,0.9822000000000001,0.986,0.962,0,0.5536,0.53575,0.53575,1.259,1.259,cuda:0,1000,500,compute_matched_er500,0.995,0.962,0.986,0.993,0.975,0.886,0.294,0.986,0.0,0.602,0.886,0.294,0.986,0.0,0.602
1,perm_080,none,perm_080,"[3,1,2,0,4]",3-1-2-0-4,experience_replay_compute_matched,500,er500_matched,PASS,0.0,0.0,10,128,160,10;8;8;8;8,800,160;160;160;160;160,800,100000,20000;20000;20000;20000;20000,100000,not_applicable,not_applicable,0.9778,0.971,0.959,0,0.48840000000000006,0.61175,0.61175,1.27,1.27,cuda:0,1000,500,compute_matched_er500,0.995,0.959,0.971,0.995,0.969,0.966,0.08,0.427,0.0,0.969,0.966,0.08,0.427,0.0,0.969
2,perm_080,none,perm_080,"[3,1,2,0,4]",3-1-2-0-4,experience_replay_compute_matched,500,er500_matched,PASS,0.0,0.0,10,128,160,10;8;8;8;8,800,160;160;160;160;160,800,100000,20000;20000;20000;20000;20000,100000,not_applicable,not_applicable,0.9798,0.979,0.955,0,0.5513999999999999,0.5355,0.5355,1.281,1.281,cuda:0,1000,500,compute_matched_er500,0.997,0.955,0.979,0.995,0.973,0.965,0.245,0.574,0.0,0.973,0.965,0.245,0.574,0.0,0.973
3,perm_080,none,perm_080,"[3,1,2,0,4]",3-1-2-0-4,experience_replay_compute_matched,500,er500_matched,PASS,0.0,0.0,10,128,160,10;8;8;8;8,800,160;160;160;160;160,800,100000,20000;20000;20000;20000;20000,100000,not_applicable,not_applicable,0.9805999999999999,0.977,0.962,0,0.5833999999999999,0.49649999999999994,0.49649999999999994,1.28,1.28,cuda:0,1000,500,compute_matched_er500,0.996,0.962,0.977,0.995,0.973,0.956,0.423,0.434,0.131,0.973,0.956,0.423,0.434,0.131,0.973
4,perm_080,none,perm_080,"[3,1,2,0,4]",3-1-2-0-4,experience_replay_compute_matched,500,er500_matched,PASS,0.0,0.0,10,128,160,10;8;8;8;8,800,160;160;160;160;160,800,100000,20000;20000;20000;20000;20000,100000,not_applicable,not_applicable,0.9794,0.974,0.964,0,0.4946,0.606,0.606,1.274,1.274,cuda:0,1000,500,compute_matched_er500,0.997,0.968,0.974,0.994,0.964,0.947,0.371,0.191,0.0,0.964,0.947,0.371,0.191,0.0,0.964
5,perm_080,none,perm_080,"[3,1,2,0,4]",3-1-2-0-4,experience_replay_compute_matched,500,er500_matched,PASS,0.0,0.0,10,128,160,10;8;8;8;8,800,160;160;160;160;160,800,100000,20000;20000;20000;20000;20000,100000,not_applicable,not_applicable,0.978,0.972,0.957,0,0.5566,0.52675,0.52675,1.29,1.29,cuda:0,1000,500,compute_matched_er500,0.997,0.957,0.972,0.995,0.969,0.96,0.371,0.345,0.138,0.969,0.96,0.371,0.345,0.138,0.969
6,perm_080,none,perm_080,"[3,1,2,0,4]",3-1-2-0-4,experience_replay_compute_matched,500,er500_matched,PASS,0.0,0.0,10,128,160,10;8;8;8;8,800,160;160;160;160;160,800,100000,20000;20000;20000;20000;20000,100000,not_applicable,not_applicable,0.9838000000000001,0.986,0.969,0,0.5734,0.513,0.513,1.271,1.271,cuda:0,1000,500,compute_matched_er500,0.997,0.969,0.986,0.995,0.972,0.951,0.504,0.44,0.0,0.972,0.951,0.504,0.44,0.0,0.972
7,perm_080,none,perm_080,"[3,1,2,0,4]",3-1-2-0-4,experience_replay_compute_matched,500,er500_matched,PASS,0.0,0.0,10,128,160,10;8;8;8;8,800,160;160;160;160;160,800,100000,20000;20000;20000;20000;20000,100000,not_applicable,not_applicable,0.9798,0.972,0.966,0,0.5128,0.58375,0.58375,1.282,1.282,cuda:0,1000,500,compute_matched_er500,0.997,0.966,0.972,0.996,0.968,0.964,0.247,0.342,0.043,0.968,0.964,0.247,0.342,0.043,0.968
8,perm_080,none,perm_080,"[3,1,2,0,4]",3-1-2-0-4,experience_replay_compute_matched,500,er500_matched,PASS,0.0,0.0,10,128,160,10;8;8;8;8,800,160;160;160;160;160,800,100000,20000;20000;20000;20000;20000,100000,not_applicable,not_applicable,0.9799999999999999,0.976,0.966,0,0.5178,0.57775,0.57775,1.289,1.289,cuda:0,1000,500,compute_matched_er500,0.996,0.968,0.976,0.994,0.966,0.97,0.149,0.447,0.057,0.966,0.97,0.149,0.447,0.057,0.966
9,perm_080,none,perm_080,"[3,1,2,0,4]",3-1-2-0-4,experience_replay_compute_matched,500,er500_matched,PASS,0.0,0.0,10,128,160,10;8;8;8;8,800,160;160;160;160;160,800,100000,20000;20000;20000;20000;20000,100000,not_applicable,not_applicable,0.9812,0.981,0.966,0,0.5084,0.5910000000000001,0.5910000000000001,1.328,1.328,cuda:0,1000,500,compute_matched_er500,0.995,0.966,0.981,0.995,0.969,0.958,0.059,0.318,0.238,0.969,0.958,0.059,0.318,0.238,0.969
10,perm_080,none,perm_080,"[3,1,2,0,4]",3-1-2-0-4,experience_replay_compute_matched,500,er500_matched,PASS,0.0,0.0,10,128,160,10;8;8;8;8,800,160;160;160;160;160,800,100000,20000;20000;20000;20000;20000,100000,not_applicable,not_applicable,0.9818,0.983,0.966,0,0.5954,0.483,0.483,1.319,1.319,cuda:0,1000,500,compute_matched_er500,0.996,0.966,0.983,0.994,0.97,0.966,0.508,0.532,0.001,0.97,0.966,0.508,0.532,0.001,0.97
1,perm_081,none,perm_081,"[3,1,2,4,0]",3-1-2-4-0,experience_replay_compute_matched,500,er500_matched,PASS,0.0,0.0,10,128,160,10;8;8;8;8,800,160;160;160;160;160,800,100000,20000;20000;20000;20000;20000,100000,not_applicable,not_applicable,0.977,0.973,0.958,0,0.5147999999999999,0.57775,0.57775,1.322,1.322,cuda:0,1000,500,compute_matched_er500,0.996,0.963,0.973,0.995,0.958,0.996,0.011,0.68,0.0,0.887,0.996,0.011,0.68,0.0,0.887
2,perm_081,none,perm_081,"[3,1,2,4,0]",3-1-2-4-0,experience_replay_compute_matched,500,er500_matched,PASS,0.0,0.0,10,128,160,10;8;8;8;8,800,160;160;160;160;160,800,100000,20000;20000;20000;20000;20000,100000,not_applicable,not_applicable,0.9795999999999999,0.983,0.961,0,0.5778000000000001,0.50225,0.50225,1.336,1.336,cuda:0,1000,500,compute_matched_er500,0.993,0.965,0.983,0.996,0.961,0.993,0.208,0.76,0.002,0.926,0.993,0.208,0.76,0.002,0.926
3,perm_081,none,perm_081,"[3,1,2,4,0]",3-1-2-4-0,experience_replay_compute_matched,500,er500_matched,PASS,0.0,0.0,10,128,160,10;8;8;8;8,800,160;160;160;160;160,800,100000,20000;20000;20000;20000;20000,100000,not_applicable,not_applicable,0.9777999999999999,0.982,0.956,0,0.5476,0.53775,0.53775,1.336,1.336,cuda:0,1000,500,compute_matched_er500,0.996,0.956,0.982,0.995,0.96,0.996,0.218,0.622,0.0,0.902,0.996,0.218,0.622,0.0,0.902
4,perm_081,none,perm_081,"[3,1,2,4,0]",3-1-2-4-0,experience_replay_compute_matched,500,er500_matched,PASS,0.0,0.0,10,128,160,10;8;8;8;8,800,160;160;160;160;160,800,100000,20000;20000;20000;20000;20000,100000,not_applicable,not_applicable,0.9758000000000001,0.971,0.956,0,0.49939999999999996,0.5955,0.5955,1.342,1.342,cuda:0,1000,500,compute_matched_er500,0.995,0.956,0.971,0.995,0.962,0.995,0.003,0.598,0.0,0.901,0.995,0.003,0.598,0.0,0.901
5,perm_081,none,perm_081,"[3,1,2,4,0]",3-1-2-4-0,experience_replay_compute_matched,500,er500_matched,PASS,0.0,0.0,10,128,160,10;8;8;8;8,800,160;160;160;160;160,800,100000,20000;20000;20000;20000;20000,100000,not_applicable,not_applicable,0.9773999999999999,0.981,0.955,0,0.602,0.46924999999999994,0.46924999999999994,1.31,1.31,cuda:0,1000,500,compute_matched_er500,0.995,0.955,0.981,0.995,0.961,0.995,0.361,0.75,0.0,0.904,0.995,0.361,0.75,0.0,0.904
6,perm_081,none,perm_081,"[3,1,2,4,0]",3-1-2-4-0,experience_replay_compute_matched,500,er500_matched,PASS,0.0,0.0,10,128,160,10;8;8;8;8,800,160;160;160;160;160,800,100000,20000;20000;20000;20000;20000,100000,not_applicable,not_applicable,0.9799999999999999,0.978,0.964,0,0.6278,0.4402499999999999,0.4402499999999999,1.283,1.283,cuda:0,1000,500,compute_matched_er500,0.993,0.971,0.978,0.994,0.964,0.993,0.404,0.843,0.001,0.898,0.993,0.404,0.843,0.001,0.898
7,perm_081,none,perm_081,"[3,1,2,4,0]",3-1-2-4-0,experience_replay_compute_matched,500,er500_matched,PASS,0.0,0.0,10,128,160,10;8;8;8;8,800,160;160;160;160;160,800,100000,20000;20000;20000;20000;20000,100000,not_applicable,not_applicable,0.9776,0.977,0.952,0,0.6357999999999999,0.42724999999999996,0.42724999999999996,1.274,1.274,cuda:0,1000,500,compute_matched_er500,0.993,0.971,0.977,0.995,0.952,0.993,0.316,0.781,0.158,0.931,0.993,0.316,0.781,0.158,0.931
8,perm_081,none,perm_081,"[3,1,2,4,0]",3-1-2-4-0,experience_replay_compute_matched,500,er500_matched,PASS,0.0,0.0,10,128,160,10;8;8;8;8,800,160;160;160;160;160,800,100000,20000;20000;20000;20000;20000,100000,not_applicable,not_applicable,0.9794,0.979,0.962,0,0.5256000000000001,0.56725,0.56725,1.265,1.265,cuda:0,1000,500,compute_matched_er500,0.995,0.966,0.979,0.995,0.962,0.995,0.071,0.657,0.004,0.901,0.995,0.071,0.657,0.004,0.901
9,perm_081,none,perm_081,"[3,1,2,4,0]",3-1-2-4-0,experience_replay_compute_matched,500,er500_matched,PASS,0.0,0.0,10,128,160,10;8;8;8;8,800,160;160;160;160;160,800,100000,20000;20000;20000;20000;20000,100000,not_applicable,not_applicable,0.9794,0.982,0.96,0,0.6006,0.4734999999999999,0.4734999999999999,1.288,1.288,cuda:0,1000,500,compute_matched_er500,0.996,0.964,0.982,0.995,0.96,0.996,0.291,0.804,0.002,0.91,0.996,0.291,0.804,0.002,0.91
10,perm_081,none,perm_081,"[3,1,2,4,0]",3-1-2-4-0,experience_replay_compute_matched,500,er500_matched,PASS,0.0,0.0,10,128,160,10;8;8;8;8,800,160;160;160;160;160,800,100000,20000;20000;20000;20000;20000,100000,not_applicable,not_applicable,0.9794,0.982,0.959,0,0.5772,0.5027499999999999,0.5027499999999999,1.28,1.28,cuda:0,1000,500,compute_matched_er500,0.997,0.965,0.982,0.994,0.959,0.997,0.194,0.786,0.002,0.907,0.997,0.194,0.786,0.002,0.907
1,perm_082,none,perm_082,"[3,1,4,0,2]",3-1-4-0-2,experience_replay_compute_matched,500,er500_matched,PASS,0.0,0.0,10,128,160,10;8;8;8;8,800,160;160;160;160;160,800,100000,20000;20000;20000;20000;20000,100000,not_applicable,not_applicable,0.9825999999999999,0.987,0.964,0,0.5042,0.598,0.598,1.22,1.22,cuda:0,1000,500,compute_matched_er500,0.996,0.964,0.987,0.993,0.973,0.971,0.347,0.987,0.174,0.042,0.971,0.347,0.987,0.174,0.042
2,perm_082,none,perm_082,"[3,1,4,0,2]",3-1-4-0-2,experience_replay_compute_matched,500,er500_matched,PASS,0.0,0.0,10,128,160,10;8;8;8;8,800,160;160;160;160;160,800,100000,20000;20000;20000;20000;20000,100000,not_applicable,not_applicable,0.9818,0.988,0.962,0,0.5586,0.529,0.529,1.186,1.186,cuda:0,1000,500,compute_matched_er500,0.996,0.962,0.988,0.996,0.967,0.975,0.41,0.988,0.011,0.409,0.975,0.41,0.988,0.011,0.409
3,perm_082,none,perm_082,"[3,1,4,0,2]",3-1-4-0-2,experience_replay_compute_matched,500,er500_matched,PASS,0.0,0.0,10,128,160,10;8;8;8;8,800,160;160;160;160;160,800,100000,20000;20000;20000;20000;20000,100000,not_applicable,not_applicable,0.9836,0.992,0.964,0,0.5272,0.5705,0.5705,1.163,1.163,cuda:0,1000,500,compute_matched_er500,0.996,0.964,0.992,0.995,0.971,0.972,0.479,0.992,0.0,0.193,0.972,0.479,0.992,0.0,0.193
4,perm_082,none,perm_082,"[3,1,4,0,2]",3-1-4-0-2,experience_replay_compute_matched,500,er500_matched,PASS,0.0,0.0,10,128,160,10;8;8;8;8,800,160;160;160;160;160,800,100000,20000;20000;20000;20000;20000,100000,not_applicable,not_applicable,0.9822,0.987,0.965,0,0.475,0.6339999999999999,0.6339999999999999,1.201,1.201,cuda:0,1000,500,compute_matched_er500,0.995,0.965,0.987,0.995,0.969,0.973,0.251,0.987,0.0,0.164,0.973,0.251,0.987,0.0,0.164
5,perm_082,none,perm_082,"[3,1,4,0,2]",3-1-4-0-2,experience_replay_compute_matched,500,er500_matched,PASS,0.0,0.0,10,128,160,10;8;8;8;8,800,160;160;160;160;160,800,100000,20000;20000;20000;20000;20000,100000,not_applicable,not_applicable,0.9864,0.992,0.966,0,0.5908,0.4945,0.4945,1.183,1.183,cuda:0,1000,500,compute_matched_er500,0.995,0.966,0.992,0.995,0.984,0.975,0.372,0.992,0.208,0.407,0.975,0.372,0.992,0.208,0.407
6,perm_082,none,perm_082,"[3,1,4,0,2]",3-1-4-0-2,experience_replay_compute_matched,500,er500_matched,PASS,0.0,0.0,10,128,160,10;8;8;8;8,800,160;160;160;160;160,800,100000,20000;20000;20000;20000;20000,100000,not_applicable,not_applicable,0.9837999999999999,0.991,0.964,0,0.4614,0.653,0.653,1.185,1.185,cuda:0,1000,500,compute_matched_er500,0.993,0.964,0.991,0.994,0.977,0.969,0.158,0.991,0.124,0.065,0.969,0.158,0.991,0.124,0.065
7,perm_082,none,perm_082,"[3,1,4,0,2]",3-1-4-0-2,experience_replay_compute_matched,500,er500_matched,PASS,0.0,0.0,10,128,160,10;8;8;8;8,800,160;160;160;160;160,800,100000,20000;20000;20000;20000;20000,100000,not_applicable,not_applicable,0.9832000000000001,0.988,0.965,0,0.5256,0.572,0.572,1.2,1.2,cuda:0,1000,500,compute_matched_er500,0.995,0.965,0.988,0.995,0.973,0.942,0.293,0.988,0.167,0.238,0.942,0.293,0.988,0.167,0.238
8,perm_082,none,perm_082,"[3,1,4,0,2]",3-1-4-0-2,experience_replay_compute_matched,500,er500_matched,PASS,0.0,0.0,10,128,160,10;8;8;8;8,800,160;160;160;160;160,800,100000,20000;20000;20000;20000;20000,100000,not_applicable,not_applicable,0.983,0.989,0.96,0,0.49400000000000005,0.61125,0.61125,1.253,1.253,cuda:0,1000,500,compute_matched_er500,0.996,0.96,0.989,0.995,0.975,0.965,0.186,0.989,0.315,0.015,0.965,0.186,0.989,0.315,0.015
9,perm_082,none,perm_082,"[3,1,4,0,2]",3-1-4-0-2,experience_replay_compute_matched,500,er500_matched,PASS,0.0,0.0,10,128,160,10;8;8;8;8,800,160;160;160;160;160,800,100000,20000;20000;20000;20000;20000,100000,not_applicable,not_applicable,0.9816,0.986,0.957,0,0.4646,0.64625,0.64625,1.266,1.266,cuda:0,1000,500,compute_matched_er500,0.996,0.957,0.986,0.995,0.974,0.964,0.264,0.986,0.007,0.102,0.964,0.264,0.986,0.007,0.102
10,perm_082,none,perm_082,"[3,1,4,0,2]",3-1-4-0-2,experience_replay_compute_matched,500,er500_matched,PASS,0.0,0.0,10,128,160,10;8;8;8;8,800,160;160;160;160;160,800,100000,20000;20000;20000;20000;20000,100000,not_applicable,not_applicable,0.9827999999999999,0.99,0.958,0,0.5728,0.5125,0.5125,1.247,1.247,cuda:0,1000,500,compute_matched_er500,0.996,0.958,0.99,0.994,0.976,0.95,0.24,0.99,0.224,0.46,0.95,0.24,0.99,0.224,0.46
1,perm_083,none,perm_083,"[3,1,4,2,0]",3-1-4-2-0,experience_replay_compute_matched,500,er500_matched,PASS,0.0,0.0,10,128,160,10;8;8;8;8,800,160;160;160;160;160,800,100000,20000;20000;20000;20000;20000,100000,not_applicable,not_applicable,0.9829999999999999,0.99,0.963,0,0.6372,0.43224999999999997,0.43224999999999997,1.249,1.249,cuda:0,1000,500,compute_matched_er500,0.996,0.963,0.99,0.994,0.972,0.996,0.556,0.943,0.046,0.645,0.996,0.556,0.943,0.046,0.645
2,perm_083,none,perm_083,"[3,1,4,2,0]",3-1-4-2-0,experience_replay_compute_matched,500,er500_matched,PASS,0.0,0.0,10,128,160,10;8;8;8;8,800,160;160;160;160;160,800,100000,20000;20000;20000;20000;20000,100000,not_applicable,not_applicable,0.9814,0.985,0.965,0,0.6626,0.39849999999999997,0.39849999999999997,1.25,1.25,cuda:0,1000,500,compute_matched_er500,0.996,0.965,0.985,0.994,0.967,0.996,0.538,0.943,0.108,0.728,0.996,0.538,0.943,0.108,0.728
3,perm_083,none,perm_083,"[3,1,4,2,0]",3-1-4-2-0,experience_replay_compute_matched,500,er500_matched,PASS,0.0,0.0,10,128,160,10;8;8;8;8,800,160;160;160;160;160,800,100000,20000;20000;20000;20000;20000,100000,not_applicable,not_applicable,0.9808,0.976,0.966,0,0.5114000000000001,0.58675,0.58675,1.255,1.255,cuda:0,1000,500,compute_matched_er500,0.995,0.966,0.973,0.994,0.976,0.995,0.001,0.93,0.008,0.623,0.995,0.001,0.93,0.008,0.623
4,perm_083,none,perm_083,"[3,1,4,2,0]",3-1-4-2-0,experience_replay_compute_matched,500,er500_matched,PASS,0.0,0.0,10,128,160,10;8;8;8;8,800,160;160;160;160;160,800,100000,20000;20000;20000;20000;20000,100000,not_applicable,not_applicable,0.9783999999999999,0.976,0.96,0,0.4828,0.6194999999999999,0.6194999999999999,1.224,1.224,cuda:0,1000,500,compute_matched_er500,0.996,0.966,0.976,0.994,0.96,0.996,0.006,0.933,0.0,0.479,0.996,0.006,0.933,0.0,0.479
5,perm_083,none,perm_083,"[3,1,4,2,0]",3-1-4-2-0,experience_replay_compute_matched,500,er500_matched,PASS,0.0,0.0,10,128,160,10;8;8;8;8,800,160;160;160;160;160,800,100000,20000;20000;20000;20000;20000,100000,not_applicable,not_applicable,0.9777999999999999,0.973,0.962,0,0.5846,0.49149999999999994,0.49149999999999994,1.179,1.179,cuda:0,1000,500,compute_matched_er500,0.996,0.963,0.973,0.995,0.962,0.996,0.332,0.944,0.049,0.602,0.996,0.332,0.944,0.049,0.602
6,perm_083,none,perm_083,"[3,1,4,2,0]",3-1-4-2-0,experience_replay_compute_matched,500,er500_matched,PASS,0.0,0.0,10,128,160,10;8;8;8;8,800,160;160;160;160;160,800,100000,20000;20000;20000;20000;20000,100000,not_applicable,not_applicable,0.9831999999999999,0.985,0.965,0,0.5666,0.52075,0.52075,1.174,1.174,cuda:0,1000,500,compute_matched_er500,0.999,0.965,0.985,0.994,0.973,0.999,0.206,0.95,0.129,0.549,0.999,0.206,0.95,0.129,0.549
7,perm_083,none,perm_083,"[3,1,4,2,0]",3-1-4-2-0,experience_replay_compute_matched,500,er500_matched,PASS,0.0,0.0,10,128,160,10;8;8;8;8,800,160;160;160;160;160,800,100000,20000;20000;20000;20000;20000,100000,not_applicable,not_applicable,0.9805999999999999,0.977,0.962,0,0.607,0.467,0.467,1.162,1.162,cuda:0,1000,500,compute_matched_er500,0.996,0.962,0.977,0.995,0.973,0.996,0.184,0.938,0.148,0.769,0.996,0.184,0.938,0.148,0.769
8,perm_083,none,perm_083,"[3,1,4,2,0]",3-1-4-2-0,experience_replay_compute_matched,500,er500_matched,PASS,0.0,0.0,10,128,160,10;8;8;8;8,800,160;160;160;160;160,800,100000,20000;20000;20000;20000;20000,100000,not_applicable,not_applicable,0.9822000000000001,0.98,0.968,0,0.607,0.469,0.469,1.157,1.157,cuda:0,1000,500,compute_matched_er500,0.997,0.971,0.98,0.995,0.968,0.997,0.237,0.957,0.175,0.669,0.997,0.237,0.957,0.175,0.669
9,perm_083,none,perm_083,"[3,1,4,2,0]",3-1-4-2-0,experience_replay_compute_matched,500,er500_matched,PASS,0.0,0.0,10,128,160,10;8;8;8;8,800,160;160;160;160;160,800,100000,20000;20000;20000;20000;20000,100000,not_applicable,not_applicable,0.9812,0.982,0.964,0,0.5596,0.527,0.527,1.167,1.167,cuda:0,1000,500,compute_matched_er500,0.994,0.964,0.982,0.994,0.972,0.994,0.061,0.949,0.091,0.703,0.994,0.061,0.949,0.091,0.703
10,perm_083,none,perm_083,"[3,1,4,2,0]",3-1-4-2-0,experience_replay_compute_matched,500,er500_matched,PASS,0.0,0.0,10,128,160,10;8;8;8;8,800,160;160;160;160;160,800,100000,20000;20000;20000;20000;20000,100000,not_applicable,not_applicable,0.9833999999999999,0.986,0.963,0,0.5682,0.519,0.519,1.165,1.165,cuda:0,1000,500,compute_matched_er500,0.997,0.963,0.986,0.995,0.976,0.997,0.22,0.948,0.077,0.599,0.997,0.22,0.948,0.077,0.599
1,perm_084,none,perm_084,"[3,2,0,1,4]",3-2-0-1-4,experience_replay_compute_matched,500,er500_matched,PASS,0.0,0.0,10,128,160,10;8;8;8;8,800,160;160;160;160;160,800,100000,20000;20000;20000;20000;20000,100000,not_applicable,not_applicable,0.9818,0.985,0.965,0,0.5307999999999999,0.56375,0.56375,1.194,1.194,cuda:0,1000,500,compute_matched_er500,0.996,0.965,0.985,0.995,0.968,0.823,0.863,0.0,0.0,0.968,0.823,0.863,0.0,0.0,0.968
2,perm_084,none,perm_084,"[3,2,0,1,4]",3-2-0-1-4,experience_replay_compute_matched,500,er500_matched,PASS,0.0,0.0,10,128,160,10;8;8;8;8,800,160;160;160;160;160,800,100000,20000;20000;20000;20000;20000,100000,not_applicable,not_applicable,0.9818,0.983,0.966,0,0.5424,0.54925,0.54925,1.198,1.198,cuda:0,1000,500,compute_matched_er500,0.997,0.966,0.983,0.995,0.968,0.842,0.858,0.0,0.044,0.968,0.842,0.858,0.0,0.044,0.968
3,perm_084,none,perm_084,"[3,2,0,1,4]",3-2-0-1-4,experience_replay_compute_matched,500,er500_matched,PASS,0.0,0.0,10,128,160,10;8;8;8;8,800,160;160;160;160;160,800,100000,20000;20000;20000;20000;20000,100000,not_applicable,not_applicable,0.9827999999999999,0.982,0.971,0,0.5526,0.53775,0.53775,1.25,1.25,cuda:0,1000,500,compute_matched_er500,0.995,0.971,0.982,0.995,0.971,0.884,0.879,0.026,0.003,0.971,0.884,0.879,0.026,0.003,0.971
4,perm_084,none,perm_084,"[3,2,0,1,4]",3-2-0-1-4,experience_replay_compute_matched,500,er500_matched,PASS,0.0,0.0,10,128,160,10;8;8;8;8,800,160;160;160;160;160,800,100000,20000;20000;20000;20000;20000,100000,not_applicable,not_applicable,0.9814,0.984,0.966,0,0.5322,0.5615,0.5615,1.18,1.18,cuda:0,1000,500,compute_matched_er500,0.995,0.966,0.984,0.994,0.968,0.835,0.858,0.0,0.0,0.968,0.835,0.858,0.0,0.0,0.968
5,perm_084,none,perm_084,"[3,2,0,1,4]",3-2-0-1-4,experience_replay_compute_matched,500,er500_matched,PASS,0.0,0.0,10,128,160,10;8;8;8;8,800,160;160;160;160;160,800,100000,20000;20000;20000;20000;20000,100000,not_applicable,not_applicable,0.9847999999999999,0.987,0.972,0,0.556,0.536,0.536,1.19,1.19,cuda:0,1000,500,compute_matched_er500,0.996,0.973,0.987,0.996,0.972,0.88,0.884,0.044,0.0,0.972,0.88,0.884,0.044,0.0,0.972
6,perm_084,none,perm_084,"[3,2,0,1,4]",3-2-0-1-4,experience_replay_compute_matched,500,er500_matched,PASS,0.0,0.0,10,128,160,10;8;8;8;8,800,160;160;160;160;160,800,100000,20000;20000;20000;20000;20000,100000,not_applicable,not_applicable,0.983,0.988,0.968,0,0.5624,0.5257499999999999,0.5257499999999999,1.178,1.178,cuda:0,1000,500,compute_matched_er500,0.995,0.97,0.988,0.994,0.968,0.894,0.889,0.061,0.0,0.968,0.894,0.889,0.061,0.0,0.968
7,perm_084,none,perm_084,"[3,2,0,1,4]",3-2-0-1-4,experience_replay_compute_matched,500,er500_matched,PASS,0.0,0.0,10,128,160,10;8;8;8;8,800,160;160;160;160;160,800,100000,20000;20000;20000;20000;20000,100000,not_applicable,not_applicable,0.983,0.982,0.968,0,0.5673999999999999,0.5195000000000001,0.5195000000000001,1.211,1.211,cuda:0,1000,500,compute_matched_er500,0.996,0.968,0.982,0.995,0.974,0.852,0.884,0.041,0.086,0.974,0.852,0.884,0.041,0.086,0.974
8,perm_084,none,perm_084,"[3,2,0,1,4]",3-2-0-1-4,experience_replay_compute_matched,500,er500_matched,PASS,0.0,0.0,10,128,160,10;8;8;8;8,800,160;160;160;160;160,800,100000,20000;20000;20000;20000;20000,100000,not_applicable,not_applicable,0.9804,0.977,0.968,0,0.5432,0.5465,0.5465,1.218,1.218,cuda:0,1000,500,compute_matched_er500,0.995,0.968,0.977,0.994,0.968,0.858,0.884,0.0,0.006,0.968,0.858,0.884,0.0,0.006,0.968
9,perm_084,none,perm_084,"[3,2,0,1,4]",3-2-0-1-4,experience_replay_compute_matched,500,er500_matched,PASS,0.0,0.0,10,128,160,10;8;8;8;8,800,160;160;160;160;160,800,100000,20000;20000;20000;20000;20000,100000,not_applicable,not_applicable,0.982,0.98,0.966,0,0.5476,0.543,0.543,1.284,1.284,cuda:0,1000,500,compute_matched_er500,0.995,0.974,0.98,0.995,0.966,0.872,0.897,0.003,0.0,0.966,0.872,0.897,0.003,0.0,0.966
10,perm_084,none,perm_084,"[3,2,0,1,4]",3-2-0-1-4,experience_replay_compute_matched,500,er500_matched,PASS,0.0,0.0,10,128,160,10;8;8;8;8,800,160;160;160;160;160,800,100000,20000;20000;20000;20000;20000,100000,not_applicable,not_applicable,0.982,0.982,0.969,0,0.5614000000000001,0.5257499999999999,0.5257499999999999,1.271,1.271,cuda:0,1000,500,compute_matched_er500,0.996,0.969,0.982,0.993,0.97,0.869,0.876,0.092,0.0,0.97,0.869,0.876,0.092,0.0,0.97
1,perm_085,none,perm_085,"[3,2,0,4,1]",3-2-0-4-1,experience_replay_compute_matched,500,er500_matched,PASS,0.0,0.0,10,128,160,10;8;8;8;8,800,160;160;160;160;160,800,100000,20000;20000;20000;20000;20000,100000,not_applicable,not_applicable,0.9776,0.98,0.951,0,0.538,0.5495,0.5495,1.282,1.282,cuda:0,1000,500,compute_matched_er500,0.996,0.951,0.98,0.994,0.967,0.881,0.951,0.0,0.0,0.858,0.881,0.951,0.0,0.0,0.858
2,perm_085,none,perm_085,"[3,2,0,4,1]",3-2-0-4-1,experience_replay_compute_matched,500,er500_matched,PASS,0.0,0.0,10,128,160,10;8;8;8;8,800,160;160;160;160;160,800,100000,20000;20000;20000;20000;20000,100000,not_applicable,not_applicable,0.9798,0.983,0.955,0,0.563,0.521,0.521,1.29,1.29,cuda:0,1000,500,compute_matched_er500,0.995,0.955,0.983,0.995,0.971,0.841,0.955,0.155,0.001,0.863,0.841,0.955,0.155,0.001,0.863
3,perm_085,none,perm_085,"[3,2,0,4,1]",3-2-0-4-1,experience_replay_compute_matched,500,er500_matched,PASS,0.0,0.0,10,128,160,10;8;8;8;8,800,160;160;160;160;160,800,100000,20000;20000;20000;20000;20000,100000,not_applicable,not_applicable,0.9793999999999998,0.982,0.957,0,0.5466,0.541,0.541,1.295,1.295,cuda:0,1000,500,compute_matched_er500,0.993,0.957,0.982,0.995,0.97,0.886,0.957,0.005,0.003,0.882,0.886,0.957,0.005,0.003,0.882
4,perm_085,none,perm_085,"[3,2,0,4,1]",3-2-0-4-1,experience_replay_compute_matched,500,er500_matched,PASS,0.0,0.0,10,128,160,10;8;8;8;8,800,160;160;160;160;160,800,100000,20000;20000;20000;20000;20000,100000,not_applicable,not_applicable,0.9808,0.984,0.959,0,0.5566,0.53025,0.53025,1.274,1.274,cuda:0,1000,500,compute_matched_er500,0.995,0.959,0.984,0.994,0.972,0.863,0.959,0.073,0.0,0.888,0.863,0.959,0.073,0.0,0.888
5,perm_085,none,perm_085,"[3,2,0,4,1]",3-2-0-4-1,experience_replay_compute_matched,500,er500_matched,PASS,0.0,0.0,10,128,160,10;8;8;8;8,800,160;160;160;160;160,800,100000,20000;20000;20000;20000;20000,100000,not_applicable,not_applicable,0.9809999999999999,0.986,0.959,0,0.5232,0.5722499999999999,0.5722499999999999,1.292,1.292,cuda:0,1000,500,compute_matched_er500,0.992,0.959,0.986,0.995,0.973,0.778,0.959,0.0,0.0,0.879,0.778,0.959,0.0,0.0,0.879
6,perm_085,none,perm_085,"[3,2,0,4,1]",3-2-0-4-1,experience_replay_compute_matched,500,er500_matched,PASS,0.0,0.0,10,128,160,10;8;8;8;8,800,160;160;160;160;160,800,100000,20000;20000;20000;20000;20000,100000,not_applicable,not_applicable,0.9795999999999999,0.987,0.952,0,0.5624,0.5215,0.5215,1.279,1.279,cuda:0,1000,500,compute_matched_er500,0.994,0.952,0.987,0.994,0.971,0.867,0.952,0.151,0.0,0.842,0.867,0.952,0.151,0.0,0.842
7,perm_085,none,perm_085,"[3,2,0,4,1]",3-2-0-4-1,experience_replay_compute_matched,500,er500_matched,PASS,0.0,0.0,10,128,160,10;8;8;8;8,800,160;160;160;160;160,800,100000,20000;20000;20000;20000;20000,100000,not_applicable,not_applicable,0.9823999999999999,0.986,0.957,0,0.5923999999999999,0.4875,0.4875,1.27,1.27,cuda:0,1000,500,compute_matched_er500,0.995,0.957,0.986,0.996,0.978,0.911,0.957,0.155,0.048,0.891,0.911,0.957,0.155,0.048,0.891
8,perm_085,none,perm_085,"[3,2,0,4,1]",3-2-0-4-1,experience_replay_compute_matched,500,er500_matched,PASS,0.0,0.0,10,128,160,10;8;8;8;8,800,160;160;160;160;160,800,100000,20000;20000;20000;20000;20000,100000,not_applicable,not_applicable,0.9802,0.979,0.963,0,0.5449999999999999,0.544,0.544,1.27,1.27,cuda:0,1000,500,compute_matched_er500,0.995,0.963,0.979,0.996,0.968,0.893,0.963,0.009,0.0,0.86,0.893,0.963,0.009,0.0,0.86
9,perm_085,none,perm_085,"[3,2,0,4,1]",3-2-0-4-1,experience_replay_compute_matched,500,er500_matched,PASS,0.0,0.0,10,128,160,10;8;8;8;8,800,160;160;160;160;160,800,100000,20000;20000;20000;20000;20000,100000,not_applicable,not_applicable,0.9798,0.987,0.95,0,0.5603999999999999,0.52425,0.52425,1.269,1.269,cuda:0,1000,500,compute_matched_er500,0.996,0.95,0.987,0.995,0.971,0.835,0.95,0.142,0.002,0.873,0.835,0.95,0.142,0.002,0.873
10,perm_085,none,perm_085,"[3,2,0,4,1]",3-2-0-4-1,experience_replay_compute_matched,500,er500_matched,PASS,0.0,0.0,10,128,160,10;8;8;8;8,800,160;160;160;160;160,800,100000,20000;20000;20000;20000;20000,100000,not_applicable,not_applicable,0.9810000000000001,0.984,0.954,0,0.5494,0.5395000000000001,0.5395000000000001,1.269,1.269,cuda:0,1000,500,compute_matched_er500,0.997,0.954,0.984,0.994,0.976,0.867,0.954,0.038,0.0,0.888,0.867,0.954,0.038,0.0,0.888
1,perm_086,none,perm_086,"[3,2,1,0,4]",3-2-1-0-4,experience_replay_compute_matched,500,er500_matched,PASS,0.0,0.0,10,128,160,10;8;8;8;8,800,160;160;160;160;160,800,100000,20000;20000;20000;20000;20000,100000,not_applicable,not_applicable,0.9823999999999999,0.984,0.965,0,0.5326,0.5622499999999999,0.5622499999999999,1.289,1.289,cuda:0,1000,500,compute_matched_er500,0.995,0.965,0.984,0.995,0.973,0.96,0.729,0.0,0.001,0.973,0.96,0.729,0.0,0.001,0.973
2,perm_086,none,perm_086,"[3,2,1,0,4]",3-2-1-0-4,experience_replay_compute_matched,500,er500_matched,PASS,0.0,0.0,10,128,160,10;8;8;8;8,800,160;160;160;160;160,800,100000,20000;20000;20000;20000;20000,100000,not_applicable,not_applicable,0.9818,0.98,0.962,0,0.5376,0.55525,0.55525,1.294,1.294,cuda:0,1000,500,compute_matched_er500,0.994,0.962,0.98,0.995,0.978,0.962,0.661,0.087,0.0,0.978,0.962,0.661,0.087,0.0,0.978
3,perm_086,none,perm_086,"[3,2,1,0,4]",3-2-1-0-4,experience_replay_compute_matched,500,er500_matched,PASS,0.0,0.0,10,128,160,10;8;8;8;8,800,160;160;160;160;160,800,100000,20000;20000;20000;20000;20000,100000,not_applicable,not_applicable,0.9812,0.982,0.963,0,0.47739999999999994,0.62975,0.62975,1.291,1.291,cuda:0,1000,500,compute_matched_er500,0.995,0.963,0.982,0.996,0.97,0.972,0.444,0.0,0.001,0.97,0.972,0.444,0.0,0.001,0.97
4,perm_086,none,perm_086,"[3,2,1,0,4]",3-2-1-0-4,experience_replay_compute_matched,500,er500_matched,PASS,0.0,0.0,10,128,160,10;8;8;8;8,800,160;160;160;160;160,800,100000,20000;20000;20000;20000;20000,100000,not_applicable,not_applicable,0.9795999999999999,0.98,0.948,0,0.48739999999999994,0.61525,0.61525,1.261,1.261,cuda:0,1000,500,compute_matched_er500,0.996,0.948,0.979,0.995,0.98,0.94,0.517,0.0,0.0,0.98,0.94,0.517,0.0,0.0,0.98
5,perm_086,none,perm_086,"[3,2,1,0,4]",3-2-1-0-4,experience_replay_compute_matched,500,er500_matched,PASS,0.0,0.0,10,128,160,10;8;8;8;8,800,160;160;160;160;160,800,100000,20000;20000;20000;20000;20000,100000,not_applicable,not_applicable,0.982,0.983,0.966,0,0.5273999999999999,0.56825,0.56825,1.267,1.267,cuda:0,1000,500,compute_matched_er500,0.996,0.966,0.983,0.995,0.97,0.954,0.706,0.007,0.0,0.97,0.954,0.706,0.007,0.0,0.97
6,perm_086,none,perm_086,"[3,2,1,0,4]",3-2-1-0-4,experience_replay_compute_matched,500,er500_matched,PASS,0.0,0.0,10,128,160,10;8;8;8;8,800,160;160;160;160;160,800,100000,20000;20000;20000;20000;20000,100000,not_applicable,not_applicable,0.9812,0.985,0.957,0,0.5569999999999999,0.53025,0.53025,1.254,1.254,cuda:0,1000,500,compute_matched_er500,0.997,0.957,0.985,0.994,0.973,0.968,0.766,0.025,0.053,0.973,0.968,0.766,0.025,0.053,0.973
7,perm_086,none,perm_086,"[3,2,1,0,4]",3-2-1-0-4,experience_replay_compute_matched,500,er500_matched,PASS,0.0,0.0,10,128,160,10;8;8;8;8,800,160;160;160;160;160,800,100000,20000;20000;20000;20000;20000,100000,not_applicable,not_applicable,0.9837999999999999,0.984,0.964,0,0.548,0.5447500000000001,0.5447500000000001,1.258,1.258,cuda:0,1000,500,compute_matched_er500,0.996,0.964,0.984,0.996,0.979,0.961,0.712,0.034,0.054,0.979,0.961,0.712,0.034,0.054,0.979
8,perm_086,none,perm_086,"[3,2,1,0,4]",3-2-1-0-4,experience_replay_compute_matched,500,er500_matched,PASS,0.0,0.0,10,128,160,10;8;8;8;8,800,160;160;160;160;160,800,100000,20000;20000;20000;20000;20000,100000,not_applicable,not_applicable,0.9823999999999999,0.984,0.959,0,0.5246000000000001,0.57225,0.57225,1.26,1.26,cuda:0,1000,500,compute_matched_er500,0.998,0.959,0.984,0.995,0.976,0.965,0.682,0.0,0.0,0.976,0.965,0.682,0.0,0.0,0.976
9,perm_086,none,perm_086,"[3,2,1,0,4]",3-2-1-0-4,experience_replay_compute_matched,500,er500_matched,PASS,0.0,0.0,10,128,160,10;8;8;8;8,800,160;160;160;160;160,800,100000,20000;20000;20000;20000;20000,100000,not_applicable,not_applicable,0.9818,0.983,0.958,0,0.5267999999999999,0.56875,0.56875,1.262,1.262,cuda:0,1000,500,compute_matched_er500,0.997,0.958,0.983,0.994,0.977,0.946,0.71,0.0,0.001,0.977,0.946,0.71,0.0,0.001,0.977
10,perm_086,none,perm_086,"[3,2,1,0,4]",3-2-1-0-4,experience_replay_compute_matched,500,er500_matched,PASS,0.0,0.0,10,128,160,10;8;8;8;8,800,160;160;160;160;160,800,100000,20000;20000;20000;20000;20000,100000,not_applicable,not_applicable,0.9815999999999999,0.986,0.957,0,0.6130000000000001,0.46075,0.46075,1.246,1.246,cuda:0,1000,500,compute_matched_er500,0.996,0.957,0.986,0.994,0.975,0.969,0.748,0.203,0.17,0.975,0.969,0.748,0.203,0.17,0.975
1,perm_087,none,perm_087,"[3,2,1,4,0]",3-2-1-4-0,experience_replay_compute_matched,500,er500_matched,PASS,0.0,0.0,10,128,160,10;8;8;8;8,800,160;160;160;160;160,800,100000,20000;20000;20000;20000;20000,100000,not_applicable,not_applicable,0.9810000000000001,0.986,0.962,0,0.5843999999999999,0.49575,0.49575,1.241,1.241,cuda:0,1000,500,compute_matched_er500,0.993,0.962,0.986,0.994,0.97,0.993,0.815,0.166,0.007,0.941,0.993,0.815,0.166,0.007,0.941
2,perm_087,none,perm_087,"[3,2,1,4,0]",3-2-1-4-0,experience_replay_compute_matched,500,er500_matched,PASS,0.0,0.0,10,128,160,10;8;8;8;8,800,160;160;160;160;160,800,100000,20000;20000;20000;20000;20000,100000,not_applicable,not_applicable,0.9788,0.981,0.961,0,0.6118,0.45875,0.45875,1.255,1.255,cuda:0,1000,500,compute_matched_er500,0.995,0.961,0.981,0.995,0.962,0.995,0.746,0.214,0.186,0.918,0.995,0.746,0.214,0.186,0.918
3,perm_087,none,perm_087,"[3,2,1,4,0]",3-2-1-4-0,experience_replay_compute_matched,500,er500_matched,PASS,0.0,0.0,10,128,160,10;8;8;8;8,800,160;160;160;160;160,800,100000,20000;20000;20000;20000;20000,100000,not_applicable,not_applicable,0.9803999999999998,0.984,0.962,0,0.5880000000000001,0.49049999999999994,0.49049999999999994,1.204,1.204,cuda:0,1000,500,compute_matched_er500,0.996,0.964,0.984,0.996,0.962,0.996,0.781,0.237,0.0,0.926,0.996,0.781,0.237,0.0,0.926
4,perm_087,none,perm_087,"[3,2,1,4,0]",3-2-1-4-0,experience_replay_compute_matched,500,er500_matched,PASS,0.0,0.0,10,128,160,10;8;8;8;8,800,160;160;160;160;160,800,100000,20000;20000;20000;20000;20000,100000,not_applicable,not_applicable,0.9798,0.981,0.955,0,0.521,0.5735,0.5735,1.169,1.169,cuda:0,1000,500,compute_matched_er500,0.997,0.955,0.981,0.994,0.972,0.997,0.64,0.048,0.0,0.92,0.997,0.64,0.048,0.0,0.92
5,perm_087,none,perm_087,"[3,2,1,4,0]",3-2-1-4-0,experience_replay_compute_matched,500,er500_matched,PASS,0.0,0.0,10,128,160,10;8;8;8;8,800,160;160;160;160;160,800,100000,20000;20000;20000;20000;20000,100000,not_applicable,not_applicable,0.9812,0.987,0.956,0,0.6188,0.45299999999999996,0.45299999999999996,1.177,1.177,cuda:0,1000,500,compute_matched_er500,0.994,0.956,0.987,0.995,0.974,0.994,0.782,0.395,0.0,0.923,0.994,0.782,0.395,0.0,0.923
6,perm_087,none,perm_087,"[3,2,1,4,0]",3-2-1-4-0,experience_replay_compute_matched,500,er500_matched,PASS,0.0,0.0,10,128,160,10;8;8;8;8,800,160;160;160;160;160,800,100000,20000;20000;20000;20000;20000,100000,not_applicable,not_applicable,0.9812,0.984,0.959,0,0.6577999999999999,0.40425,0.40425,1.182,1.182,cuda:0,1000,500,compute_matched_er500,0.994,0.959,0.984,0.995,0.974,0.994,0.788,0.339,0.239,0.929,0.994,0.788,0.339,0.239,0.929
7,perm_087,none,perm_087,"[3,2,1,4,0]",3-2-1-4-0,experience_replay_compute_matched,500,er500_matched,PASS,0.0,0.0,10,128,160,10;8;8;8;8,800,160;160;160;160;160,800,100000,20000;20000;20000;20000;20000,100000,not_applicable,not_applicable,0.9812,0.979,0.96,0,0.626,0.444,0.444,1.196,1.196,cuda:0,1000,500,compute_matched_er500,0.995,0.96,0.979,0.996,0.976,0.995,0.807,0.415,0.012,0.901,0.995,0.807,0.415,0.012,0.901
8,perm_087,none,perm_087,"[3,2,1,4,0]",3-2-1-4-0,experience_replay_compute_matched,500,er500_matched,PASS,0.0,0.0,10,128,160,10;8;8;8;8,800,160;160;160;160;160,800,100000,20000;20000;20000;20000;20000,100000,not_applicable,not_applicable,0.9810000000000001,0.984,0.96,0,0.5982000000000001,0.4784999999999999,0.4784999999999999,1.162,1.162,cuda:0,1000,500,compute_matched_er500,0.997,0.96,0.984,0.995,0.969,0.997,0.798,0.253,0.008,0.935,0.997,0.798,0.253,0.008,0.935
9,perm_087,none,perm_087,"[3,2,1,4,0]",3-2-1-4-0,experience_replay_compute_matched,500,er500_matched,PASS,0.0,0.0,10,128,160,10;8;8;8;8,800,160;160;160;160;160,800,100000,20000;20000;20000;20000;20000,100000,not_applicable,not_applicable,0.9846,0.984,0.971,0,0.5634,0.5265,0.5265,1.173,1.173,cuda:0,1000,500,compute_matched_er500,0.995,0.971,0.984,0.995,0.978,0.995,0.775,0.119,0.0,0.928,0.995,0.775,0.119,0.0,0.928
10,perm_087,none,perm_087,"[3,2,1,4,0]",3-2-1-4-0,experience_replay_compute_matched,500,er500_matched,PASS,0.0,0.0,10,128,160,10;8;8;8;8,800,160;160;160;160;160,800,100000,20000;20000;20000;20000;20000,100000,not_applicable,not_applicable,0.9815999999999999,0.978,0.967,0,0.5644,0.5215000000000001,0.5215000000000001,1.163,1.163,cuda:0,1000,500,compute_matched_er500,0.994,0.967,0.978,0.995,0.974,0.994,0.795,0.078,0.036,0.919,0.994,0.795,0.078,0.036,0.919
1,perm_088,none,perm_088,"[3,2,4,0,1]",3-2-4-0-1,experience_replay_compute_matched,500,er500_matched,PASS,0.0,0.0,10,128,160,10;8;8;8;8,800,160;160;160;160;160,800,100000,20000;20000;20000;20000;20000,100000,not_applicable,not_applicable,0.9795999999999999,0.984,0.959,0,0.5396000000000001,0.55,0.55,1.168,1.168,cuda:0,1000,500,compute_matched_er500,0.996,0.959,0.984,0.995,0.964,0.968,0.959,0.099,0.003,0.669,0.968,0.959,0.099,0.003,0.669
2,perm_088,none,perm_088,"[3,2,4,0,1]",3-2-4-0-1,experience_replay_compute_matched,500,er500_matched,PASS,0.0,0.0,10,128,160,10;8;8;8;8,800,160;160;160;160;160,800,100000,20000;20000;20000;20000;20000,100000,not_applicable,not_applicable,0.9763999999999999,0.98,0.949,0,0.5102,0.58275,0.58275,1.184,1.184,cuda:0,1000,500,compute_matched_er500,0.997,0.962,0.98,0.994,0.949,0.965,0.962,0.002,0.022,0.6,0.965,0.962,0.002,0.022,0.6
3,perm_088,none,perm_088,"[3,2,4,0,1]",3-2-4-0-1,experience_replay_compute_matched,500,er500_matched,PASS,0.0,0.0,10,128,160,10;8;8;8;8,800,160;160;160;160;160,800,100000,20000;20000;20000;20000;20000,100000,not_applicable,not_applicable,0.9802,0.981,0.956,0,0.5673999999999999,0.516,0.516,1.169,1.169,cuda:0,1000,500,compute_matched_er500,0.997,0.972,0.981,0.995,0.956,0.973,0.972,0.242,0.002,0.648,0.973,0.972,0.242,0.002,0.648
4,perm_088,none,perm_088,"[3,2,4,0,1]",3-2-4-0-1,experience_replay_compute_matched,500,er500_matched,PASS,0.0,0.0,10,128,160,10;8;8;8;8,800,160;160;160;160;160,800,100000,20000;20000;20000;20000;20000,100000,not_applicable,not_applicable,0.9797999999999998,0.978,0.962,0,0.5441999999999999,0.5445,0.5445,1.162,1.162,cuda:0,1000,500,compute_matched_er500,0.996,0.968,0.978,0.995,0.962,0.954,0.968,0.209,0.0,0.59,0.954,0.968,0.209,0.0,0.59
5,perm_088,none,perm_088,"[3,2,4,0,1]",3-2-4-0-1,experience_replay_compute_matched,500,er500_matched,PASS,0.0,0.0,10,128,160,10;8;8;8;8,800,160;160;160;160;160,800,100000,20000;20000;20000;20000;20000,100000,not_applicable,not_applicable,0.9802,0.987,0.958,0,0.5636,0.52075,0.52075,1.161,1.161,cuda:0,1000,500,compute_matched_er500,0.994,0.967,0.987,0.995,0.958,0.983,0.967,0.292,0.0,0.576,0.983,0.967,0.292,0.0,0.576
6,perm_088,none,perm_088,"[3,2,4,0,1]",3-2-4-0-1,experience_replay_compute_matched,500,er500_matched,PASS,0.0,0.0,10,128,160,10;8;8;8;8,800,160;160;160;160;160,800,100000,20000;20000;20000;20000;20000,100000,not_applicable,not_applicable,0.9794,0.985,0.959,0,0.615,0.4555,0.4555,1.187,1.187,cuda:0,1000,500,compute_matched_er500,0.993,0.965,0.985,0.995,0.959,0.964,0.965,0.52,0.009,0.617,0.964,0.965,0.52,0.009,0.617
7,perm_088,none,perm_088,"[3,2,4,0,1]",3-2-4-0-1,experience_replay_compute_matched,500,er500_matched,PASS,0.0,0.0,10,128,160,10;8;8;8;8,800,160;160;160;160;160,800,100000,20000;20000;20000;20000;20000,100000,not_applicable,not_applicable,0.9785999999999999,0.982,0.959,0,0.6195999999999999,0.44875000000000004,0.44875000000000004,1.178,1.178,cuda:0,1000,500,compute_matched_er500,0.997,0.959,0.982,0.995,0.96,0.969,0.959,0.458,0.0,0.712,0.969,0.959,0.458,0.0,0.712
8,perm_088,none,perm_088,"[3,2,4,0,1]",3-2-4-0-1,experience_replay_compute_matched,500,er500_matched,PASS,0.0,0.0,10,128,160,10;8;8;8;8,800,160;160;160;160;160,800,100000,20000;20000;20000;20000;20000,100000,not_applicable,not_applicable,0.982,0.986,0.963,0,0.5638,0.52275,0.52275,1.171,1.171,cuda:0,1000,500,compute_matched_er500,0.999,0.967,0.986,0.995,0.963,0.968,0.967,0.223,0.012,0.649,0.968,0.967,0.223,0.012,0.649
9,perm_088,none,perm_088,"[3,2,4,0,1]",3-2-4-0-1,experience_replay_compute_matched,500,er500_matched,PASS,0.0,0.0,10,128,160,10;8;8;8;8,800,160;160;160;160;160,800,100000,20000;20000;20000;20000;20000,100000,not_applicable,not_applicable,0.983,0.984,0.969,0,0.5079999999999999,0.59375,0.59375,1.178,1.178,cuda:0,1000,500,compute_matched_er500,0.998,0.969,0.984,0.995,0.969,0.956,0.969,0.191,0.0,0.424,0.956,0.969,0.191,0.0,0.424
10,perm_088,none,perm_088,"[3,2,4,0,1]",3-2-4-0-1,experience_replay_compute_matched,500,er500_matched,PASS,0.0,0.0,10,128,160,10;8;8;8;8,800,160;160;160;160;160,800,100000,20000;20000;20000;20000;20000,100000,not_applicable,not_applicable,0.9798,0.985,0.958,0,0.5471999999999999,0.5407500000000001,0.5407500000000001,1.174,1.174,cuda:0,1000,500,compute_matched_er500,0.997,0.966,0.985,0.993,0.958,0.968,0.966,0.221,0.002,0.579,0.968,0.966,0.221,0.002,0.579
1,perm_089,none,perm_089,"[3,2,4,1,0]",3-2-4-1-0,experience_replay_compute_matched,500,er500_matched,PASS,0.0,0.0,10,128,160,10;8;8;8;8,800,160;160;160;160;160,800,100000,20000;20000;20000;20000;20000,100000,not_applicable,not_applicable,0.9799999999999999,0.987,0.962,0,0.6104,0.46199999999999997,0.46199999999999997,1.174,1.174,cuda:0,1000,500,compute_matched_er500,0.995,0.964,0.987,0.992,0.962,0.995,0.926,0.33,0.0,0.801,0.995,0.926,0.33,0.0,0.801
2,perm_089,none,perm_089,"[3,2,4,1,0]",3-2-4-1-0,experience_replay_compute_matched,500,er500_matched,PASS,0.0,0.0,10,128,160,10;8;8;8;8,800,160;160;160;160;160,800,100000,20000;20000;20000;20000;20000,100000,not_applicable,not_applicable,0.9763999999999999,0.979,0.956,0,0.6396,0.42099999999999993,0.42099999999999993,1.185,1.185,cuda:0,1000,500,compute_matched_er500,0.995,0.957,0.979,0.995,0.956,0.995,0.924,0.324,0.206,0.749,0.995,0.924,0.324,0.206,0.749
3,perm_089,none,perm_089,"[3,2,4,1,0]",3-2-4-1-0,experience_replay_compute_matched,500,er500_matched,PASS,0.0,0.0,10,128,160,10;8;8;8;8,800,160;160;160;160;160,800,100000,20000;20000;20000;20000;20000,100000,not_applicable,not_applicable,0.9802,0.986,0.961,0,0.6182,0.45249999999999996,0.45249999999999996,1.171,1.171,cuda:0,1000,500,compute_matched_er500,0.994,0.965,0.986,0.995,0.961,0.994,0.917,0.367,0.006,0.807,0.994,0.917,0.367,0.006,0.807
4,perm_089,none,perm_089,"[3,2,4,1,0]",3-2-4-1-0,experience_replay_compute_matched,500,er500_matched,PASS,0.0,0.0,10,128,160,10;8;8;8;8,800,160;160;160;160;160,800,100000,20000;20000;20000;20000;20000,100000,not_applicable,not_applicable,0.9789999999999999,0.981,0.957,0,0.5828,0.49524999999999997,0.49524999999999997,1.16,1.16,cuda:0,1000,500,compute_matched_er500,0.996,0.957,0.981,0.994,0.967,0.996,0.924,0.231,0.0,0.763,0.996,0.924,0.231,0.0,0.763
5,perm_089,none,perm_089,"[3,2,4,1,0]",3-2-4-1-0,experience_replay_compute_matched,500,er500_matched,PASS,0.0,0.0,10,128,160,10;8;8;8;8,800,160;160;160;160;160,800,100000,20000;20000;20000;20000;20000,100000,not_applicable,not_applicable,0.9772000000000001,0.981,0.951,0,0.6008,0.4705,0.4705,1.171,1.171,cuda:0,1000,500,compute_matched_er500,0.996,0.963,0.981,0.995,0.951,0.996,0.911,0.299,0.043,0.755,0.996,0.911,0.299,0.043,0.755
6,perm_089,none,perm_089,"[3,2,4,1,0]",3-2-4-1-0,experience_replay_compute_matched,500,er500_matched,PASS,0.0,0.0,10,128,160,10;8;8;8;8,800,160;160;160;160;160,800,100000,20000;20000;20000;20000;20000,100000,not_applicable,not_applicable,0.9803999999999998,0.987,0.96,0,0.671,0.3867499999999999,0.3867499999999999,1.18,1.18,cuda:0,1000,500,compute_matched_er500,0.996,0.96,0.987,0.995,0.964,0.996,0.934,0.458,0.169,0.798,0.996,0.934,0.458,0.169,0.798
7,perm_089,none,perm_089,"[3,2,4,1,0]",3-2-4-1-0,experience_replay_compute_matched,500,er500_matched,PASS,0.0,0.0,10,128,160,10;8;8;8;8,800,160;160;160;160;160,800,100000,20000;20000;20000;20000;20000,100000,not_applicable,not_applicable,0.9782,0.986,0.957,0,0.6729999999999999,0.38149999999999995,0.38149999999999995,1.168,1.168,cuda:0,1000,500,compute_matched_er500,0.994,0.957,0.986,0.995,0.959,0.994,0.919,0.596,0.041,0.815,0.994,0.919,0.596,0.041,0.815
8,perm_089,none,perm_089,"[3,2,4,1,0]",3-2-4-1-0,experience_replay_compute_matched,500,er500_matched,PASS,0.0,0.0,10,128,160,10;8;8;8;8,800,160;160;160;160;160,800,100000,20000;20000;20000;20000;20000,100000,not_applicable,not_applicable,0.9772000000000001,0.983,0.956,0,0.6477999999999999,0.41174999999999995,0.41174999999999995,1.165,1.165,cuda:0,1000,500,compute_matched_er500,0.994,0.956,0.983,0.995,0.958,0.994,0.913,0.384,0.191,0.757,0.994,0.913,0.384,0.191,0.757
9,perm_089,none,perm_089,"[3,2,4,1,0]",3-2-4-1-0,experience_replay_compute_matched,500,er500_matched,PASS,0.0,0.0,10,128,160,10;8;8;8;8,800,160;160;160;160;160,800,100000,20000;20000;20000;20000;20000,100000,not_applicable,not_applicable,0.9782,0.984,0.953,0,0.6126,0.45699999999999996,0.45699999999999996,1.16,1.16,cuda:0,1000,500,compute_matched_er500,0.996,0.962,0.984,0.996,0.953,0.996,0.921,0.337,0.011,0.798,0.996,0.921,0.337,0.011,0.798
10,perm_089,none,perm_089,"[3,2,4,1,0]",3-2-4-1-0,experience_replay_compute_matched,500,er500_matched,PASS,0.0,0.0,10,128,160,10;8;8;8;8,800,160;160;160;160;160,800,100000,20000;20000;20000;20000;20000,100000,not_applicable,not_applicable,0.9762000000000001,0.981,0.947,0,0.5604000000000001,0.5197499999999999,0.5197499999999999,1.173,1.173,cuda:0,1000,500,compute_matched_er500,0.996,0.947,0.981,0.994,0.963,0.996,0.912,0.229,0.103,0.562,0.996,0.912,0.229,0.103,0.562
1,perm_090,none,perm_090,"[3,4,0,1,2]",3-4-0-1-2,experience_replay_compute_matched,500,er500_matched,PASS,0.0,0.0,10,128,160,10;8;8;8;8,800,160;160;160;160;160,800,100000,20000;20000;20000;20000;20000,100000,not_applicable,not_applicable,0.9805999999999999,0.978,0.966,0,0.5994,0.4765,0.4765,1.231,1.231,cuda:0,1000,500,compute_matched_er500,0.995,0.966,0.978,0.994,0.97,0.903,0.894,0.978,0.222,0.0,0.903,0.894,0.978,0.222,0.0
2,perm_090,none,perm_090,"[3,4,0,1,2]",3-4-0-1-2,experience_replay_compute_matched,500,er500_matched,PASS,0.0,0.0,10,128,160,10;8;8;8;8,800,160;160;160;160;160,800,100000,20000;20000;20000;20000;20000,100000,not_applicable,not_applicable,0.9808,0.978,0.961,0,0.5522,0.53575,0.53575,1.144,1.144,cuda:0,1000,500,compute_matched_er500,0.992,0.961,0.978,0.996,0.977,0.903,0.88,0.978,0.0,0.0,0.903,0.88,0.978,0.0,0.0
3,perm_090,none,perm_090,"[3,4,0,1,2]",3-4-0-1-2,experience_replay_compute_matched,500,er500_matched,PASS,0.0,0.0,10,128,160,10;8;8;8;8,800,160;160;160;160;160,800,100000,20000;20000;20000;20000;20000,100000,not_applicable,not_applicable,0.985,0.992,0.97,0,0.5975999999999999,0.48424999999999996,0.48424999999999996,1.154,1.154,cuda:0,1000,500,compute_matched_er500,0.994,0.97,0.992,0.995,0.974,0.883,0.861,0.992,0.252,0.0,0.883,0.861,0.992,0.252,0.0
4,perm_090,none,perm_090,"[3,4,0,1,2]",3-4-0-1-2,experience_replay_compute_matched,500,er500_matched,PASS,0.0,0.0,10,128,160,10;8;8;8;8,800,160;160;160;160;160,800,100000,20000;20000;20000;20000;20000,100000,not_applicable,not_applicable,0.9812,0.973,0.973,0,0.5513999999999999,0.53725,0.53725,1.186,1.186,cuda:0,1000,500,compute_matched_er500,0.994,0.973,0.973,0.993,0.973,0.885,0.898,0.973,0.001,0.0,0.885,0.898,0.973,0.001,0.0
5,perm_090,none,perm_090,"[3,4,0,1,2]",3-4-0-1-2,experience_replay_compute_matched,500,er500_matched,PASS,0.0,0.0,10,128,160,10;8;8;8;8,800,160;160;160;160;160,800,100000,20000;20000;20000;20000;20000,100000,not_applicable,not_applicable,0.9828000000000001,0.981,0.967,0,0.5780000000000001,0.506,0.506,1.213,1.213,cuda:0,1000,500,compute_matched_er500,0.996,0.967,0.981,0.995,0.975,0.895,0.874,0.981,0.14,0.0,0.895,0.874,0.981,0.14,0.0
6,perm_090,none,perm_090,"[3,4,0,1,2]",3-4-0-1-2,experience_replay_compute_matched,500,er500_matched,PASS,0.0,0.0,10,128,160,10;8;8;8;8,800,160;160;160;160;160,800,100000,20000;20000;20000;20000;20000,100000,not_applicable,not_applicable,0.9828000000000001,0.977,0.971,0,0.5598,0.5287499999999999,0.5287499999999999,1.273,1.273,cuda:0,1000,500,compute_matched_er500,0.996,0.971,0.977,0.993,0.977,0.891,0.873,0.977,0.058,0.0,0.891,0.873,0.977,0.058,0.0
7,perm_090,none,perm_090,"[3,4,0,1,2]",3-4-0-1-2,experience_replay_compute_matched,500,er500_matched,PASS,0.0,0.0,10,128,160,10;8;8;8;8,800,160;160;160;160;160,800,100000,20000;20000;20000;20000;20000,100000,not_applicable,not_applicable,0.9818,0.983,0.962,0,0.5876,0.49275,0.49275,1.27,1.27,cuda:0,1000,500,compute_matched_er500,0.993,0.962,0.983,0.995,0.976,0.833,0.861,0.983,0.261,0.0,0.833,0.861,0.983,0.261,0.0
8,perm_090,none,perm_090,"[3,4,0,1,2]",3-4-0-1-2,experience_replay_compute_matched,500,er500_matched,PASS,0.0,0.0,10,128,160,10;8;8;8;8,800,160;160;160;160;160,800,100000,20000;20000;20000;20000;20000,100000,not_applicable,not_applicable,0.9818000000000001,0.976,0.967,0,0.6128,0.46125,0.46125,1.26,1.26,cuda:0,1000,500,compute_matched_er500,0.996,0.967,0.976,0.995,0.975,0.883,0.904,0.976,0.294,0.007,0.883,0.904,0.976,0.294,0.007
9,perm_090,none,perm_090,"[3,4,0,1,2]",3-4-0-1-2,experience_replay_compute_matched,500,er500_matched,PASS,0.0,0.0,10,128,160,10;8;8;8;8,800,160;160;160;160;160,800,100000,20000;20000;20000;20000;20000,100000,not_applicable,not_applicable,0.9810000000000001,0.974,0.969,0,0.5519999999999999,0.53625,0.53625,1.262,1.262,cuda:0,1000,500,compute_matched_er500,0.995,0.972,0.974,0.995,0.969,0.882,0.893,0.974,0.011,0.0,0.882,0.893,0.974,0.011,0.0
10,perm_090,none,perm_090,"[3,4,0,1,2]",3-4-0-1-2,experience_replay_compute_matched,500,er500_matched,PASS,0.0,0.0,10,128,160,10;8;8;8;8,800,160;160;160;160;160,800,100000,20000;20000;20000;20000;20000,100000,not_applicable,not_applicable,0.9808,0.977,0.96,0,0.558,0.5285,0.5285,1.253,1.253,cuda:0,1000,500,compute_matched_er500,0.996,0.96,0.977,0.995,0.976,0.877,0.891,0.977,0.045,0.0,0.877,0.891,0.977,0.045,0.0
1,perm_091,none,perm_091,"[3,4,0,2,1]",3-4-0-2-1,experience_replay_compute_matched,500,er500_matched,PASS,0.0,0.0,10,128,160,10;8;8;8;8,800,160;160;160;160;160,800,100000,20000;20000;20000;20000;20000,100000,not_applicable,not_applicable,0.9810000000000001,0.988,0.949,0,0.5442,0.5459999999999999,0.5459999999999999,1.214,1.214,cuda:0,1000,500,compute_matched_er500,0.997,0.949,0.988,0.994,0.977,0.884,0.949,0.888,0.0,0.0,0.884,0.949,0.888,0.0,0.0
2,perm_091,none,perm_091,"[3,4,0,2,1]",3-4-0-2-1,experience_replay_compute_matched,500,er500_matched,PASS,0.0,0.0,10,128,160,10;8;8;8;8,800,160;160;160;160;160,800,100000,20000;20000;20000;20000;20000,100000,not_applicable,not_applicable,0.9838000000000001,0.991,0.964,0,0.5504,0.54175,0.54175,1.219,1.219,cuda:0,1000,500,compute_matched_er500,0.994,0.964,0.991,0.995,0.975,0.896,0.964,0.885,0.0,0.007,0.896,0.964,0.885,0.0,0.007
3,perm_091,none,perm_091,"[3,4,0,2,1]",3-4-0-2-1,experience_replay_compute_matched,500,er500_matched,PASS,0.0,0.0,10,128,160,10;8;8;8;8,800,160;160;160;160;160,800,100000,20000;20000;20000;20000;20000,100000,not_applicable,not_applicable,0.9826,0.989,0.963,0,0.5428,0.54975,0.54975,1.252,1.252,cuda:0,1000,500,compute_matched_er500,0.994,0.963,0.989,0.995,0.972,0.882,0.963,0.869,0.0,0.0,0.882,0.963,0.869,0.0,0.0
4,perm_091,none,perm_091,"[3,4,0,2,1]",3-4-0-2-1,experience_replay_compute_matched,500,er500_matched,PASS,0.0,0.0,10,128,160,10;8;8;8;8,800,160;160;160;160;160,800,100000,20000;20000;20000;20000;20000,100000,not_applicable,not_applicable,0.9847999999999999,0.994,0.968,0,0.5548,0.5375,0.5375,1.244,1.244,cuda:0,1000,500,compute_matched_er500,0.996,0.968,0.994,0.995,0.971,0.867,0.968,0.911,0.0,0.028,0.867,0.968,0.911,0.0,0.028
5,perm_091,none,perm_091,"[3,4,0,2,1]",3-4-0-2-1,experience_replay_compute_matched,500,er500_matched,PASS,0.0,0.0,10,128,160,10;8;8;8;8,800,160;160;160;160;160,800,100000,20000;20000;20000;20000;20000,100000,not_applicable,not_applicable,0.9808,0.987,0.957,0,0.5346,0.55775,0.55775,1.266,1.266,cuda:0,1000,500,compute_matched_er500,0.997,0.957,0.987,0.995,0.968,0.844,0.957,0.869,0.003,0.0,0.844,0.957,0.869,0.003,0.0
6,perm_091,none,perm_091,"[3,4,0,2,1]",3-4-0-2-1,experience_replay_compute_matched,500,er500_matched,PASS,0.0,0.0,10,128,160,10;8;8;8;8,800,160;160;160;160;160,800,100000,20000;20000;20000;20000;20000,100000,not_applicable,not_applicable,0.984,0.991,0.965,0,0.5597999999999999,0.5302499999999999,0.5302499999999999,1.252,1.252,cuda:0,1000,500,compute_matched_er500,0.991,0.965,0.995,0.994,0.975,0.875,0.965,0.924,0.026,0.009,0.875,0.965,0.924,0.026,0.009
7,perm_091,none,perm_091,"[3,4,0,2,1]",3-4-0-2-1,experience_replay_compute_matched,500,er500_matched,PASS,0.0,0.0,10,128,160,10;8;8;8;8,800,160;160;160;160;160,800,100000,20000;20000;20000;20000;20000,100000,not_applicable,not_applicable,0.9842000000000001,0.991,0.965,0,0.5511999999999999,0.54125,0.54125,1.281,1.281,cuda:0,1000,500,compute_matched_er500,0.991,0.965,0.991,0.995,0.979,0.854,0.965,0.891,0.034,0.012,0.854,0.965,0.891,0.034,0.012
8,perm_091,none,perm_091,"[3,4,0,2,1]",3-4-0-2-1,experience_replay_compute_matched,500,er500_matched,PASS,0.0,0.0,10,128,160,10;8;8;8;8,800,160;160;160;160;160,800,100000,20000;20000;20000;20000;20000,100000,not_applicable,not_applicable,0.9827999999999999,0.991,0.96,0,0.58,0.5035,0.5035,1.296,1.296,cuda:0,1000,500,compute_matched_er500,0.993,0.96,0.991,0.993,0.977,0.857,0.96,0.908,0.106,0.069,0.857,0.96,0.908,0.106,0.069
9,perm_091,none,perm_091,"[3,4,0,2,1]",3-4-0-2-1,experience_replay_compute_matched,500,er500_matched,PASS,0.0,0.0,10,128,160,10;8;8;8;8,800,160;160;160;160;160,800,100000,20000;20000;20000;20000;20000,100000,not_applicable,not_applicable,0.9858,0.991,0.968,0,0.5352,0.56325,0.56325,1.272,1.272,cuda:0,1000,500,compute_matched_er500,0.996,0.968,0.991,0.995,0.979,0.855,0.968,0.853,0.0,0.0,0.855,0.968,0.853,0.0,0.0
10,perm_091,none,perm_091,"[3,4,0,2,1]",3-4-0-2-1,experience_replay_compute_matched,500,er500_matched,PASS,0.0,0.0,10,128,160,10;8;8;8;8,800,160;160;160;160;160,800,100000,20000;20000;20000;20000;20000,100000,not_applicable,not_applicable,0.9837999999999999,0.994,0.962,0,0.535,0.5609999999999999,0.5609999999999999,1.158,1.158,cuda:0,1000,500,compute_matched_er500,0.994,0.962,0.995,0.994,0.974,0.8,0.962,0.902,0.011,0.0,0.8,0.962,0.902,0.011,0.0
1,perm_092,none,perm_092,"[3,4,1,0,2]",3-4-1-0-2,experience_replay_compute_matched,500,er500_matched,PASS,0.0,0.0,10,128,160,10;8;8;8;8,800,160;160;160;160;160,800,100000,20000;20000;20000;20000;20000,100000,not_applicable,not_applicable,0.9794,0.985,0.95,0,0.5288,0.56325,0.56325,1.17,1.17,cuda:0,1000,500,compute_matched_er500,0.996,0.95,0.985,0.994,0.972,0.981,0.678,0.985,0.0,0.0,0.981,0.678,0.985,0.0,0.0
2,perm_092,none,perm_092,"[3,4,1,0,2]",3-4-1-0-2,experience_replay_compute_matched,500,er500_matched,PASS,0.0,0.0,10,128,160,10;8;8;8;8,800,160;160;160;160;160,800,100000,20000;20000;20000;20000;20000,100000,not_applicable,not_applicable,0.9827999999999999,0.983,0.962,0,0.5134000000000001,0.58675,0.58675,1.165,1.165,cuda:0,1000,500,compute_matched_er500,0.996,0.962,0.983,0.995,0.978,0.965,0.619,0.983,0.0,0.0,0.965,0.619,0.983,0.0,0.0
3,perm_092,none,perm_092,"[3,4,1,0,2]",3-4-1-0-2,experience_replay_compute_matched,500,er500_matched,PASS,0.0,0.0,10,128,160,10;8;8;8;8,800,160;160;160;160;160,800,100000,20000;20000;20000;20000;20000,100000,not_applicable,not_applicable,0.9808,0.987,0.951,0,0.5913999999999999,0.48675,0.48675,1.173,1.173,cuda:0,1000,500,compute_matched_er500,0.996,0.951,0.987,0.995,0.975,0.979,0.711,0.987,0.28,0.0,0.979,0.711,0.987,0.28,0.0
4,perm_092,none,perm_092,"[3,4,1,0,2]",3-4-1-0-2,experience_replay_compute_matched,500,er500_matched,PASS,0.0,0.0,10,128,160,10;8;8;8;8,800,160;160;160;160;160,800,100000,20000;20000;20000;20000;20000,100000,not_applicable,not_applicable,0.9814,0.99,0.955,0,0.5426,0.5485,0.5485,1.173,1.173,cuda:0,1000,500,compute_matched_er500,0.995,0.955,0.99,0.995,0.972,0.959,0.657,0.99,0.107,0.0,0.959,0.657,0.99,0.107,0.0
5,perm_092,none,perm_092,"[3,4,1,0,2]",3-4-1-0-2,experience_replay_compute_matched,500,er500_matched,PASS,0.0,0.0,10,128,160,10;8;8;8;8,800,160;160;160;160;160,800,100000,20000;20000;20000;20000;20000,100000,not_applicable,not_applicable,0.983,0.991,0.957,0,0.5932000000000001,0.48724999999999996,0.48724999999999996,1.167,1.167,cuda:0,1000,500,compute_matched_er500,0.996,0.957,0.991,0.995,0.976,0.957,0.721,0.991,0.262,0.035,0.957,0.721,0.991,0.262,0.035
6,perm_092,none,perm_092,"[3,4,1,0,2]",3-4-1-0-2,experience_replay_compute_matched,500,er500_matched,PASS,0.0,0.0,10,128,160,10;8;8;8;8,800,160;160;160;160;160,800,100000,20000;20000;20000;20000;20000,100000,not_applicable,not_applicable,0.9818,0.99,0.956,0,0.5307999999999999,0.56375,0.56375,1.16,1.16,cuda:0,1000,500,compute_matched_er500,0.994,0.956,0.99,0.994,0.975,0.964,0.663,0.99,0.037,0.0,0.964,0.663,0.99,0.037,0.0
7,perm_092,none,perm_092,"[3,4,1,0,2]",3-4-1-0-2,experience_replay_compute_matched,500,er500_matched,PASS,0.0,0.0,10,128,160,10;8;8;8;8,800,160;160;160;160;160,800,100000,20000;20000;20000;20000;20000,100000,not_applicable,not_applicable,0.9808,0.992,0.946,0,0.6039999999999999,0.471,0.471,1.162,1.162,cuda:0,1000,500,compute_matched_er500,0.995,0.946,0.992,0.996,0.975,0.978,0.761,0.992,0.255,0.034,0.978,0.761,0.992,0.255,0.034
8,perm_092,none,perm_092,"[3,4,1,0,2]",3-4-1-0-2,experience_replay_compute_matched,500,er500_matched,PASS,0.0,0.0,10,128,160,10;8;8;8;8,800,160;160;160;160;160,800,100000,20000;20000;20000;20000;20000,100000,not_applicable,not_applicable,0.9804,0.982,0.953,0,0.5247999999999999,0.5695,0.5695,1.17,1.17,cuda:0,1000,500,compute_matched_er500,0.996,0.953,0.982,0.995,0.976,0.976,0.6,0.982,0.066,0.0,0.976,0.6,0.982,0.066,0.0
9,perm_092,none,perm_092,"[3,4,1,0,2]",3-4-1-0-2,experience_replay_compute_matched,500,er500_matched,PASS,0.0,0.0,10,128,160,10;8;8;8;8,800,160;160;160;160;160,800,100000,20000;20000;20000;20000;20000,100000,not_applicable,not_applicable,0.9823999999999999,0.989,0.958,0,0.5515999999999999,0.5385,0.5385,1.163,1.163,cuda:0,1000,500,compute_matched_er500,0.995,0.958,0.989,0.995,0.975,0.962,0.592,0.989,0.215,0.0,0.962,0.592,0.989,0.215,0.0
10,perm_092,none,perm_092,"[3,4,1,0,2]",3-4-1-0-2,experience_replay_compute_matched,500,er500_matched,PASS,0.0,0.0,10,128,160,10;8;8;8;8,800,160;160;160;160;160,800,100000,20000;20000;20000;20000;20000,100000,not_applicable,not_applicable,0.9823999999999999,0.991,0.956,0,0.545,0.5467500000000001,0.5467500000000001,1.186,1.186,cuda:0,1000,500,compute_matched_er500,0.996,0.956,0.991,0.995,0.974,0.974,0.594,0.991,0.166,0.0,0.974,0.594,0.991,0.166,0.0
1,perm_093,none,perm_093,"[3,4,1,2,0]",3-4-1-2-0,experience_replay_compute_matched,500,er500_matched,PASS,0.0,0.0,10,128,160,10;8;8;8;8,800,160;160;160;160;160,800,100000,20000;20000;20000;20000;20000,100000,not_applicable,not_applicable,0.9785999999999999,0.981,0.952,0,0.6142000000000001,0.4555,0.4555,1.169,1.169,cuda:0,1000,500,compute_matched_er500,0.994,0.952,0.981,0.994,0.972,0.994,0.759,0.94,0.216,0.162,0.994,0.759,0.94,0.216,0.162
2,perm_093,none,perm_093,"[3,4,1,2,0]",3-4-1-2-0,experience_replay_compute_matched,500,er500_matched,PASS,0.0,0.0,10,128,160,10;8;8;8;8,800,160;160;160;160;160,800,100000,20000;20000;20000;20000;20000,100000,not_applicable,not_applicable,0.9815999999999999,0.982,0.96,0,0.5976000000000001,0.48,0.48,1.156,1.156,cuda:0,1000,500,compute_matched_er500,0.995,0.96,0.976,0.995,0.982,0.995,0.782,0.951,0.095,0.165,0.995,0.782,0.951,0.095,0.165
3,perm_093,none,perm_093,"[3,4,1,2,0]",3-4-1-2-0,experience_replay_compute_matched,500,er500_matched,PASS,0.0,0.0,10,128,160,10;8;8;8;8,800,160;160;160;160;160,800,100000,20000;20000;20000;20000;20000,100000,not_applicable,not_applicable,0.9816,0.986,0.956,0,0.5698,0.51475,0.51475,1.175,1.175,cuda:0,1000,500,compute_matched_er500,0.993,0.956,0.986,0.995,0.978,0.993,0.809,0.948,0.081,0.018,0.993,0.809,0.948,0.081,0.018
4,perm_093,none,perm_093,"[3,4,1,2,0]",3-4-1-2-0,experience_replay_compute_matched,500,er500_matched,PASS,0.0,0.0,10,128,160,10;8;8;8;8,800,160;160;160;160;160,800,100000,20000;20000;20000;20000;20000,100000,not_applicable,not_applicable,0.9814,0.98,0.959,0,0.5454000000000001,0.5449999999999999,0.5449999999999999,1.234,1.234,cuda:0,1000,500,compute_matched_er500,0.995,0.959,0.978,0.995,0.98,0.995,0.737,0.941,0.043,0.011,0.995,0.737,0.941,0.043,0.011
5,perm_093,none,perm_093,"[3,4,1,2,0]",3-4-1-2-0,experience_replay_compute_matched,500,er500_matched,PASS,0.0,0.0,10,128,160,10;8;8;8;8,800,160;160;160;160;160,800,100000,20000;20000;20000;20000;20000,100000,not_applicable,not_applicable,0.9818,0.985,0.956,0,0.5406,0.5515,0.5515,1.212,1.212,cuda:0,1000,500,compute_matched_er500,0.997,0.956,0.985,0.995,0.976,0.997,0.749,0.921,0.028,0.008,0.997,0.749,0.921,0.028,0.008
6,perm_093,none,perm_093,"[3,4,1,2,0]",3-4-1-2-0,experience_replay_compute_matched,500,er500_matched,PASS,0.0,0.0,10,128,160,10;8;8;8;8,800,160;160;160;160;160,800,100000,20000;20000;20000;20000;20000,100000,not_applicable,not_applicable,0.9802000000000002,0.983,0.958,0,0.5588,0.5267499999999999,0.5267499999999999,1.198,1.198,cuda:0,1000,500,compute_matched_er500,0.997,0.958,0.983,0.994,0.969,0.997,0.809,0.937,0.001,0.05,0.997,0.809,0.937,0.001,0.05
7,perm_093,none,perm_093,"[3,4,1,2,0]",3-4-1-2-0,experience_replay_compute_matched,500,er500_matched,PASS,0.0,0.0,10,128,160,10;8;8;8;8,800,160;160;160;160;160,800,100000,20000;20000;20000;20000;20000,100000,not_applicable,not_applicable,0.9814,0.978,0.963,0,0.5568,0.5307499999999999,0.5307499999999999,1.187,1.187,cuda:0,1000,500,compute_matched_er500,0.994,0.963,0.978,0.995,0.977,0.994,0.737,0.938,0.107,0.008,0.994,0.737,0.938,0.107,0.008
8,perm_093,none,perm_093,"[3,4,1,2,0]",3-4-1-2-0,experience_replay_compute_matched,500,er500_matched,PASS,0.0,0.0,10,128,160,10;8;8;8;8,800,160;160;160;160;160,800,100000,20000;20000;20000;20000;20000,100000,not_applicable,not_applicable,0.9808,0.982,0.96,0,0.5644,0.5205,0.5205,1.212,1.212,cuda:0,1000,500,compute_matched_er500,0.994,0.96,0.982,0.995,0.973,0.994,0.774,0.93,0.124,0.0,0.994,0.774,0.93,0.124,0.0
9,perm_093,none,perm_093,"[3,4,1,2,0]",3-4-1-2-0,experience_replay_compute_matched,500,er500_matched,PASS,0.0,0.0,10,128,160,10;8;8;8;8,800,160;160;160;160;160,800,100000,20000;20000;20000;20000;20000,100000,not_applicable,not_applicable,0.9798,0.981,0.956,0,0.558,0.52725,0.52725,1.205,1.205,cuda:0,1000,500,compute_matched_er500,0.995,0.956,0.981,0.995,0.972,0.995,0.726,0.937,0.08,0.052,0.995,0.726,0.937,0.08,0.052
10,perm_093,none,perm_093,"[3,4,1,2,0]",3-4-1-2-0,experience_replay_compute_matched,500,er500_matched,PASS,0.0,0.0,10,128,160,10;8;8;8;8,800,160;160;160;160;160,800,100000,20000;20000;20000;20000;20000,100000,not_applicable,not_applicable,0.9823999999999999,0.983,0.958,0,0.5012,0.6015,0.6015,1.275,1.275,cuda:0,1000,500,compute_matched_er500,0.996,0.958,0.983,0.995,0.98,0.996,0.57,0.939,0.0,0.001,0.996,0.57,0.939,0.0,0.001
1,perm_094,none,perm_094,"[3,4,2,0,1]",3-4-2-0-1,experience_replay_compute_matched,500,er500_matched,PASS,0.0,0.0,10,128,160,10;8;8;8;8,800,160;160;160;160;160,800,100000,20000;20000;20000;20000;20000,100000,not_applicable,not_applicable,0.984,0.984,0.968,0,0.5504,0.542,0.542,1.331,1.331,cuda:0,1000,500,compute_matched_er500,0.997,0.968,0.984,0.996,0.975,0.964,0.968,0.74,0.016,0.064,0.964,0.968,0.74,0.016,0.064
2,perm_094,none,perm_094,"[3,4,2,0,1]",3-4-2-0-1,experience_replay_compute_matched,500,er500_matched,PASS,0.0,0.0,10,128,160,10;8;8;8;8,800,160;160;160;160;160,800,100000,20000;20000;20000;20000;20000,100000,not_applicable,not_applicable,0.9802,0.979,0.961,0,0.5586,0.5269999999999999,0.5269999999999999,1.341,1.341,cuda:0,1000,500,compute_matched_er500,0.996,0.961,0.979,0.995,0.97,0.964,0.961,0.779,0.04,0.049,0.964,0.961,0.779,0.04,0.049
3,perm_094,none,perm_094,"[3,4,2,0,1]",3-4-2-0-1,experience_replay_compute_matched,500,er500_matched,PASS,0.0,0.0,10,128,160,10;8;8;8;8,800,160;160;160;160;160,800,100000,20000;20000;20000;20000;20000,100000,not_applicable,not_applicable,0.9814,0.983,0.962,0,0.5633999999999999,0.5225,0.5225,1.304,1.304,cuda:0,1000,500,compute_matched_er500,0.996,0.962,0.983,0.996,0.97,0.962,0.962,0.695,0.031,0.167,0.962,0.962,0.695,0.031,0.167
4,perm_094,none,perm_094,"[3,4,2,0,1]",3-4-2-0-1,experience_replay_compute_matched,500,er500_matched,PASS,0.0,0.0,10,128,160,10;8;8;8;8,800,160;160;160;160;160,800,100000,20000;20000;20000;20000;20000,100000,not_applicable,not_applicable,0.9810000000000001,0.98,0.961,0,0.47919999999999996,0.6272500000000001,0.6272500000000001,1.311,1.311,cuda:0,1000,500,compute_matched_er500,0.996,0.961,0.98,0.994,0.974,0.947,0.961,0.488,0.0,0.0,0.947,0.961,0.488,0.0,0.0
5,perm_094,none,perm_094,"[3,4,2,0,1]",3-4-2-0-1,experience_replay_compute_matched,500,er500_matched,PASS,0.0,0.0,10,128,160,10;8;8;8;8,800,160;160;160;160;160,800,100000,20000;20000;20000;20000;20000,100000,not_applicable,not_applicable,0.9812,0.976,0.965,0,0.5748,0.508,0.508,1.322,1.322,cuda:0,1000,500,compute_matched_er500,0.994,0.965,0.976,0.995,0.976,0.967,0.965,0.758,0.012,0.172,0.967,0.965,0.758,0.012,0.172
6,perm_094,none,perm_094,"[3,4,2,0,1]",3-4-2-0-1,experience_replay_compute_matched,500,er500_matched,PASS,0.0,0.0,10,128,160,10;8;8;8;8,800,160;160;160;160;160,800,100000,20000;20000;20000;20000;20000,100000,not_applicable,not_applicable,0.9814,0.978,0.96,0,0.5186,0.5785,0.5785,1.261,1.261,cuda:0,1000,500,compute_matched_er500,0.999,0.96,0.978,0.994,0.976,0.957,0.96,0.651,0.025,0.0,0.957,0.96,0.651,0.025,0.0
7,perm_094,none,perm_094,"[3,4,2,0,1]",3-4-2-0-1,experience_replay_compute_matched,500,er500_matched,PASS,0.0,0.0,10,128,160,10;8;8;8;8,800,160;160;160;160;160,800,100000,20000;20000;20000;20000;20000,100000,not_applicable,not_applicable,0.983,0.982,0.969,0,0.6108,0.46525,0.46525,1.21,1.21,cuda:0,1000,500,compute_matched_er500,0.997,0.969,0.982,0.996,0.971,0.967,0.969,0.728,0.2,0.19,0.967,0.969,0.728,0.2,0.19
8,perm_094,none,perm_094,"[3,4,2,0,1]",3-4-2-0-1,experience_replay_compute_matched,500,er500_matched,PASS,0.0,0.0,10,128,160,10;8;8;8;8,800,160;160;160;160;160,800,100000,20000;20000;20000;20000;20000,100000,not_applicable,not_applicable,0.9826,0.985,0.961,0,0.5287999999999999,0.56725,0.56725,1.218,1.218,cuda:0,1000,500,compute_matched_er500,0.994,0.961,0.985,0.994,0.979,0.954,0.961,0.719,0.008,0.002,0.954,0.961,0.719,0.008,0.002
9,perm_094,none,perm_094,"[3,4,2,0,1]",3-4-2-0-1,experience_replay_compute_matched,500,er500_matched,PASS,0.0,0.0,10,128,160,10;8;8;8;8,800,160;160;160;160;160,800,100000,20000;20000;20000;20000;20000,100000,not_applicable,not_applicable,0.9810000000000001,0.976,0.962,0,0.5566000000000001,0.5305,0.5305,1.2,1.2,cuda:0,1000,500,compute_matched_er500,0.997,0.962,0.975,0.995,0.976,0.969,0.962,0.761,0.008,0.083,0.969,0.962,0.761,0.008,0.083
10,perm_094,none,perm_094,"[3,4,2,0,1]",3-4-2-0-1,experience_replay_compute_matched,500,er500_matched,PASS,0.0,0.0,10,128,160,10;8;8;8;8,800,160;160;160;160;160,800,100000,20000;20000;20000;20000;20000,100000,not_applicable,not_applicable,0.985,0.987,0.97,0,0.5786,0.508,0.508,1.217,1.217,cuda:0,1000,500,compute_matched_er500,0.999,0.97,0.987,0.994,0.975,0.976,0.97,0.679,0.0,0.268,0.976,0.97,0.679,0.0,0.268
1,perm_095,none,perm_095,"[3,4,2,1,0]",3-4-2-1-0,experience_replay_compute_matched,500,er500_matched,PASS,0.0,0.0,10,128,160,10;8;8;8;8,800,160;160;160;160;160,800,100000,20000;20000;20000;20000;20000,100000,not_applicable,not_applicable,0.9806000000000001,0.984,0.958,0,0.5616000000000001,0.5237499999999999,0.5237499999999999,1.214,1.214,cuda:0,1000,500,compute_matched_er500,0.995,0.958,0.984,0.994,0.972,0.995,0.927,0.704,0.182,0.0,0.995,0.927,0.704,0.182,0.0
2,perm_095,none,perm_095,"[3,4,2,1,0]",3-4-2-1-0,experience_replay_compute_matched,500,er500_matched,PASS,0.0,0.0,10,128,160,10;8;8;8;8,800,160;160;160;160;160,800,100000,20000;20000;20000;20000;20000,100000,not_applicable,not_applicable,0.9827999999999999,0.985,0.961,0,0.6447999999999999,0.4225,0.4225,1.218,1.218,cuda:0,1000,500,compute_matched_er500,0.997,0.961,0.985,0.995,0.976,0.997,0.915,0.839,0.097,0.376,0.997,0.915,0.839,0.097,0.376
3,perm_095,none,perm_095,"[3,4,2,1,0]",3-4-2-1-0,experience_replay_compute_matched,500,er500_matched,PASS,0.0,0.0,10,128,160,10;8;8;8;8,800,160;160;160;160;160,800,100000,20000;20000;20000;20000;20000,100000,not_applicable,not_applicable,0.9831999999999999,0.991,0.961,0,0.5658000000000001,0.5217499999999999,0.5217499999999999,1.208,1.208,cuda:0,1000,500,compute_matched_er500,0.994,0.961,0.991,0.995,0.975,0.994,0.907,0.784,0.0,0.144,0.994,0.907,0.784,0.0,0.144
4,perm_095,none,perm_095,"[3,4,2,1,0]",3-4-2-1-0,experience_replay_compute_matched,500,er500_matched,PASS,0.0,0.0,10,128,160,10;8;8;8;8,800,160;160;160;160;160,800,100000,20000;20000;20000;20000;20000,100000,not_applicable,not_applicable,0.9794,0.98,0.956,0,0.6258000000000001,0.44199999999999995,0.44199999999999995,1.172,1.172,cuda:0,1000,500,compute_matched_er500,0.993,0.956,0.98,0.994,0.974,0.993,0.917,0.748,0.146,0.325,0.993,0.917,0.748,0.146,0.325
5,perm_095,none,perm_095,"[3,4,2,1,0]",3-4-2-1-0,experience_replay_compute_matched,500,er500_matched,PASS,0.0,0.0,10,128,160,10;8;8;8;8,800,160;160;160;160;160,800,100000,20000;20000;20000;20000;20000,100000,not_applicable,not_applicable,0.9816,0.984,0.959,0,0.5551999999999999,0.533,0.533,1.169,1.169,cuda:0,1000,500,compute_matched_er500,0.994,0.959,0.984,0.995,0.976,0.994,0.905,0.787,0.0,0.09,0.994,0.905,0.787,0.0,0.09
6,perm_095,none,perm_095,"[3,4,2,1,0]",3-4-2-1-0,experience_replay_compute_matched,500,er500_matched,PASS,0.0,0.0,10,128,160,10;8;8;8;8,800,160;160;160;160;160,800,100000,20000;20000;20000;20000;20000,100000,not_applicable,not_applicable,0.9805999999999999,0.979,0.957,0,0.6428,0.42225,0.42225,1.191,1.191,cuda:0,1000,500,compute_matched_er500,0.994,0.957,0.979,0.994,0.979,0.994,0.928,0.828,0.182,0.282,0.994,0.928,0.828,0.182,0.282
7,perm_095,none,perm_095,"[3,4,2,1,0]",3-4-2-1-0,experience_replay_compute_matched,500,er500_matched,PASS,0.0,0.0,10,128,160,10;8;8;8;8,800,160;160;160;160;160,800,100000,20000;20000;20000;20000;20000,100000,not_applicable,not_applicable,0.9795999999999999,0.98,0.954,0,0.6604,0.3989999999999999,0.3989999999999999,1.16,1.16,cuda:0,1000,500,compute_matched_er500,0.995,0.954,0.98,0.995,0.974,0.995,0.93,0.805,0.061,0.511,0.995,0.93,0.805,0.061,0.511
8,perm_095,none,perm_095,"[3,4,2,1,0]",3-4-2-1-0,experience_replay_compute_matched,500,er500_matched,PASS,0.0,0.0,10,128,160,10;8;8;8;8,800,160;160;160;160;160,800,100000,20000;20000;20000;20000;20000,100000,not_applicable,not_applicable,0.9800000000000001,0.982,0.955,0,0.5319999999999999,0.5599999999999999,0.5599999999999999,1.193,1.193,cuda:0,1000,500,compute_matched_er500,0.995,0.955,0.982,0.994,0.974,0.995,0.928,0.728,0.0,0.009,0.995,0.928,0.728,0.0,0.009
9,perm_095,none,perm_095,"[3,4,2,1,0]",3-4-2-1-0,experience_replay_compute_matched,500,er500_matched,PASS,0.0,0.0,10,128,160,10;8;8;8;8,800,160;160;160;160;160,800,100000,20000;20000;20000;20000;20000,100000,not_applicable,not_applicable,0.9814,0.984,0.967,0,0.571,0.5129999999999999,0.5129999999999999,1.284,1.284,cuda:0,1000,500,compute_matched_er500,0.992,0.967,0.984,0.995,0.969,0.992,0.922,0.807,0.0,0.134,0.992,0.922,0.807,0.0,0.134
10,perm_095,none,perm_095,"[3,4,2,1,0]",3-4-2-1-0,experience_replay_compute_matched,500,er500_matched,PASS,0.0,0.0,10,128,160,10;8;8;8;8,800,160;160;160;160;160,800,100000,20000;20000;20000;20000;20000,100000,not_applicable,not_applicable,0.9816,0.978,0.965,0,0.5834,0.49774999999999997,0.49774999999999997,1.239,1.239,cuda:0,1000,500,compute_matched_er500,0.993,0.965,0.978,0.995,0.977,0.993,0.921,0.762,0.008,0.233,0.993,0.921,0.762,0.008,0.233
1,perm_096,none,perm_096,"[4,0,1,2,3]",4-0-1-2-3,experience_replay_compute_matched,500,er500_matched,PASS,0.0,0.0,10,128,160,10;8;8;8;8,800,160;160;160;160;160,800,100000,20000;20000;20000;20000;20000,100000,not_applicable,not_applicable,0.9783999999999999,0.979,0.962,0,0.6876,0.36349999999999993,0.36349999999999993,1.235,1.235,cuda:0,1000,500,compute_matched_er500,0.993,0.962,0.979,0.975,0.983,0.668,0.861,0.934,0.975,0.0,0.668,0.861,0.934,0.975,0.0
2,perm_096,none,perm_096,"[4,0,1,2,3]",4-0-1-2-3,experience_replay_compute_matched,500,er500_matched,PASS,0.0,0.0,10,128,160,10;8;8;8;8,800,160;160;160;160;160,800,100000,20000;20000;20000;20000;20000,100000,not_applicable,not_applicable,0.9836,0.985,0.971,0,0.6436,0.425,0.425,1.215,1.215,cuda:0,1000,500,compute_matched_er500,0.993,0.971,0.985,0.983,0.986,0.572,0.731,0.932,0.983,0.0,0.572,0.731,0.932,0.983,0.0
3,perm_096,none,perm_096,"[4,0,1,2,3]",4-0-1-2-3,experience_replay_compute_matched,500,er500_matched,PASS,0.0,0.0,10,128,160,10;8;8;8;8,800,160;160;160;160;160,800,100000,20000;20000;20000;20000;20000,100000,not_applicable,not_applicable,0.9812,0.981,0.971,0,0.6883999999999999,0.366,0.366,1.237,1.237,cuda:0,1000,500,compute_matched_er500,0.995,0.971,0.981,0.975,0.984,0.746,0.775,0.946,0.975,0.0,0.746,0.775,0.946,0.975,0.0
4,perm_096,none,perm_096,"[4,0,1,2,3]",4-0-1-2-3,experience_replay_compute_matched,500,er500_matched,PASS,0.0,0.0,10,128,160,10;8;8;8;8,800,160;160;160;160;160,800,100000,20000;20000;20000;20000;20000,100000,not_applicable,not_applicable,0.9806000000000001,0.982,0.96,0,0.6968,0.35475,0.35475,1.214,1.214,cuda:0,1000,500,compute_matched_er500,0.996,0.96,0.986,0.982,0.979,0.782,0.772,0.948,0.982,0.0,0.782,0.772,0.948,0.982,0.0
5,perm_096,none,perm_096,"[4,0,1,2,3]",4-0-1-2-3,experience_replay_compute_matched,500,er500_matched,PASS,0.0,0.0,10,128,160,10;8;8;8;8,800,160;160;160;160;160,800,100000,20000;20000;20000;20000;20000,100000,not_applicable,not_applicable,0.9827999999999999,0.986,0.967,0,0.6784,0.3805,0.3805,1.18,1.18,cuda:0,1000,500,compute_matched_er500,0.995,0.967,0.986,0.979,0.987,0.631,0.842,0.94,0.979,0.0,0.631,0.842,0.94,0.979,0.0
6,perm_096,none,perm_096,"[4,0,1,2,3]",4-0-1-2-3,experience_replay_compute_matched,500,er500_matched,PASS,0.0,0.0,10,128,160,10;8;8;8;8,800,160;160;160;160;160,800,100000,20000;20000;20000;20000;20000,100000,not_applicable,not_applicable,0.9843999999999999,0.986,0.972,0,0.6921999999999999,0.36524999999999996,0.36524999999999996,1.22,1.22,cuda:0,1000,500,compute_matched_er500,0.994,0.972,0.986,0.983,0.987,0.742,0.786,0.95,0.983,0.0,0.742,0.786,0.95,0.983,0.0
7,perm_096,none,perm_096,"[4,0,1,2,3]",4-0-1-2-3,experience_replay_compute_matched,500,er500_matched,PASS,0.0,0.0,10,128,160,10;8;8;8;8,800,160;160;160;160;160,800,100000,20000;20000;20000;20000;20000,100000,not_applicable,not_applicable,0.9815999999999999,0.983,0.965,0,0.6843999999999999,0.37149999999999994,0.37149999999999994,1.234,1.234,cuda:0,1000,500,compute_matched_er500,0.994,0.965,0.985,0.981,0.983,0.747,0.757,0.937,0.981,0.0,0.747,0.757,0.937,0.981,0.0
8,perm_096,none,perm_096,"[4,0,1,2,3]",4-0-1-2-3,experience_replay_compute_matched,500,er500_matched,PASS,0.0,0.0,10,128,160,10;8;8;8;8,800,160;160;160;160;160,800,100000,20000;20000;20000;20000;20000,100000,not_applicable,not_applicable,0.9823999999999999,0.985,0.97,0,0.6449999999999999,0.42174999999999996,0.42174999999999996,1.253,1.253,cuda:0,1000,500,compute_matched_er500,0.993,0.97,0.985,0.978,0.986,0.532,0.776,0.939,0.978,0.0,0.532,0.776,0.939,0.978,0.0
9,perm_096,none,perm_096,"[4,0,1,2,3]",4-0-1-2-3,experience_replay_compute_matched,500,er500_matched,PASS,0.0,0.0,10,128,160,10;8;8;8;8,800,160;160;160;160;160,800,100000,20000;20000;20000;20000;20000,100000,not_applicable,not_applicable,0.9812,0.983,0.967,0,0.6906,0.36324999999999996,0.36324999999999996,1.247,1.247,cuda:0,1000,500,compute_matched_er500,0.99,0.967,0.987,0.979,0.983,0.722,0.82,0.927,0.979,0.005,0.722,0.82,0.927,0.979,0.005
10,perm_096,none,perm_096,"[4,0,1,2,3]",4-0-1-2-3,experience_replay_compute_matched,500,er500_matched,PASS,0.0,0.0,10,128,160,10;8;8;8;8,800,160;160;160;160;160,800,100000,20000;20000;20000;20000;20000,100000,not_applicable,not_applicable,0.9815999999999999,0.982,0.965,0,0.6592,0.40299999999999997,0.40299999999999997,1.254,1.254,cuda:0,1000,500,compute_matched_er500,0.992,0.965,0.988,0.982,0.981,0.627,0.753,0.934,0.982,0.0,0.627,0.753,0.934,0.982,0.0
1,perm_097,none,perm_097,"[4,0,1,3,2]",4-0-1-3-2,experience_replay_compute_matched,500,er500_matched,PASS,0.0,0.0,10,128,160,10;8;8;8;8,800,160;160;160;160;160,800,100000,20000;20000;20000;20000;20000,100000,not_applicable,not_applicable,0.9816,0.982,0.971,0,0.6686,0.39125,0.39125,1.271,1.271,cuda:0,1000,500,compute_matched_er500,0.993,0.971,0.985,0.977,0.982,0.734,0.728,0.985,0.896,0.0,0.734,0.728,0.985,0.896,0.0
2,perm_097,none,perm_097,"[4,0,1,3,2]",4-0-1-3-2,experience_replay_compute_matched,500,er500_matched,PASS,0.0,0.0,10,128,160,10;8;8;8;8,800,160;160;160;160;160,800,100000,20000;20000;20000;20000;20000,100000,not_applicable,not_applicable,0.984,0.985,0.971,0,0.5988,0.48149999999999993,0.48149999999999993,1.235,1.235,cuda:0,1000,500,compute_matched_er500,0.994,0.971,0.985,0.985,0.985,0.559,0.554,0.985,0.896,0.0,0.559,0.554,0.985,0.896,0.0
3,perm_097,none,perm_097,"[4,0,1,3,2]",4-0-1-3-2,experience_replay_compute_matched,500,er500_matched,PASS,0.0,0.0,10,128,160,10;8;8;8;8,800,160;160;160;160;160,800,100000,20000;20000;20000;20000;20000,100000,not_applicable,not_applicable,0.9808,0.98,0.968,0,0.5986,0.47774999999999995,0.47774999999999995,1.183,1.183,cuda:0,1000,500,compute_matched_er500,0.993,0.968,0.98,0.976,0.987,0.438,0.668,0.98,0.907,0.0,0.438,0.668,0.98,0.907,0.0
4,perm_097,none,perm_097,"[4,0,1,3,2]",4-0-1-3-2,experience_replay_compute_matched,500,er500_matched,PASS,0.0,0.0,10,128,160,10;8;8;8;8,800,160;160;160;160;160,800,100000,20000;20000;20000;20000;20000,100000,not_applicable,not_applicable,0.9808,0.98,0.966,0,0.5736,0.509,0.509,1.182,1.182,cuda:0,1000,500,compute_matched_er500,0.995,0.966,0.98,0.978,0.985,0.394,0.578,0.98,0.916,0.0,0.394,0.578,0.98,0.916,0.0
5,perm_097,none,perm_097,"[4,0,1,3,2]",4-0-1-3-2,experience_replay_compute_matched,500,er500_matched,PASS,0.0,0.0,10,128,160,10;8;8;8;8,800,160;160;160;160;160,800,100000,20000;20000;20000;20000;20000,100000,not_applicable,not_applicable,0.9812,0.984,0.965,0,0.6632,0.39749999999999996,0.39749999999999996,1.188,1.188,cuda:0,1000,500,compute_matched_er500,0.992,0.965,0.985,0.98,0.984,0.726,0.694,0.985,0.911,0.0,0.726,0.694,0.985,0.911,0.0
6,perm_097,none,perm_097,"[4,0,1,3,2]",4-0-1-3-2,experience_replay_compute_matched,500,er500_matched,PASS,0.0,0.0,10,128,160,10;8;8;8;8,800,160;160;160;160;160,800,100000,20000;20000;20000;20000;20000,100000,not_applicable,not_applicable,0.9808,0.98,0.967,0,0.6454000000000001,0.41925,0.41925,1.158,1.158,cuda:0,1000,500,compute_matched_er500,0.992,0.967,0.98,0.98,0.985,0.641,0.697,0.98,0.909,0.0,0.641,0.697,0.98,0.909,0.0
7,perm_097,none,perm_097,"[4,0,1,3,2]",4-0-1-3-2,experience_replay_compute_matched,500,er500_matched,PASS,0.0,0.0,10,128,160,10;8;8;8;8,800,160;160;160;160;160,800,100000,20000;20000;20000;20000;20000,100000,not_applicable,not_applicable,0.9776,0.982,0.955,0,0.6568,0.40099999999999997,0.40099999999999997,1.143,1.143,cuda:0,1000,500,compute_matched_er500,0.99,0.955,0.982,0.978,0.983,0.747,0.665,0.982,0.89,0.0,0.747,0.665,0.982,0.89,0.0
8,perm_097,none,perm_097,"[4,0,1,3,2]",4-0-1-3-2,experience_replay_compute_matched,500,er500_matched,PASS,0.0,0.0,10,128,160,10;8;8;8;8,800,160;160;160;160;160,800,100000,20000;20000;20000;20000;20000,100000,not_applicable,not_applicable,0.9806000000000001,0.98,0.97,0,0.6514,0.4115,0.4115,1.157,1.157,cuda:0,1000,500,compute_matched_er500,0.993,0.97,0.98,0.974,0.986,0.724,0.644,0.98,0.909,0.0,0.724,0.644,0.98,0.909,0.0
9,perm_097,none,perm_097,"[4,0,1,3,2]",4-0-1-3-2,experience_replay_compute_matched,500,er500_matched,PASS,0.0,0.0,10,128,160,10;8;8;8;8,800,160;160;160;160;160,800,100000,20000;20000;20000;20000;20000,100000,not_applicable,not_applicable,0.9806000000000001,0.982,0.963,0,0.6704,0.38775,0.38775,1.15,1.15,cuda:0,1000,500,compute_matched_er500,0.993,0.963,0.982,0.982,0.983,0.729,0.722,0.982,0.919,0.0,0.729,0.722,0.982,0.919,0.0
10,perm_097,none,perm_097,"[4,0,1,3,2]",4-0-1-3-2,experience_replay_compute_matched,500,er500_matched,PASS,0.0,0.0,10,128,160,10;8;8;8;8,800,160;160;160;160;160,800,100000,20000;20000;20000;20000;20000,100000,not_applicable,not_applicable,0.9842000000000001,0.984,0.975,0,0.6115999999999999,0.46575,0.46575,1.183,1.183,cuda:0,1000,500,compute_matched_er500,0.992,0.975,0.984,0.982,0.988,0.47,0.697,0.984,0.907,0.0,0.47,0.697,0.984,0.907,0.0
1,perm_098,none,perm_098,"[4,0,2,1,3]",4-0-2-1-3,experience_replay_compute_matched,500,er500_matched,PASS,0.0,0.0,10,128,160,10;8;8;8;8,800,160;160;160;160;160,800,100000,20000;20000;20000;20000;20000,100000,not_applicable,not_applicable,0.9837999999999999,0.986,0.967,0,0.6534000000000001,0.413,0.413,1.195,1.195,cuda:0,1000,500,compute_matched_er500,0.995,0.967,0.989,0.982,0.986,0.608,0.907,0.77,0.982,0.0,0.608,0.907,0.77,0.982,0.0
2,perm_098,none,perm_098,"[4,0,2,1,3]",4-0-2-1-3,experience_replay_compute_matched,500,er500_matched,PASS,0.0,0.0,10,128,160,10;8;8;8;8,800,160;160;160;160;160,800,100000,20000;20000;20000;20000;20000,100000,not_applicable,not_applicable,0.984,0.985,0.967,0,0.6392,0.43099999999999994,0.43099999999999994,1.227,1.227,cuda:0,1000,500,compute_matched_er500,0.994,0.967,0.995,0.979,0.985,0.67,0.937,0.61,0.979,0.0,0.67,0.937,0.61,0.979,0.0
3,perm_098,none,perm_098,"[4,0,2,1,3]",4-0-2-1-3,experience_replay_compute_matched,500,er500_matched,PASS,0.0,0.0,10,128,160,10;8;8;8;8,800,160;160;160;160;160,800,100000,20000;20000;20000;20000;20000,100000,not_applicable,not_applicable,0.9773999999999999,0.983,0.945,0,0.6658000000000001,0.38949999999999996,0.38949999999999996,1.252,1.252,cuda:0,1000,500,compute_matched_er500,0.994,0.945,0.988,0.977,0.983,0.692,0.928,0.732,0.977,0.0,0.692,0.928,0.732,0.977,0.0
4,perm_098,none,perm_098,"[4,0,2,1,3]",4-0-2-1-3,experience_replay_compute_matched,500,er500_matched,PASS,0.0,0.0,10,128,160,10;8;8;8;8,800,160;160;160;160;160,800,100000,20000;20000;20000;20000;20000,100000,not_applicable,not_applicable,0.9836,0.984,0.97,0,0.6394,0.43024999999999997,0.43024999999999997,1.249,1.249,cuda:0,1000,500,compute_matched_er500,0.995,0.97,0.988,0.981,0.984,0.505,0.913,0.798,0.981,0.0,0.505,0.913,0.798,0.981,0.0
5,perm_098,none,perm_098,"[4,0,2,1,3]",4-0-2-1-3,experience_replay_compute_matched,500,er500_matched,PASS,0.0,0.0,10,128,160,10;8;8;8;8,800,160;160;160;160;160,800,100000,20000;20000;20000;20000;20000,100000,not_applicable,not_applicable,0.983,0.985,0.968,0,0.6512,0.41474999999999995,0.41474999999999995,1.247,1.247,cuda:0,1000,500,compute_matched_er500,0.991,0.968,0.989,0.985,0.982,0.611,0.907,0.753,0.985,0.0,0.611,0.907,0.753,0.985,0.0
6,perm_098,none,perm_098,"[4,0,2,1,3]",4-0-2-1-3,experience_replay_compute_matched,500,er500_matched,PASS,0.0,0.0,10,128,160,10;8;8;8;8,800,160;160;160;160;160,800,100000,20000;20000;20000;20000;20000,100000,not_applicable,not_applicable,0.9822,0.982,0.965,0,0.6512,0.41374999999999995,0.41374999999999995,1.245,1.245,cuda:0,1000,500,compute_matched_er500,0.994,0.965,0.993,0.977,0.982,0.6,0.923,0.756,0.977,0.0,0.6,0.923,0.756,0.977,0.0
7,perm_098,none,perm_098,"[4,0,2,1,3]",4-0-2-1-3,experience_replay_compute_matched,500,er500_matched,PASS,0.0,0.0,10,128,160,10;8;8;8;8,800,160;160;160;160;160,800,100000,20000;20000;20000;20000;20000,100000,not_applicable,not_applicable,0.9808,0.987,0.948,0,0.6712,0.38699999999999996,0.38699999999999996,1.186,1.186,cuda:0,1000,500,compute_matched_er500,0.995,0.948,0.994,0.98,0.987,0.669,0.932,0.775,0.98,0.0,0.669,0.932,0.775,0.98,0.0
8,perm_098,none,perm_098,"[4,0,2,1,3]",4-0-2-1-3,experience_replay_compute_matched,500,er500_matched,PASS,0.0,0.0,10,128,160,10;8;8;8;8,800,160;160;160;160;160,800,100000,20000;20000;20000;20000;20000,100000,not_applicable,not_applicable,0.9823999999999999,0.984,0.959,0,0.6606,0.40225,0.40225,1.168,1.168,cuda:0,1000,500,compute_matched_er500,0.994,0.959,0.992,0.984,0.983,0.635,0.922,0.762,0.984,0.0,0.635,0.922,0.762,0.984,0.0
9,perm_098,none,perm_098,"[4,0,2,1,3]",4-0-2-1-3,experience_replay_compute_matched,500,er500_matched,PASS,0.0,0.0,10,128,160,10;8;8;8;8,800,160;160;160;160;160,800,100000,20000;20000;20000;20000;20000,100000,not_applicable,not_applicable,0.9827999999999999,0.985,0.962,0,0.6880000000000001,0.36849999999999994,0.36849999999999994,1.171,1.171,cuda:0,1000,500,compute_matched_er500,0.993,0.962,0.992,0.982,0.985,0.775,0.895,0.788,0.982,0.0,0.775,0.895,0.788,0.982,0.0
10,perm_098,none,perm_098,"[4,0,2,1,3]",4-0-2-1-3,experience_replay_compute_matched,500,er500_matched,PASS,0.0,0.0,10,128,160,10;8;8;8;8,800,160;160;160;160;160,800,100000,20000;20000;20000;20000;20000,100000,not_applicable,not_applicable,0.9814,0.985,0.956,0,0.6264000000000001,0.44375,0.44375,1.197,1.197,cuda:0,1000,500,compute_matched_er500,0.994,0.956,0.992,0.98,0.985,0.559,0.919,0.674,0.98,0.0,0.559,0.919,0.674,0.98,0.0
1,perm_099,none,perm_099,"[4,0,2,3,1]",4-0-2-3-1,experience_replay_compute_matched,500,er500_matched,PASS,0.0,0.0,10,128,160,10;8;8;8;8,800,160;160;160;160;160,800,100000,20000;20000;20000;20000;20000,100000,not_applicable,not_applicable,0.9809999999999999,0.982,0.964,0,0.554,0.53375,0.53375,1.294,1.294,cuda:0,1000,500,compute_matched_er500,0.992,0.964,0.986,0.981,0.982,0.358,0.964,0.538,0.91,0.0,0.358,0.964,0.538,0.91,0.0
2,perm_099,none,perm_099,"[4,0,2,3,1]",4-0-2-3-1,experience_replay_compute_matched,500,er500_matched,PASS,0.0,0.0,10,128,160,10;8;8;8;8,800,160;160;160;160;160,800,100000,20000;20000;20000;20000;20000,100000,not_applicable,not_applicable,0.983,0.984,0.962,0,0.5516,0.53925,0.53925,1.253,1.253,cuda:0,1000,500,compute_matched_er500,0.992,0.962,0.993,0.984,0.984,0.333,0.962,0.559,0.904,0.0,0.333,0.962,0.559,0.904,0.0
3,perm_099,none,perm_099,"[4,0,2,3,1]",4-0-2-3-1,experience_replay_compute_matched,500,er500_matched,PASS,0.0,0.0,10,128,160,10;8;8;8;8,800,160;160;160;160;160,800,100000,20000;20000;20000;20000;20000,100000,not_applicable,not_applicable,0.9825999999999999,0.983,0.962,0,0.6612,0.40174999999999994,0.40174999999999994,1.242,1.242,cuda:0,1000,500,compute_matched_er500,0.996,0.962,0.994,0.978,0.983,0.662,0.962,0.775,0.907,0.0,0.662,0.962,0.775,0.907,0.0
4,perm_099,none,perm_099,"[4,0,2,3,1]",4-0-2-3-1,experience_replay_compute_matched,500,er500_matched,PASS,0.0,0.0,10,128,160,10;8;8;8;8,800,160;160;160;160;160,800,100000,20000;20000;20000;20000;20000,100000,not_applicable,not_applicable,0.9831999999999999,0.983,0.962,0,0.603,0.47524999999999995,0.47524999999999995,1.239,1.239,cuda:0,1000,500,compute_matched_er500,0.997,0.962,0.992,0.982,0.983,0.366,0.962,0.792,0.895,0.0,0.366,0.962,0.792,0.895,0.0
5,perm_099,none,perm_099,"[4,0,2,3,1]",4-0-2-3-1,experience_replay_compute_matched,500,er500_matched,PASS,0.0,0.0,10,128,160,10;8;8;8;8,800,160;160;160;160;160,800,100000,20000;20000;20000;20000;20000,100000,not_applicable,not_applicable,0.9838000000000001,0.985,0.964,0,0.5346,0.5615,0.5615,1.252,1.252,cuda:0,1000,500,compute_matched_er500,0.996,0.964,0.992,0.982,0.985,0.061,0.964,0.733,0.915,0.0,0.061,0.964,0.733,0.915,0.0
6,perm_099,none,perm_099,"[4,0,2,3,1]",4-0-2-3-1,experience_replay_compute_matched,500,er500_matched,PASS,0.0,0.0,10,128,160,10;8;8;8;8,800,160;160;160;160;160,800,100000,20000;20000;20000;20000;20000,100000,not_applicable,not_applicable,0.982,0.982,0.96,0,0.6362,0.43224999999999997,0.43224999999999997,1.252,1.252,cuda:0,1000,500,compute_matched_er500,0.994,0.96,0.993,0.981,0.982,0.66,0.96,0.662,0.899,0.0,0.66,0.96,0.662,0.899,0.0
7,perm_099,none,perm_099,"[4,0,2,3,1]",4-0-2-3-1,experience_replay_compute_matched,500,er500_matched,PASS,0.0,0.0,10,128,160,10;8;8;8;8,800,160;160;160;160;160,800,100000,20000;20000;20000;20000;20000,100000,not_applicable,not_applicable,0.9826,0.985,0.965,0,0.5216000000000001,0.5762499999999999,0.5762499999999999,1.24,1.24,cuda:0,1000,500,compute_matched_er500,0.99,0.965,0.99,0.985,0.983,0.164,0.965,0.585,0.894,0.0,0.164,0.965,0.585,0.894,0.0
8,perm_099,none,perm_099,"[4,0,2,3,1]",4-0-2-3-1,experience_replay_compute_matched,500,er500_matched,PASS,0.0,0.0,10,128,160,10;8;8;8;8,800,160;160;160;160;160,800,100000,20000;20000;20000;20000;20000,100000,not_applicable,not_applicable,0.9812000000000001,0.982,0.958,0,0.6026,0.47324999999999995,0.47324999999999995,1.248,1.248,cuda:0,1000,500,compute_matched_er500,0.994,0.958,0.99,0.982,0.982,0.513,0.958,0.623,0.919,0.0,0.513,0.958,0.623,0.919,0.0
9,perm_099,none,perm_099,"[4,0,2,3,1]",4-0-2-3-1,experience_replay_compute_matched,500,er500_matched,PASS,0.0,0.0,10,128,160,10;8;8;8;8,800,160;160;160;160;160,800,100000,20000;20000;20000;20000;20000,100000,not_applicable,not_applicable,0.9813999999999998,0.983,0.959,0,0.6910000000000001,0.363,0.363,1.181,1.181,cuda:0,1000,500,compute_matched_er500,0.99,0.959,0.993,0.982,0.983,0.81,0.959,0.762,0.924,0.0,0.81,0.959,0.762,0.924,0.0
10,perm_099,none,perm_099,"[4,0,2,3,1]",4-0-2-3-1,experience_replay_compute_matched,500,er500_matched,PASS,0.0,0.0,10,128,160,10;8;8;8;8,800,160;160;160;160;160,800,100000,20000;20000;20000;20000;20000,100000,not_applicable,not_applicable,0.984,0.99,0.965,0,0.669,0.39375,0.39375,1.214,1.214,cuda:0,1000,500,compute_matched_er500,0.994,0.965,0.99,0.981,0.99,0.772,0.965,0.7,0.908,0.0,0.772,0.965,0.7,0.908,0.0
1,perm_100,none,perm_100,"[4,0,3,1,2]",4-0-3-1-2,experience_replay_compute_matched,500,er500_matched,PASS,0.0,0.0,10,128,160,10;8;8;8;8,800,160;160;160;160;160,800,100000,20000;20000;20000;20000;20000,100000,not_applicable,not_applicable,0.9827999999999999,0.984,0.969,0,0.6517999999999999,0.41374999999999995,0.41374999999999995,1.207,1.207,cuda:0,1000,500,compute_matched_er500,0.993,0.969,0.984,0.98,0.988,0.582,0.882,0.984,0.811,0.0,0.582,0.882,0.984,0.811,0.0
2,perm_100,none,perm_100,"[4,0,3,1,2]",4-0-3-1-2,experience_replay_compute_matched,500,er500_matched,PASS,0.0,0.0,10,128,160,10;8;8;8;8,800,160;160;160;160;160,800,100000,20000;20000;20000;20000;20000,100000,not_applicable,not_applicable,0.9814,0.983,0.961,0,0.6419999999999999,0.42425,0.42425,1.212,1.212,cuda:0,1000,500,compute_matched_er500,0.994,0.961,0.982,0.983,0.987,0.621,0.888,0.982,0.719,0.0,0.621,0.888,0.982,0.719,0.0
3,perm_100,none,perm_100,"[4,0,3,1,2]",4-0-3-1-2,experience_replay_compute_matched,500,er500_matched,PASS,0.0,0.0,10,128,160,10;8;8;8;8,800,160;160;160;160;160,800,100000,20000;20000;20000;20000;20000,100000,not_applicable,not_applicable,0.9789999999999999,0.979,0.963,0,0.6182000000000001,0.45099999999999996,0.45099999999999996,1.201,1.201,cuda:0,1000,500,compute_matched_er500,0.994,0.963,0.979,0.973,0.986,0.433,0.889,0.979,0.79,0.0,0.433,0.889,0.979,0.79,0.0
4,perm_100,none,perm_100,"[4,0,3,1,2]",4-0-3-1-2,experience_replay_compute_matched,500,er500_matched,PASS,0.0,0.0,10,128,160,10;8;8;8;8,800,160;160;160;160;160,800,100000,20000;20000;20000;20000;20000,100000,not_applicable,not_applicable,0.9814,0.982,0.968,0,0.5955999999999999,0.48224999999999996,0.48224999999999996,1.214,1.214,cuda:0,1000,500,compute_matched_er500,0.994,0.968,0.982,0.979,0.984,0.383,0.857,0.982,0.756,0.0,0.383,0.857,0.982,0.756,0.0
5,perm_100,none,perm_100,"[4,0,3,1,2]",4-0-3-1-2,experience_replay_compute_matched,500,er500_matched,PASS,0.0,0.0,10,128,160,10;8;8;8;8,800,160;160;160;160;160,800,100000,20000;20000;20000;20000;20000,100000,not_applicable,not_applicable,0.9795999999999999,0.978,0.962,0,0.551,0.53575,0.53575,1.213,1.213,cuda:0,1000,500,compute_matched_er500,0.992,0.962,0.978,0.978,0.988,0.391,0.887,0.978,0.499,0.0,0.391,0.887,0.978,0.499,0.0
6,perm_100,none,perm_100,"[4,0,3,1,2]",4-0-3-1-2,experience_replay_compute_matched,500,er500_matched,PASS,0.0,0.0,10,128,160,10;8;8;8;8,800,160;160;160;160;160,800,100000,20000;20000;20000;20000;20000,100000,not_applicable,not_applicable,0.9818,0.983,0.97,0,0.6378,0.43,0.43,1.196,1.196,cuda:0,1000,500,compute_matched_er500,0.994,0.97,0.983,0.978,0.984,0.564,0.907,0.983,0.735,0.0,0.564,0.907,0.983,0.735,0.0
7,perm_100,none,perm_100,"[4,0,3,1,2]",4-0-3-1-2,experience_replay_compute_matched,500,er500_matched,PASS,0.0,0.0,10,128,160,10;8;8;8;8,800,160;160;160;160;160,800,100000,20000;20000;20000;20000;20000,100000,not_applicable,not_applicable,0.9802,0.984,0.964,0,0.6232,0.4462499999999999,0.4462499999999999,1.19,1.19,cuda:0,1000,500,compute_matched_er500,0.99,0.964,0.979,0.984,0.984,0.443,0.897,0.979,0.797,0.0,0.443,0.897,0.979,0.797,0.0
8,perm_100,none,perm_100,"[4,0,3,1,2]",4-0-3-1-2,experience_replay_compute_matched,500,er500_matched,PASS,0.0,0.0,10,128,160,10;8;8;8;8,800,160;160;160;160;160,800,100000,20000;20000;20000;20000;20000,100000,not_applicable,not_applicable,0.982,0.984,0.966,0,0.6354,0.43324999999999997,0.43324999999999997,1.206,1.206,cuda:0,1000,500,compute_matched_er500,0.994,0.966,0.984,0.978,0.988,0.508,0.9,0.984,0.785,0.0,0.508,0.9,0.984,0.785,0.0
9,perm_100,none,perm_100,"[4,0,3,1,2]",4-0-3-1-2,experience_replay_compute_matched,500,er500_matched,PASS,0.0,0.0,10,128,160,10;8;8;8;8,800,160;160;160;160;160,800,100000,20000;20000;20000;20000;20000,100000,not_applicable,not_applicable,0.9818,0.985,0.963,0,0.6274,0.44299999999999995,0.44299999999999995,1.206,1.206,cuda:0,1000,500,compute_matched_er500,0.993,0.963,0.985,0.983,0.985,0.496,0.892,0.985,0.764,0.0,0.496,0.892,0.985,0.764,0.0
10,perm_100,none,perm_100,"[4,0,3,1,2]",4-0-3-1-2,experience_replay_compute_matched,500,er500_matched,PASS,0.0,0.0,10,128,160,10;8;8;8;8,800,160;160;160;160;160,800,100000,20000;20000;20000;20000;20000,100000,not_applicable,not_applicable,0.9809999999999999,0.983,0.965,0,0.6164000000000001,0.45575,0.45575,1.217,1.217,cuda:0,1000,500,compute_matched_er500,0.995,0.965,0.979,0.983,0.983,0.433,0.885,0.979,0.785,0.0,0.433,0.885,0.979,0.785,0.0
1,perm_101,none,perm_101,"[4,0,3,2,1]",4-0-3-2-1,experience_replay_compute_matched,500,er500_matched,PASS,0.0,0.0,10,128,160,10;8;8;8;8,800,160;160;160;160;160,800,100000,20000;20000;20000;20000;20000,100000,not_applicable,not_applicable,0.978,0.978,0.958,0,0.5862,0.48975,0.48975,1.198,1.198,cuda:0,1000,500,compute_matched_er500,0.992,0.958,0.978,0.976,0.986,0.345,0.958,0.874,0.754,0.0,0.345,0.958,0.874,0.754,0.0
2,perm_101,none,perm_101,"[4,0,3,2,1]",4-0-3-2-1,experience_replay_compute_matched,500,er500_matched,PASS,0.0,0.0,10,128,160,10;8;8;8;8,800,160;160;160;160;160,800,100000,20000;20000;20000;20000;20000,100000,not_applicable,not_applicable,0.9784,0.98,0.958,0,0.6754,0.37875,0.37875,1.194,1.194,cuda:0,1000,500,compute_matched_er500,0.994,0.958,0.98,0.975,0.985,0.757,0.958,0.889,0.773,0.0,0.757,0.958,0.889,0.773,0.0
3,perm_101,none,perm_101,"[4,0,3,2,1]",4-0-3-2-1,experience_replay_compute_matched,500,er500_matched,PASS,0.0,0.0,10,128,160,10;8;8;8;8,800,160;160;160;160;160,800,100000,20000;20000;20000;20000;20000,100000,not_applicable,not_applicable,0.9804,0.98,0.965,0,0.6045999999999999,0.46975,0.46975,1.201,1.201,cuda:0,1000,500,compute_matched_er500,0.995,0.965,0.98,0.978,0.984,0.399,0.965,0.875,0.784,0.0,0.399,0.965,0.875,0.784,0.0
4,perm_101,none,perm_101,"[4,0,3,2,1]",4-0-3-2-1,experience_replay_compute_matched,500,er500_matched,PASS,0.0,0.0,10,128,160,10;8;8;8;8,800,160;160;160;160;160,800,100000,20000;20000;20000;20000;20000,100000,not_applicable,not_applicable,0.9810000000000001,0.983,0.964,0,0.6202,0.45099999999999996,0.45099999999999996,1.168,1.168,cuda:0,1000,500,compute_matched_er500,0.994,0.964,0.983,0.979,0.985,0.485,0.964,0.9,0.752,0.0,0.485,0.964,0.9,0.752,0.0
5,perm_101,none,perm_101,"[4,0,3,2,1]",4-0-3-2-1,experience_replay_compute_matched,500,er500_matched,PASS,0.0,0.0,10,128,160,10;8;8;8;8,800,160;160;160;160;160,800,100000,20000;20000;20000;20000;20000,100000,not_applicable,not_applicable,0.9789999999999999,0.981,0.965,0,0.6816000000000001,0.37174999999999997,0.37174999999999997,1.157,1.157,cuda:0,1000,500,compute_matched_er500,0.99,0.965,0.981,0.981,0.978,0.771,0.965,0.911,0.761,0.0,0.771,0.965,0.911,0.761,0.0
6,perm_101,none,perm_101,"[4,0,3,2,1]",4-0-3-2-1,experience_replay_compute_matched,500,er500_matched,PASS,0.0,0.0,10,128,160,10;8;8;8;8,800,160;160;160;160;160,800,100000,20000;20000;20000;20000;20000,100000,not_applicable,not_applicable,0.9805999999999999,0.983,0.961,0,0.6572,0.40425,0.40425,1.203,1.203,cuda:0,1000,500,compute_matched_er500,0.994,0.961,0.984,0.981,0.983,0.656,0.961,0.908,0.761,0.0,0.656,0.961,0.908,0.761,0.0
7,perm_101,none,perm_101,"[4,0,3,2,1]",4-0-3-2-1,experience_replay_compute_matched,500,er500_matched,PASS,0.0,0.0,10,128,160,10;8;8;8;8,800,160;160;160;160;160,800,100000,20000;20000;20000;20000;20000,100000,not_applicable,not_applicable,0.9802,0.98,0.966,0,0.591,0.4865,0.4865,1.16,1.16,cuda:0,1000,500,compute_matched_er500,0.995,0.966,0.98,0.976,0.984,0.389,0.966,0.893,0.707,0.0,0.389,0.966,0.893,0.707,0.0
8,perm_101,none,perm_101,"[4,0,3,2,1]",4-0-3-2-1,experience_replay_compute_matched,500,er500_matched,PASS,0.0,0.0,10,128,160,10;8;8;8;8,800,160;160;160;160;160,800,100000,20000;20000;20000;20000;20000,100000,not_applicable,not_applicable,0.9808,0.983,0.96,0,0.6704,0.388,0.388,1.162,1.162,cuda:0,1000,500,compute_matched_er500,0.994,0.96,0.983,0.982,0.985,0.712,0.96,0.923,0.757,0.0,0.712,0.96,0.923,0.757,0.0
9,perm_101,none,perm_101,"[4,0,3,2,1]",4-0-3-2-1,experience_replay_compute_matched,500,er500_matched,PASS,0.0,0.0,10,128,160,10;8;8;8;8,800,160;160;160;160;160,800,100000,20000;20000;20000;20000;20000,100000,not_applicable,not_applicable,0.9810000000000001,0.984,0.962,0,0.6496000000000001,0.41425,0.41425,1.266,1.266,cuda:0,1000,500,compute_matched_er500,0.993,0.962,0.984,0.98,0.986,0.63,0.962,0.9,0.756,0.0,0.63,0.962,0.9,0.756,0.0
10,perm_101,none,perm_101,"[4,0,3,2,1]",4-0-3-2-1,experience_replay_compute_matched,500,er500_matched,PASS,0.0,0.0,10,128,160,10;8;8;8;8,800,160;160;160;160;160,800,100000,20000;20000;20000;20000;20000,100000,not_applicable,not_applicable,0.9800000000000001,0.982,0.961,0,0.605,0.46875,0.46875,1.258,1.258,cuda:0,1000,500,compute_matched_er500,0.995,0.961,0.982,0.975,0.987,0.438,0.961,0.893,0.733,0.0,0.438,0.961,0.893,0.733,0.0
1,perm_102,none,perm_102,"[4,1,0,2,3]",4-1-0-2-3,experience_replay_compute_matched,500,er500_matched,PASS,0.0,0.0,10,128,160,10;8;8;8;8,800,160;160;160;160;160,800,100000,20000;20000;20000;20000;20000,100000,not_applicable,not_applicable,0.9814,0.982,0.959,0,0.6478,0.4169999999999999,0.4169999999999999,1.262,1.262,cuda:0,1000,500,compute_matched_er500,0.997,0.959,0.99,0.979,0.982,0.922,0.398,0.931,0.979,0.009,0.922,0.398,0.931,0.979,0.009
2,perm_102,none,perm_102,"[4,1,0,2,3]",4-1-0-2-3,experience_replay_compute_matched,500,er500_matched,PASS,0.0,0.0,10,128,160,10;8;8;8;8,800,160;160;160;160;160,800,100000,20000;20000;20000;20000;20000,100000,not_applicable,not_applicable,0.983,0.983,0.963,0,0.5932000000000001,0.48724999999999996,0.48724999999999996,1.269,1.269,cuda:0,1000,500,compute_matched_er500,0.997,0.963,0.991,0.981,0.983,0.881,0.173,0.931,0.981,0.0,0.881,0.173,0.931,0.981,0.0
3,perm_102,none,perm_102,"[4,1,0,2,3]",4-1-0-2-3,experience_replay_compute_matched,500,er500_matched,PASS,0.0,0.0,10,128,160,10;8;8;8;8,800,160;160;160;160;160,800,100000,20000;20000;20000;20000;20000,100000,not_applicable,not_applicable,0.9805999999999999,0.987,0.947,0,0.6022000000000001,0.473,0.473,1.269,1.269,cuda:0,1000,500,compute_matched_er500,0.995,0.947,0.992,0.982,0.987,0.935,0.144,0.95,0.982,0.0,0.935,0.144,0.95,0.982,0.0
4,perm_102,none,perm_102,"[4,1,0,2,3]",4-1-0-2-3,experience_replay_compute_matched,500,er500_matched,PASS,0.0,0.0,10,128,160,10;8;8;8;8,800,160;160;160;160;160,800,100000,20000;20000;20000;20000;20000,100000,not_applicable,not_applicable,0.9806000000000001,0.985,0.956,0,0.6216,0.44875,0.44875,1.276,1.276,cuda:0,1000,500,compute_matched_er500,0.995,0.956,0.987,0.98,0.985,0.903,0.284,0.941,0.98,0.0,0.903,0.284,0.941,0.98,0.0
5,perm_102,none,perm_102,"[4,1,0,2,3]",4-1-0-2-3,experience_replay_compute_matched,500,er500_matched,PASS,0.0,0.0,10,128,160,10;8;8;8;8,800,160;160;160;160;160,800,100000,20000;20000;20000;20000;20000,100000,not_applicable,not_applicable,0.9812,0.986,0.955,0,0.6566,0.40574999999999994,0.40574999999999994,1.226,1.226,cuda:0,1000,500,compute_matched_er500,0.996,0.955,0.989,0.98,0.986,0.895,0.471,0.937,0.98,0.0,0.895,0.471,0.937,0.98,0.0
6,perm_102,none,perm_102,"[4,1,0,2,3]",4-1-0-2-3,experience_replay_compute_matched,500,er500_matched,PASS,0.0,0.0,10,128,160,10;8;8;8;8,800,160;160;160;160;160,800,100000,20000;20000;20000;20000;20000,100000,not_applicable,not_applicable,0.9804,0.985,0.952,0,0.6464,0.4175,0.4175,1.192,1.192,cuda:0,1000,500,compute_matched_er500,0.996,0.952,0.992,0.977,0.985,0.927,0.388,0.94,0.977,0.0,0.927,0.388,0.94,0.977,0.0
7,perm_102,none,perm_102,"[4,1,0,2,3]",4-1-0-2-3,experience_replay_compute_matched,500,er500_matched,PASS,0.0,0.0,10,128,160,10;8;8;8;8,800,160;160;160;160;160,800,100000,20000;20000;20000;20000;20000,100000,not_applicable,not_applicable,0.9808,0.984,0.959,0,0.6696,0.389,0.389,1.194,1.194,cuda:0,1000,500,compute_matched_er500,0.994,0.959,0.986,0.981,0.984,0.931,0.496,0.94,0.981,0.0,0.931,0.496,0.94,0.981,0.0
8,perm_102,none,perm_102,"[4,1,0,2,3]",4-1-0-2-3,experience_replay_compute_matched,500,er500_matched,PASS,0.0,0.0,10,128,160,10;8;8;8;8,800,160;160;160;160;160,800,100000,20000;20000;20000;20000;20000,100000,not_applicable,not_applicable,0.9803999999999998,0.988,0.949,0,0.6466000000000001,0.41725,0.41725,1.181,1.181,cuda:0,1000,500,compute_matched_er500,0.997,0.949,0.988,0.98,0.988,0.912,0.409,0.932,0.98,0.0,0.912,0.409,0.932,0.98,0.0
9,perm_102,none,perm_102,"[4,1,0,2,3]",4-1-0-2-3,experience_replay_compute_matched,500,er500_matched,PASS,0.0,0.0,10,128,160,10;8;8;8;8,800,160;160;160;160;160,800,100000,20000;20000;20000;20000;20000,100000,not_applicable,not_applicable,0.9808,0.985,0.957,0,0.6498,0.41375,0.41375,1.208,1.208,cuda:0,1000,500,compute_matched_er500,0.994,0.957,0.989,0.979,0.985,0.867,0.457,0.946,0.979,0.0,0.867,0.457,0.946,0.979,0.0
10,perm_102,none,perm_102,"[4,1,0,2,3]",4-1-0-2-3,experience_replay_compute_matched,500,er500_matched,PASS,0.0,0.0,10,128,160,10;8;8;8;8,800,160;160;160;160;160,800,100000,20000;20000;20000;20000;20000,100000,not_applicable,not_applicable,0.9798,0.983,0.956,0,0.64,0.42474999999999996,0.42474999999999996,1.206,1.206,cuda:0,1000,500,compute_matched_er500,0.995,0.956,0.987,0.978,0.983,0.887,0.402,0.933,0.978,0.0,0.887,0.402,0.933,0.978,0.0
1,perm_103,none,perm_103,"[4,1,0,3,2]",4-1-0-3-2,experience_replay_compute_matched,500,er500_matched,PASS,0.0,0.0,10,128,160,10;8;8;8;8,800,160;160;160;160;160,800,100000,20000;20000;20000;20000;20000,100000,not_applicable,not_applicable,0.9792,0.984,0.952,0,0.5918,0.48424999999999996,0.48424999999999996,1.207,1.207,cuda:0,1000,500,compute_matched_er500,0.995,0.952,0.98,0.984,0.985,0.855,0.216,0.98,0.908,0.0,0.855,0.216,0.98,0.908,0.0
2,perm_103,none,perm_103,"[4,1,0,3,2]",4-1-0-3-2,experience_replay_compute_matched,500,er500_matched,PASS,0.0,0.0,10,128,160,10;8;8;8;8,800,160;160;160;160;160,800,100000,20000;20000;20000;20000;20000,100000,not_applicable,not_applicable,0.9803999999999998,0.983,0.955,0,0.6402,0.42524999999999996,0.42524999999999996,1.199,1.199,cuda:0,1000,500,compute_matched_er500,0.997,0.955,0.983,0.981,0.986,0.893,0.403,0.983,0.922,0.0,0.893,0.403,0.983,0.922,0.0
3,perm_103,none,perm_103,"[4,1,0,3,2]",4-1-0-3-2,experience_replay_compute_matched,500,er500_matched,PASS,0.0,0.0,10,128,160,10;8;8;8;8,800,160;160;160;160;160,800,100000,20000;20000;20000;20000;20000,100000,not_applicable,not_applicable,0.9802,0.981,0.965,0,0.6288,0.43925,0.43925,1.192,1.192,cuda:0,1000,500,compute_matched_er500,0.994,0.965,0.981,0.978,0.983,0.839,0.401,0.981,0.923,0.0,0.839,0.401,0.981,0.923,0.0
4,perm_103,none,perm_103,"[4,1,0,3,2]",4-1-0-3-2,experience_replay_compute_matched,500,er500_matched,PASS,0.0,0.0,10,128,160,10;8;8;8;8,800,160;160;160;160;160,800,100000,20000;20000;20000;20000;20000,100000,not_applicable,not_applicable,0.9825999999999999,0.983,0.966,0,0.6018,0.476,0.476,1.205,1.205,cuda:0,1000,500,compute_matched_er500,0.997,0.966,0.983,0.986,0.981,0.862,0.26,0.983,0.904,0.0,0.862,0.26,0.983,0.904,0.0
5,perm_103,none,perm_103,"[4,1,0,3,2]",4-1-0-3-2,experience_replay_compute_matched,500,er500_matched,PASS,0.0,0.0,10,128,160,10;8;8;8;8,800,160;160;160;160;160,800,100000,20000;20000;20000;20000;20000,100000,not_applicable,not_applicable,0.9802,0.985,0.956,0,0.6146,0.45699999999999996,0.45699999999999996,1.187,1.187,cuda:0,1000,500,compute_matched_er500,0.995,0.956,0.985,0.979,0.986,0.854,0.333,0.985,0.901,0.0,0.854,0.333,0.985,0.901,0.0
6,perm_103,none,perm_103,"[4,1,0,3,2]",4-1-0-3-2,experience_replay_compute_matched,500,er500_matched,PASS,0.0,0.0,10,128,160,10;8;8;8;8,800,160;160;160;160;160,800,100000,20000;20000;20000;20000;20000,100000,not_applicable,not_applicable,0.9782,0.983,0.95,0,0.6202,0.44749999999999995,0.44749999999999995,1.204,1.204,cuda:0,1000,500,compute_matched_er500,0.993,0.95,0.982,0.983,0.983,0.923,0.279,0.982,0.917,0.0,0.923,0.279,0.982,0.917,0.0
7,perm_103,none,perm_103,"[4,1,0,3,2]",4-1-0-3-2,experience_replay_compute_matched,500,er500_matched,PASS,0.0,0.0,10,128,160,10;8;8;8;8,800,160;160;160;160;160,800,100000,20000;20000;20000;20000;20000,100000,not_applicable,not_applicable,0.9799999999999999,0.982,0.959,0,0.6426000000000001,0.42174999999999996,0.42174999999999996,1.199,1.199,cuda:0,1000,500,compute_matched_er500,0.997,0.959,0.979,0.983,0.982,0.889,0.418,0.979,0.927,0.0,0.889,0.418,0.979,0.927,0.0
8,perm_103,none,perm_103,"[4,1,0,3,2]",4-1-0-3-2,experience_replay_compute_matched,500,er500_matched,PASS,0.0,0.0,10,128,160,10;8;8;8;8,800,160;160;160;160;160,800,100000,20000;20000;20000;20000;20000,100000,not_applicable,not_applicable,0.9823999999999999,0.985,0.967,0,0.6234,0.44875,0.44875,1.193,1.193,cuda:0,1000,500,compute_matched_er500,0.991,0.967,0.985,0.981,0.988,0.923,0.293,0.985,0.916,0.0,0.923,0.293,0.985,0.916,0.0
9,perm_103,none,perm_103,"[4,1,0,3,2]",4-1-0-3-2,experience_replay_compute_matched,500,er500_matched,PASS,0.0,0.0,10,128,160,10;8;8;8;8,800,160;160;160;160;160,800,100000,20000;20000;20000;20000;20000,100000,not_applicable,not_applicable,0.9798,0.982,0.954,0,0.593,0.4835,0.4835,1.204,1.204,cuda:0,1000,500,compute_matched_er500,0.997,0.954,0.979,0.982,0.987,0.897,0.182,0.979,0.907,0.0,0.897,0.182,0.979,0.907,0.0
10,perm_103,none,perm_103,"[4,1,0,3,2]",4-1-0-3-2,experience_replay_compute_matched,500,er500_matched,PASS,0.0,0.0,10,128,160,10;8;8;8;8,800,160;160;160;160;160,800,100000,20000;20000;20000;20000;20000,100000,not_applicable,not_applicable,0.9804,0.982,0.956,0,0.5582,0.5277499999999999,0.5277499999999999,1.203,1.203,cuda:0,1000,500,compute_matched_er500,0.997,0.956,0.982,0.982,0.985,0.778,0.128,0.982,0.903,0.0,0.778,0.128,0.982,0.903,0.0
1,perm_104,none,perm_104,"[4,1,2,0,3]",4-1-2-0-3,experience_replay_compute_matched,500,er500_matched,PASS,0.0,0.0,10,128,160,10;8;8;8;8,800,160;160;160;160;160,800,100000,20000;20000;20000;20000;20000,100000,not_applicable,not_applicable,0.9808,0.985,0.955,0,0.6552,0.40700000000000003,0.40700000000000003,1.199,1.199,cuda:0,1000,500,compute_matched_er500,0.995,0.955,0.985,0.982,0.987,0.97,0.501,0.823,0.982,0.0,0.97,0.501,0.823,0.982,0.0
2,perm_104,none,perm_104,"[4,1,2,0,3]",4-1-2-0-3,experience_replay_compute_matched,500,er500_matched,PASS,0.0,0.0,10,128,160,10;8;8;8;8,800,160;160;160;160;160,800,100000,20000;20000;20000;20000;20000,100000,not_applicable,not_applicable,0.9788,0.983,0.955,0,0.6052,0.46699999999999997,0.46699999999999997,1.192,1.192,cuda:0,1000,500,compute_matched_er500,0.997,0.955,0.975,0.984,0.983,0.96,0.235,0.847,0.984,0.0,0.96,0.235,0.847,0.984,0.0
3,perm_104,none,perm_104,"[4,1,2,0,3]",4-1-2-0-3,experience_replay_compute_matched,500,er500_matched,PASS,0.0,0.0,10,128,160,10;8;8;8;8,800,160;160;160;160;160,800,100000,20000;20000;20000;20000;20000,100000,not_applicable,not_applicable,0.9822000000000001,0.986,0.956,0,0.5986,0.4795,0.4795,1.182,1.182,cuda:0,1000,500,compute_matched_er500,0.996,0.956,0.986,0.989,0.984,0.968,0.189,0.841,0.989,0.006,0.968,0.189,0.841,0.989,0.006
4,perm_104,none,perm_104,"[4,1,2,0,3]",4-1-2-0-3,experience_replay_compute_matched,500,er500_matched,PASS,0.0,0.0,10,128,160,10;8;8;8;8,800,160;160;160;160;160,800,100000,20000;20000;20000;20000;20000,100000,not_applicable,not_applicable,0.9793999999999998,0.985,0.948,0,0.6504,0.41125,0.41125,1.182,1.182,cuda:0,1000,500,compute_matched_er500,0.997,0.948,0.986,0.981,0.985,0.979,0.445,0.847,0.981,0.0,0.979,0.445,0.847,0.981,0.0
5,perm_104,none,perm_104,"[4,1,2,0,3]",4-1-2-0-3,experience_replay_compute_matched,500,er500_matched,PASS,0.0,0.0,10,128,160,10;8;8;8;8,800,160;160;160;160;160,800,100000,20000;20000;20000;20000;20000,100000,not_applicable,not_applicable,0.9802,0.982,0.958,0,0.6641999999999999,0.39499999999999996,0.39499999999999996,1.225,1.225,cuda:0,1000,500,compute_matched_er500,0.995,0.958,0.982,0.979,0.987,0.971,0.533,0.812,0.979,0.026,0.971,0.533,0.812,0.979,0.026
6,perm_104,none,perm_104,"[4,1,2,0,3]",4-1-2-0-3,experience_replay_compute_matched,500,er500_matched,PASS,0.0,0.0,10,128,160,10;8;8;8;8,800,160;160;160;160;160,800,100000,20000;20000;20000;20000;20000,100000,not_applicable,not_applicable,0.9795999999999999,0.982,0.954,0,0.6434,0.42025,0.42025,1.276,1.276,cuda:0,1000,500,compute_matched_er500,0.995,0.954,0.982,0.98,0.987,0.974,0.445,0.818,0.98,0.0,0.974,0.445,0.818,0.98,0.0
7,perm_104,none,perm_104,"[4,1,2,0,3]",4-1-2-0-3,experience_replay_compute_matched,500,er500_matched,PASS,0.0,0.0,10,128,160,10;8;8;8;8,800,160;160;160;160;160,800,100000,20000;20000;20000;20000;20000,100000,not_applicable,not_applicable,0.9782,0.984,0.95,0,0.5940000000000001,0.48024999999999995,0.48024999999999995,1.267,1.267,cuda:0,1000,500,compute_matched_er500,0.992,0.95,0.985,0.98,0.984,0.964,0.257,0.769,0.98,0.0,0.964,0.257,0.769,0.98,0.0
8,perm_104,none,perm_104,"[4,1,2,0,3]",4-1-2-0-3,experience_replay_compute_matched,500,er500_matched,PASS,0.0,0.0,10,128,160,10;8;8;8;8,800,160;160;160;160;160,800,100000,20000;20000;20000;20000;20000,100000,not_applicable,not_applicable,0.9818,0.981,0.959,0,0.6477999999999999,0.4175,0.4175,1.263,1.263,cuda:0,1000,500,compute_matched_er500,0.997,0.959,0.992,0.98,0.981,0.971,0.436,0.852,0.98,0.0,0.971,0.436,0.852,0.98,0.0
9,perm_104,none,perm_104,"[4,1,2,0,3]",4-1-2-0-3,experience_replay_compute_matched,500,er500_matched,PASS,0.0,0.0,10,128,160,10;8;8;8;8,800,160;160;160;160;160,800,100000,20000;20000;20000;20000;20000,100000,not_applicable,not_applicable,0.9798,0.981,0.961,0,0.6386,0.4265,0.4265,1.246,1.246,cuda:0,1000,500,compute_matched_er500,0.995,0.961,0.98,0.981,0.982,0.977,0.376,0.859,0.981,0.0,0.977,0.376,0.859,0.981,0.0
10,perm_104,none,perm_104,"[4,1,2,0,3]",4-1-2-0-3,experience_replay_compute_matched,500,er500_matched,PASS,0.0,0.0,10,128,160,10;8;8;8;8,800,160;160;160;160;160,800,100000,20000;20000;20000;20000;20000,100000,not_applicable,not_applicable,0.9799999999999999,0.984,0.952,0,0.5963999999999999,0.4795,0.4795,1.264,1.264,cuda:0,1000,500,compute_matched_er500,0.994,0.952,0.987,0.983,0.984,0.964,0.235,0.8,0.983,0.0,0.964,0.235,0.8,0.983,0.0
1,perm_105,none,perm_105,"[4,1,2,3,0]",4-1-2-3-0,experience_replay_compute_matched,500,er500_matched,PASS,0.0,0.0,10,128,160,10;8;8;8;8,800,160;160;160;160;160,800,100000,20000;20000;20000;20000;20000,100000,not_applicable,not_applicable,0.9816,0.985,0.96,0,0.5793999999999999,0.5027499999999999,0.5027499999999999,1.242,1.242,cuda:0,1000,500,compute_matched_er500,0.995,0.96,0.986,0.982,0.985,0.995,0.193,0.761,0.948,0.0,0.995,0.193,0.761,0.948,0.0
2,perm_105,none,perm_105,"[4,1,2,3,0]",4-1-2-3-0,experience_replay_compute_matched,500,er500_matched,PASS,0.0,0.0,10,128,160,10;8;8;8;8,800,160;160;160;160;160,800,100000,20000;20000;20000;20000;20000,100000,not_applicable,not_applicable,0.9798,0.979,0.959,0,0.6544,0.40675,0.40675,1.169,1.169,cuda:0,1000,500,compute_matched_er500,0.996,0.959,0.978,0.979,0.987,0.996,0.481,0.844,0.951,0.0,0.996,0.481,0.844,0.951,0.0
3,perm_105,none,perm_105,"[4,1,2,3,0]",4-1-2-3-0,experience_replay_compute_matched,500,er500_matched,PASS,0.0,0.0,10,128,160,10;8;8;8;8,800,160;160;160;160;160,800,100000,20000;20000;20000;20000;20000,100000,not_applicable,not_applicable,0.978,0.983,0.951,0,0.6322,0.43225,0.43225,1.193,1.193,cuda:0,1000,500,compute_matched_er500,0.995,0.951,0.976,0.983,0.985,0.995,0.381,0.838,0.947,0.0,0.995,0.381,0.838,0.947,0.0
4,perm_105,none,perm_105,"[4,1,2,3,0]",4-1-2-3-0,experience_replay_compute_matched,500,er500_matched,PASS,0.0,0.0,10,128,160,10;8;8;8;8,800,160;160;160;160;160,800,100000,20000;20000;20000;20000;20000,100000,not_applicable,not_applicable,0.9800000000000001,0.985,0.947,0,0.5279999999999999,0.565,0.565,1.211,1.211,cuda:0,1000,500,compute_matched_er500,0.996,0.947,0.988,0.984,0.985,0.996,0.061,0.645,0.938,0.0,0.996,0.061,0.645,0.938,0.0
5,perm_105,none,perm_105,"[4,1,2,3,0]",4-1-2-3-0,experience_replay_compute_matched,500,er500_matched,PASS,0.0,0.0,10,128,160,10;8;8;8;8,800,160;160;160;160;160,800,100000,20000;20000;20000;20000;20000,100000,not_applicable,not_applicable,0.9799999999999999,0.986,0.953,0,0.627,0.44125,0.44125,1.217,1.217,cuda:0,1000,500,compute_matched_er500,0.994,0.953,0.981,0.986,0.986,0.994,0.339,0.855,0.947,0.0,0.994,0.339,0.855,0.947,0.0
6,perm_105,none,perm_105,"[4,1,2,3,0]",4-1-2-3-0,experience_replay_compute_matched,500,er500_matched,PASS,0.0,0.0,10,128,160,10;8;8;8;8,800,160;160;160;160;160,800,100000,20000;20000;20000;20000;20000,100000,not_applicable,not_applicable,0.982,0.985,0.956,0,0.6633999999999999,0.39825,0.39825,1.213,1.213,cuda:0,1000,500,compute_matched_er500,0.996,0.956,0.985,0.985,0.988,0.996,0.512,0.869,0.938,0.002,0.996,0.512,0.869,0.938,0.002
7,perm_105,none,perm_105,"[4,1,2,3,0]",4-1-2-3-0,experience_replay_compute_matched,500,er500_matched,PASS,0.0,0.0,10,128,160,10;8;8;8;8,800,160;160;160;160;160,800,100000,20000;20000;20000;20000;20000,100000,not_applicable,not_applicable,0.9756,0.982,0.942,0,0.6754,0.37525,0.37525,1.207,1.207,cuda:0,1000,500,compute_matched_er500,0.993,0.942,0.985,0.976,0.982,0.993,0.581,0.854,0.949,0.0,0.993,0.581,0.854,0.949,0.0
8,perm_105,none,perm_105,"[4,1,2,3,0]",4-1-2-3-0,experience_replay_compute_matched,500,er500_matched,PASS,0.0,0.0,10,128,160,10;8;8;8;8,800,160;160;160;160;160,800,100000,20000;20000;20000;20000;20000,100000,not_applicable,not_applicable,0.9784,0.982,0.948,0,0.5963999999999999,0.4775,0.4775,1.205,1.205,cuda:0,1000,500,compute_matched_er500,0.993,0.948,0.988,0.982,0.981,0.993,0.233,0.803,0.953,0.0,0.993,0.233,0.803,0.953,0.0
9,perm_105,none,perm_105,"[4,1,2,3,0]",4-1-2-3-0,experience_replay_compute_matched,500,er500_matched,PASS,0.0,0.0,10,128,160,10;8;8;8;8,800,160;160;160;160;160,800,100000,20000;20000;20000;20000;20000,100000,not_applicable,not_applicable,0.9800000000000001,0.986,0.957,0,0.6567999999999999,0.404,0.404,1.193,1.193,cuda:0,1000,500,compute_matched_er500,0.99,0.957,0.988,0.979,0.986,0.99,0.47,0.874,0.95,0.0,0.99,0.47,0.874,0.95,0.0
10,perm_105,none,perm_105,"[4,1,2,3,0]",4-1-2-3-0,experience_replay_compute_matched,500,er500_matched,PASS,0.0,0.0,10,128,160,10;8;8;8;8,800,160;160;160;160;160,800,100000,20000;20000;20000;20000;20000,100000,not_applicable,not_applicable,0.9809999999999999,0.985,0.957,0,0.5664,0.51825,0.51825,1.205,1.205,cuda:0,1000,500,compute_matched_er500,0.996,0.957,0.987,0.98,0.985,0.996,0.095,0.791,0.95,0.0,0.996,0.095,0.791,0.95,0.0
1,perm_106,none,perm_106,"[4,1,3,0,2]",4-1-3-0-2,experience_replay_compute_matched,500,er500_matched,PASS,0.0,0.0,10,128,160,10;8;8;8;8,800,160;160;160;160;160,800,100000,20000;20000;20000;20000;20000,100000,not_applicable,not_applicable,0.9805999999999999,0.984,0.962,0,0.5944,0.48275,0.48275,1.195,1.195,cuda:0,1000,500,compute_matched_er500,0.993,0.962,0.984,0.977,0.987,0.957,0.252,0.984,0.779,0.0,0.957,0.252,0.984,0.779,0.0
2,perm_106,none,perm_106,"[4,1,3,0,2]",4-1-3-0-2,experience_replay_compute_matched,500,er500_matched,PASS,0.0,0.0,10,128,160,10;8;8;8;8,800,160;160;160;160;160,800,100000,20000;20000;20000;20000;20000,100000,not_applicable,not_applicable,0.9806000000000001,0.986,0.956,0,0.5898000000000001,0.4885,0.4885,1.205,1.205,cuda:0,1000,500,compute_matched_er500,0.992,0.956,0.988,0.981,0.986,0.967,0.224,0.988,0.77,0.0,0.967,0.224,0.988,0.77,0.0
3,perm_106,none,perm_106,"[4,1,3,0,2]",4-1-3-0-2,experience_replay_compute_matched,500,er500_matched,PASS,0.0,0.0,10,128,160,10;8;8;8;8,800,160;160;160;160;160,800,100000,20000;20000;20000;20000;20000,100000,not_applicable,not_applicable,0.9795999999999999,0.984,0.953,0,0.6284000000000001,0.43899999999999995,0.43899999999999995,1.212,1.212,cuda:0,1000,500,compute_matched_er500,0.994,0.953,0.987,0.98,0.984,0.971,0.372,0.987,0.812,0.0,0.971,0.372,0.987,0.812,0.0
4,perm_106,none,perm_106,"[4,1,3,0,2]",4-1-3-0-2,experience_replay_compute_matched,500,er500_matched,PASS,0.0,0.0,10,128,160,10;8;8;8;8,800,160;160;160;160;160,800,100000,20000;20000;20000;20000;20000,100000,not_applicable,not_applicable,0.9795999999999999,0.983,0.959,0,0.5953999999999999,0.48024999999999995,0.48024999999999995,1.22,1.22,cuda:0,1000,500,compute_matched_er500,0.994,0.959,0.987,0.975,0.983,0.977,0.234,0.987,0.779,0.0,0.977,0.234,0.987,0.779,0.0
5,perm_106,none,perm_106,"[4,1,3,0,2]",4-1-3-0-2,experience_replay_compute_matched,500,er500_matched,PASS,0.0,0.0,10,128,160,10;8;8;8;8,800,160;160;160;160;160,800,100000,20000;20000;20000;20000;20000,100000,not_applicable,not_applicable,0.9795999999999999,0.984,0.953,0,0.6108,0.46099999999999997,0.46099999999999997,1.206,1.206,cuda:0,1000,500,compute_matched_er500,0.993,0.953,0.986,0.982,0.984,0.979,0.27,0.986,0.819,0.0,0.979,0.27,0.986,0.819,0.0
6,perm_106,none,perm_106,"[4,1,3,0,2]",4-1-3-0-2,experience_replay_compute_matched,500,er500_matched,PASS,0.0,0.0,10,128,160,10;8;8;8;8,800,160;160;160;160;160,800,100000,20000;20000;20000;20000;20000,100000,not_applicable,not_applicable,0.978,0.98,0.954,0,0.6056,0.4655,0.4655,1.208,1.208,cuda:0,1000,500,compute_matched_er500,0.993,0.954,0.988,0.975,0.98,0.97,0.244,0.988,0.826,0.0,0.97,0.244,0.988,0.826,0.0
7,perm_106,none,perm_106,"[4,1,3,0,2]",4-1-3-0-2,experience_replay_compute_matched,500,er500_matched,PASS,0.0,0.0,10,128,160,10;8;8;8;8,800,160;160;160;160;160,800,100000,20000;20000;20000;20000;20000,100000,not_applicable,not_applicable,0.9826,0.987,0.962,0,0.6332,0.43674999999999997,0.43674999999999997,1.218,1.218,cuda:0,1000,500,compute_matched_er500,0.993,0.962,0.989,0.982,0.987,0.967,0.408,0.989,0.802,0.0,0.967,0.408,0.989,0.802,0.0
8,perm_106,none,perm_106,"[4,1,3,0,2]",4-1-3-0-2,experience_replay_compute_matched,500,er500_matched,PASS,0.0,0.0,10,128,160,10;8;8;8;8,800,160;160;160;160;160,800,100000,20000;20000;20000;20000;20000,100000,not_applicable,not_applicable,0.9806000000000001,0.986,0.961,0,0.6255999999999999,0.44375,0.44375,1.216,1.216,cuda:0,1000,500,compute_matched_er500,0.995,0.961,0.989,0.972,0.986,0.965,0.346,0.989,0.828,0.0,0.965,0.346,0.989,0.828,0.0
9,perm_106,none,perm_106,"[4,1,3,0,2]",4-1-3-0-2,experience_replay_compute_matched,500,er500_matched,PASS,0.0,0.0,10,128,160,10;8;8;8;8,800,160;160;160;160;160,800,100000,20000;20000;20000;20000;20000,100000,not_applicable,not_applicable,0.9805999999999999,0.985,0.959,0,0.6328,0.43474999999999997,0.43474999999999997,1.205,1.205,cuda:0,1000,500,compute_matched_er500,0.994,0.959,0.987,0.978,0.985,0.979,0.375,0.987,0.823,0.0,0.979,0.375,0.987,0.823,0.0
10,perm_106,none,perm_106,"[4,1,3,0,2]",4-1-3-0-2,experience_replay_compute_matched,500,er500_matched,PASS,0.0,0.0,10,128,160,10;8;8;8;8,800,160;160;160;160;160,800,100000,20000;20000;20000;20000;20000,100000,not_applicable,not_applicable,0.9802,0.986,0.95,0,0.6117999999999999,0.4605,0.4605,1.286,1.286,cuda:0,1000,500,compute_matched_er500,0.995,0.95,0.988,0.982,0.986,0.963,0.362,0.988,0.746,0.0,0.963,0.362,0.988,0.746,0.0
1,perm_107,none,perm_107,"[4,1,3,2,0]",4-1-3-2-0,experience_replay_compute_matched,500,er500_matched,PASS,0.0,0.0,10,128,160,10;8;8;8;8,800,160;160;160;160;160,800,100000,20000;20000;20000;20000;20000,100000,not_applicable,not_applicable,0.9756,0.982,0.942,0,0.6744,0.37649999999999995,0.37649999999999995,1.264,1.264,cuda:0,1000,500,compute_matched_er500,0.994,0.942,0.985,0.982,0.975,0.994,0.547,0.947,0.884,0.0,0.994,0.547,0.947,0.884,0.0
2,perm_107,none,perm_107,"[4,1,3,2,0]",4-1-3-2-0,experience_replay_compute_matched,500,er500_matched,PASS,0.0,0.0,10,128,160,10;8;8;8;8,800,160;160;160;160;160,800,100000,20000;20000;20000;20000;20000,100000,not_applicable,not_applicable,0.9780000000000001,0.979,0.955,0,0.619,0.44875,0.44875,1.178,1.178,cuda:0,1000,500,compute_matched_er500,0.993,0.955,0.979,0.978,0.985,0.993,0.291,0.947,0.864,0.0,0.993,0.291,0.947,0.864,0.0
3,perm_107,none,perm_107,"[4,1,3,2,0]",4-1-3-2-0,experience_replay_compute_matched,500,er500_matched,PASS,0.0,0.0,10,128,160,10;8;8;8;8,800,160;160;160;160;160,800,100000,20000;20000;20000;20000;20000,100000,not_applicable,not_applicable,0.9788,0.979,0.959,0,0.6460000000000001,0.416,0.416,1.237,1.237,cuda:0,1000,500,compute_matched_er500,0.995,0.959,0.979,0.978,0.983,0.995,0.399,0.966,0.87,0.0,0.995,0.399,0.966,0.87,0.0
4,perm_107,none,perm_107,"[4,1,3,2,0]",4-1-3-2-0,experience_replay_compute_matched,500,er500_matched,PASS,0.0,0.0,10,128,160,10;8;8;8;8,800,160;160;160;160;160,800,100000,20000;20000;20000;20000;20000,100000,not_applicable,not_applicable,0.9782,0.982,0.948,0,0.6128,0.45675,0.45675,1.345,1.345,cuda:0,1000,500,compute_matched_er500,0.995,0.948,0.982,0.984,0.982,0.995,0.268,0.937,0.864,0.0,0.995,0.268,0.937,0.864,0.0
5,perm_107,none,perm_107,"[4,1,3,2,0]",4-1-3-2-0,experience_replay_compute_matched,500,er500_matched,PASS,0.0,0.0,10,128,160,10;8;8;8;8,800,160;160;160;160;160,800,100000,20000;20000;20000;20000;20000,100000,not_applicable,not_applicable,0.978,0.982,0.949,0,0.6672,0.38849999999999996,0.38849999999999996,1.29,1.29,cuda:0,1000,500,compute_matched_er500,0.994,0.949,0.984,0.981,0.982,0.994,0.526,0.948,0.868,0.0,0.994,0.526,0.948,0.868,0.0
6,perm_107,none,perm_107,"[4,1,3,2,0]",4-1-3-2-0,experience_replay_compute_matched,500,er500_matched,PASS,0.0,0.0,10,128,160,10;8;8;8;8,800,160;160;160;160;160,800,100000,20000;20000;20000;20000;20000,100000,not_applicable,not_applicable,0.9804,0.985,0.955,0,0.5963999999999999,0.48,0.48,1.296,1.296,cuda:0,1000,500,compute_matched_er500,0.997,0.955,0.98,0.985,0.985,0.997,0.174,0.948,0.863,0.0,0.997,0.174,0.948,0.863,0.0
7,perm_107,none,perm_107,"[4,1,3,2,0]",4-1-3-2-0,experience_replay_compute_matched,500,er500_matched,PASS,0.0,0.0,10,128,160,10;8;8;8;8,800,160;160;160;160;160,800,100000,20000;20000;20000;20000;20000,100000,not_applicable,not_applicable,0.9802,0.983,0.959,0,0.6082000000000001,0.46499999999999997,0.46499999999999997,1.267,1.267,cuda:0,1000,500,compute_matched_er500,0.995,0.959,0.984,0.98,0.983,0.995,0.225,0.94,0.858,0.023,0.995,0.225,0.94,0.858,0.023
8,perm_107,none,perm_107,"[4,1,3,2,0]",4-1-3-2-0,experience_replay_compute_matched,500,er500_matched,PASS,0.0,0.0,10,128,160,10;8;8;8;8,800,160;160;160;160;160,800,100000,20000;20000;20000;20000;20000,100000,not_applicable,not_applicable,0.9778,0.982,0.946,0,0.6188,0.44875,0.44875,1.199,1.199,cuda:0,1000,500,compute_matched_er500,0.993,0.946,0.982,0.98,0.988,0.993,0.312,0.945,0.844,0.0,0.993,0.312,0.945,0.844,0.0
9,perm_107,none,perm_107,"[4,1,3,2,0]",4-1-3-2-0,experience_replay_compute_matched,500,er500_matched,PASS,0.0,0.0,10,128,160,10;8;8;8;8,800,160;160;160;160;160,800,100000,20000;20000;20000;20000;20000,100000,not_applicable,not_applicable,0.9815999999999999,0.985,0.962,0,0.6134000000000001,0.46025,0.46025,1.194,1.194,cuda:0,1000,500,compute_matched_er500,0.993,0.962,0.985,0.982,0.986,0.993,0.265,0.943,0.866,0.0,0.993,0.265,0.943,0.866,0.0
10,perm_107,none,perm_107,"[4,1,3,2,0]",4-1-3-2-0,experience_replay_compute_matched,500,er500_matched,PASS,0.0,0.0,10,128,160,10;8;8;8;8,800,160;160;160;160;160,800,100000,20000;20000;20000;20000;20000,100000,not_applicable,not_applicable,0.9798,0.983,0.955,0,0.567,0.516,0.516,1.205,1.205,cuda:0,1000,500,compute_matched_er500,0.997,0.955,0.983,0.978,0.986,0.997,0.051,0.939,0.848,0.0,0.997,0.051,0.939,0.848,0.0
1,perm_108,none,perm_108,"[4,2,0,1,3]",4-2-0-1-3,experience_replay_compute_matched,500,er500_matched,PASS,0.0,0.0,10,128,160,10;8;8;8;8,800,160;160;160;160;160,800,100000,20000;20000;20000;20000;20000,100000,not_applicable,not_applicable,0.9827999999999999,0.983,0.97,0,0.6073999999999999,0.46924999999999994,0.46924999999999994,1.203,1.203,cuda:0,1000,500,compute_matched_er500,0.996,0.97,0.983,0.98,0.985,0.919,0.937,0.163,0.98,0.038,0.919,0.937,0.163,0.98,0.038
2,perm_108,none,perm_108,"[4,2,0,1,3]",4-2-0-1-3,experience_replay_compute_matched,500,er500_matched,PASS,0.0,0.0,10,128,160,10;8;8;8;8,800,160;160;160;160;160,800,100000,20000;20000;20000;20000;20000,100000,not_applicable,not_applicable,0.9814,0.983,0.965,0,0.5614,0.5249999999999999,0.5249999999999999,1.198,1.198,cuda:0,1000,500,compute_matched_er500,0.995,0.965,0.983,0.978,0.986,0.907,0.915,0.007,0.978,0.0,0.907,0.915,0.007,0.978,0.0
3,perm_108,none,perm_108,"[4,2,0,1,3]",4-2-0-1-3,experience_replay_compute_matched,500,er500_matched,PASS,0.0,0.0,10,128,160,10;8;8;8;8,800,160;160;160;160;160,800,100000,20000;20000;20000;20000;20000,100000,not_applicable,not_applicable,0.9815999999999999,0.982,0.972,0,0.5902000000000001,0.48924999999999996,0.48924999999999996,1.175,1.175,cuda:0,1000,500,compute_matched_er500,0.995,0.972,0.984,0.975,0.982,0.866,0.917,0.193,0.975,0.0,0.866,0.917,0.193,0.975,0.0
4,perm_108,none,perm_108,"[4,2,0,1,3]",4-2-0-1-3,experience_replay_compute_matched,500,er500_matched,PASS,0.0,0.0,10,128,160,10;8;8;8;8,800,160;160;160;160;160,800,100000,20000;20000;20000;20000;20000,100000,not_applicable,not_applicable,0.9816,0.982,0.966,0,0.6052000000000001,0.4704999999999999,0.4704999999999999,1.176,1.176,cuda:0,1000,500,compute_matched_er500,0.994,0.966,0.982,0.979,0.987,0.921,0.931,0.195,0.979,0.0,0.921,0.931,0.195,0.979,0.0
5,perm_108,none,perm_108,"[4,2,0,1,3]",4-2-0-1-3,experience_replay_compute_matched,500,er500_matched,PASS,0.0,0.0,10,128,160,10;8;8;8;8,800,160;160;160;160;160,800,100000,20000;20000;20000;20000;20000,100000,not_applicable,not_applicable,0.9812,0.98,0.97,0,0.5818,0.49924999999999997,0.49924999999999997,1.174,1.174,cuda:0,1000,500,compute_matched_er500,0.995,0.97,0.98,0.979,0.982,0.926,0.921,0.083,0.979,0.0,0.926,0.921,0.083,0.979,0.0
6,perm_108,none,perm_108,"[4,2,0,1,3]",4-2-0-1-3,experience_replay_compute_matched,500,er500_matched,PASS,0.0,0.0,10,128,160,10;8;8;8;8,800,160;160;160;160;160,800,100000,20000;20000;20000;20000;20000,100000,not_applicable,not_applicable,0.9842000000000001,0.985,0.968,0,0.6022,0.4775,0.4775,1.205,1.205,cuda:0,1000,500,compute_matched_er500,0.996,0.968,0.985,0.985,0.987,0.889,0.902,0.235,0.985,0.0,0.889,0.902,0.235,0.985,0.0
7,perm_108,none,perm_108,"[4,2,0,1,3]",4-2-0-1-3,experience_replay_compute_matched,500,er500_matched,PASS,0.0,0.0,10,128,160,10;8;8;8;8,800,160;160;160;160;160,800,100000,20000;20000;20000;20000;20000,100000,not_applicable,not_applicable,0.9827999999999999,0.984,0.973,0,0.6012,0.477,0.477,1.181,1.181,cuda:0,1000,500,compute_matched_er500,0.996,0.973,0.984,0.976,0.985,0.902,0.913,0.215,0.976,0.0,0.902,0.913,0.215,0.976,0.0
8,perm_108,none,perm_108,"[4,2,0,1,3]",4-2-0-1-3,experience_replay_compute_matched,500,er500_matched,PASS,0.0,0.0,10,128,160,10;8;8;8;8,800,160;160;160;160;160,800,100000,20000;20000;20000;20000;20000,100000,not_applicable,not_applicable,0.9823999999999999,0.985,0.968,0,0.61,0.46549999999999997,0.46549999999999997,1.17,1.17,cuda:0,1000,500,compute_matched_er500,0.997,0.968,0.985,0.977,0.985,0.874,0.92,0.279,0.977,0.0,0.874,0.92,0.279,0.977,0.0
9,perm_108,none,perm_108,"[4,2,0,1,3]",4-2-0-1-3,experience_replay_compute_matched,500,er500_matched,PASS,0.0,0.0,10,128,160,10;8;8;8;8,800,160;160;160;160;160,800,100000,20000;20000;20000;20000;20000,100000,not_applicable,not_applicable,0.983,0.983,0.971,0,0.6216,0.45175,0.45175,1.187,1.187,cuda:0,1000,500,compute_matched_er500,0.993,0.971,0.989,0.979,0.983,0.913,0.93,0.259,0.979,0.027,0.913,0.93,0.259,0.979,0.027
10,perm_108,none,perm_108,"[4,2,0,1,3]",4-2-0-1-3,experience_replay_compute_matched,500,er500_matched,PASS,0.0,0.0,10,128,160,10;8;8;8;8,800,160;160;160;160;160,800,100000,20000;20000;20000;20000;20000,100000,not_applicable,not_applicable,0.9814,0.981,0.968,0,0.5944,0.48374999999999996,0.48374999999999996,1.176,1.176,cuda:0,1000,500,compute_matched_er500,0.996,0.968,0.985,0.977,0.981,0.903,0.923,0.169,0.977,0.0,0.903,0.923,0.169,0.977,0.0
1,perm_109,none,perm_109,"[4,2,0,3,1]",4-2-0-3-1,experience_replay_compute_matched,500,er500_matched,PASS,0.0,0.0,10,128,160,10;8;8;8;8,800,160;160;160;160;160,800,100000,20000;20000;20000;20000;20000,100000,not_applicable,not_applicable,0.9816,0.984,0.961,0,0.6317999999999999,0.43724999999999997,0.43724999999999997,1.169,1.169,cuda:0,1000,500,compute_matched_er500,0.992,0.961,0.99,0.981,0.984,0.888,0.961,0.397,0.913,0.0,0.888,0.961,0.397,0.913,0.0
2,perm_109,none,perm_109,"[4,2,0,3,1]",4-2-0-3-1,experience_replay_compute_matched,500,er500_matched,PASS,0.0,0.0,10,128,160,10;8;8;8;8,800,160;160;160;160;160,800,100000,20000;20000;20000;20000;20000,100000,not_applicable,not_applicable,0.982,0.984,0.963,0,0.603,0.47375,0.47375,1.193,1.193,cuda:0,1000,500,compute_matched_er500,0.995,0.963,0.987,0.981,0.984,0.918,0.963,0.229,0.905,0.0,0.918,0.963,0.229,0.905,0.0
3,perm_109,none,perm_109,"[4,2,0,3,1]",4-2-0-3-1,experience_replay_compute_matched,500,er500_matched,PASS,0.0,0.0,10,128,160,10;8;8;8;8,800,160;160;160;160;160,800,100000,20000;20000;20000;20000;20000,100000,not_applicable,not_applicable,0.9792,0.982,0.955,0,0.6018,0.47175,0.47175,1.197,1.197,cuda:0,1000,500,compute_matched_er500,0.996,0.955,0.979,0.984,0.982,0.878,0.955,0.254,0.922,0.0,0.878,0.955,0.254,0.922,0.0
4,perm_109,none,perm_109,"[4,2,0,3,1]",4-2-0-3-1,experience_replay_compute_matched,500,er500_matched,PASS,0.0,0.0,10,128,160,10;8;8;8;8,800,160;160;160;160;160,800,100000,20000;20000;20000;20000;20000,100000,not_applicable,not_applicable,0.9826,0.984,0.964,0,0.5678000000000001,0.5185,0.5185,1.21,1.21,cuda:0,1000,500,compute_matched_er500,0.998,0.964,0.984,0.984,0.983,0.862,0.964,0.11,0.903,0.0,0.862,0.964,0.11,0.903,0.0
5,perm_109,none,perm_109,"[4,2,0,3,1]",4-2-0-3-1,experience_replay_compute_matched,500,er500_matched,PASS,0.0,0.0,10,128,160,10;8;8;8;8,800,160;160;160;160;160,800,100000,20000;20000;20000;20000;20000,100000,not_applicable,not_applicable,0.9814,0.985,0.959,0,0.6142,0.45899999999999996,0.45899999999999996,1.225,1.225,cuda:0,1000,500,compute_matched_er500,0.996,0.959,0.985,0.982,0.985,0.848,0.959,0.355,0.909,0.0,0.848,0.959,0.355,0.909,0.0
6,perm_109,none,perm_109,"[4,2,0,3,1]",4-2-0-3-1,experience_replay_compute_matched,500,er500_matched,PASS,0.0,0.0,10,128,160,10;8;8;8;8,800,160;160;160;160;160,800,100000,20000;20000;20000;20000;20000,100000,not_applicable,not_applicable,0.9836,0.987,0.966,0,0.647,0.42074999999999996,0.42074999999999996,1.222,1.222,cuda:0,1000,500,compute_matched_er500,0.994,0.966,0.992,0.979,0.987,0.889,0.966,0.481,0.899,0.0,0.889,0.966,0.481,0.899,0.0
7,perm_109,none,perm_109,"[4,2,0,3,1]",4-2-0-3-1,experience_replay_compute_matched,500,er500_matched,PASS,0.0,0.0,10,128,160,10;8;8;8;8,800,160;160;160;160;160,800,100000,20000;20000;20000;20000;20000,100000,not_applicable,not_applicable,0.9822000000000001,0.984,0.962,0,0.6182000000000001,0.45499999999999996,0.45499999999999996,1.227,1.227,cuda:0,1000,500,compute_matched_er500,0.996,0.962,0.986,0.983,0.984,0.916,0.962,0.291,0.922,0.0,0.916,0.962,0.291,0.922,0.0
8,perm_109,none,perm_109,"[4,2,0,3,1]",4-2-0-3-1,experience_replay_compute_matched,500,er500_matched,PASS,0.0,0.0,10,128,160,10;8;8;8;8,800,160;160;160;160;160,800,100000,20000;20000;20000;20000;20000,100000,not_applicable,not_applicable,0.9833999999999999,0.987,0.962,0,0.6122,0.46399999999999997,0.46399999999999997,1.304,1.304,cuda:0,1000,500,compute_matched_er500,0.997,0.962,0.989,0.982,0.987,0.883,0.962,0.297,0.919,0.0,0.883,0.962,0.297,0.919,0.0
9,perm_109,none,perm_109,"[4,2,0,3,1]",4-2-0-3-1,experience_replay_compute_matched,500,er500_matched,PASS,0.0,0.0,10,128,160,10;8;8;8;8,800,160;160;160;160;160,800,100000,20000;20000;20000;20000;20000,100000,not_applicable,not_applicable,0.9814,0.983,0.962,0,0.6215999999999999,0.44975,0.44975,1.291,1.291,cuda:0,1000,500,compute_matched_er500,0.993,0.962,0.987,0.982,0.983,0.853,0.962,0.384,0.909,0.0,0.853,0.962,0.384,0.909,0.0
10,perm_109,none,perm_109,"[4,2,0,3,1]",4-2-0-3-1,experience_replay_compute_matched,500,er500_matched,PASS,0.0,0.0,10,128,160,10;8;8;8;8,800,160;160;160;160;160,800,100000,20000;20000;20000;20000;20000,100000,not_applicable,not_applicable,0.9794,0.983,0.958,0,0.6656000000000001,0.39225,0.39225,1.294,1.294,cuda:0,1000,500,compute_matched_er500,0.994,0.958,0.983,0.979,0.983,0.907,0.958,0.542,0.914,0.007,0.907,0.958,0.542,0.914,0.007
1,perm_110,none,perm_110,"[4,2,1,0,3]",4-2-1-0-3,experience_replay_compute_matched,500,er500_matched,PASS,0.0,0.0,10,128,160,10;8;8;8;8,800,160;160;160;160;160,800,100000,20000;20000;20000;20000;20000,100000,not_applicable,not_applicable,0.9823999999999999,0.986,0.956,0,0.593,0.48675,0.48675,1.276,1.276,cuda:0,1000,500,compute_matched_er500,0.996,0.956,0.989,0.985,0.986,0.976,0.783,0.221,0.985,0.0,0.976,0.783,0.221,0.985,0.0
2,perm_110,none,perm_110,"[4,2,1,0,3]",4-2-1-0-3,experience_replay_compute_matched,500,er500_matched,PASS,0.0,0.0,10,128,160,10;8;8;8;8,800,160;160;160;160;160,800,100000,20000;20000;20000;20000;20000,100000,not_applicable,not_applicable,0.9781999999999998,0.981,0.954,0,0.5652,0.51625,0.51625,1.282,1.282,cuda:0,1000,500,compute_matched_er500,0.994,0.954,0.984,0.978,0.981,0.971,0.823,0.054,0.978,0.0,0.971,0.823,0.054,0.978,0.0
3,perm_110,none,perm_110,"[4,2,1,0,3]",4-2-1-0-3,experience_replay_compute_matched,500,er500_matched,PASS,0.0,0.0,10,128,160,10;8;8;8;8,800,160;160;160;160;160,800,100000,20000;20000;20000;20000;20000,100000,not_applicable,not_applicable,0.9800000000000001,0.984,0.955,0,0.6176,0.453,0.453,1.285,1.285,cuda:0,1000,500,compute_matched_er500,0.995,0.955,0.984,0.981,0.985,0.968,0.814,0.325,0.981,0.0,0.968,0.814,0.325,0.981,0.0
4,perm_110,none,perm_110,"[4,2,1,0,3]",4-2-1-0-3,experience_replay_compute_matched,500,er500_matched,PASS,0.0,0.0,10,128,160,10;8;8;8;8,800,160;160;160;160;160,800,100000,20000;20000;20000;20000;20000,100000,not_applicable,not_applicable,0.9800000000000001,0.978,0.967,0,0.5768,0.504,0.504,1.215,1.215,cuda:0,1000,500,compute_matched_er500,0.995,0.967,0.982,0.978,0.978,0.969,0.828,0.108,0.978,0.001,0.969,0.828,0.108,0.978,0.001
5,perm_110,none,perm_110,"[4,2,1,0,3]",4-2-1-0-3,experience_replay_compute_matched,500,er500_matched,PASS,0.0,0.0,10,128,160,10;8;8;8;8,800,160;160;160;160;160,800,100000,20000;20000;20000;20000;20000,100000,not_applicable,not_applicable,0.9808,0.984,0.961,0,0.5704,0.513,0.513,1.185,1.185,cuda:0,1000,500,compute_matched_er500,0.994,0.961,0.984,0.98,0.985,0.976,0.836,0.06,0.98,0.0,0.976,0.836,0.06,0.98,0.0
6,perm_110,none,perm_110,"[4,2,1,0,3]",4-2-1-0-3,experience_replay_compute_matched,500,er500_matched,PASS,0.0,0.0,10,128,160,10;8;8;8;8,800,160;160;160;160;160,800,100000,20000;20000;20000;20000;20000,100000,not_applicable,not_applicable,0.9808,0.983,0.959,0,0.6512,0.412,0.412,1.174,1.174,cuda:0,1000,500,compute_matched_er500,0.995,0.959,0.987,0.98,0.983,0.964,0.797,0.515,0.98,0.0,0.964,0.797,0.515,0.98,0.0
7,perm_110,none,perm_110,"[4,2,1,0,3]",4-2-1-0-3,experience_replay_compute_matched,500,er500_matched,PASS,0.0,0.0,10,128,160,10;8;8;8;8,800,160;160;160;160;160,800,100000,20000;20000;20000;20000;20000,100000,not_applicable,not_applicable,0.9812,0.985,0.96,0,0.5681999999999999,0.51625,0.51625,1.191,1.191,cuda:0,1000,500,compute_matched_er500,0.995,0.96,0.987,0.979,0.985,0.969,0.871,0.022,0.979,0.0,0.969,0.871,0.022,0.979,0.0
8,perm_110,none,perm_110,"[4,2,1,0,3]",4-2-1-0-3,experience_replay_compute_matched,500,er500_matched,PASS,0.0,0.0,10,128,160,10;8;8;8;8,800,160;160;160;160;160,800,100000,20000;20000;20000;20000;20000,100000,not_applicable,not_applicable,0.9785999999999999,0.984,0.952,0,0.6458,0.416,0.416,1.199,1.199,cuda:0,1000,500,compute_matched_er500,0.994,0.952,0.984,0.984,0.979,0.971,0.775,0.499,0.984,0.0,0.971,0.775,0.499,0.984,0.0
9,perm_110,none,perm_110,"[4,2,1,0,3]",4-2-1-0-3,experience_replay_compute_matched,500,er500_matched,PASS,0.0,0.0,10,128,160,10;8;8;8;8,800,160;160;160;160;160,800,100000,20000;20000;20000;20000;20000,100000,not_applicable,not_applicable,0.9833999999999999,0.983,0.969,0,0.6300000000000001,0.44175,0.44175,1.194,1.194,cuda:0,1000,500,compute_matched_er500,0.997,0.969,0.986,0.982,0.983,0.978,0.841,0.349,0.982,0.0,0.978,0.841,0.349,0.982,0.0
10,perm_110,none,perm_110,"[4,2,1,0,3]",4-2-1-0-3,experience_replay_compute_matched,500,er500_matched,PASS,0.0,0.0,10,128,160,10;8;8;8;8,800,160;160;160;160;160,800,100000,20000;20000;20000;20000;20000,100000,not_applicable,not_applicable,0.9810000000000001,0.982,0.964,0,0.5904,0.48824999999999996,0.48824999999999996,1.275,1.275,cuda:0,1000,500,compute_matched_er500,0.995,0.964,0.979,0.982,0.985,0.964,0.82,0.186,0.982,0.0,0.964,0.82,0.186,0.982,0.0
1,perm_111,none,perm_111,"[4,2,1,3,0]",4-2-1-3-0,experience_replay_compute_matched,500,er500_matched,PASS,0.0,0.0,10,128,160,10;8;8;8;8,800,160;160;160;160;160,800,100000,20000;20000;20000;20000;20000,100000,not_applicable,not_applicable,0.9812,0.984,0.959,0,0.6486,0.41574999999999995,0.41574999999999995,1.209,1.209,cuda:0,1000,500,compute_matched_er500,0.994,0.959,0.987,0.982,0.984,0.994,0.805,0.489,0.955,0.0,0.994,0.805,0.489,0.955,0.0
2,perm_111,none,perm_111,"[4,2,1,3,0]",4-2-1-3-0,experience_replay_compute_matched,500,er500_matched,PASS,0.0,0.0,10,128,160,10;8;8;8;8,800,160;160;160;160;160,800,100000,20000;20000;20000;20000;20000,100000,not_applicable,not_applicable,0.9792,0.982,0.956,0,0.595,0.48024999999999995,0.48024999999999995,1.211,1.211,cuda:0,1000,500,compute_matched_er500,0.995,0.956,0.98,0.982,0.983,0.995,0.674,0.36,0.946,0.0,0.995,0.674,0.36,0.946,0.0
3,perm_111,none,perm_111,"[4,2,1,3,0]",4-2-1-3-0,experience_replay_compute_matched,500,er500_matched,PASS,0.0,0.0,10,128,160,10;8;8;8;8,800,160;160;160;160;160,800,100000,20000;20000;20000;20000;20000,100000,not_applicable,not_applicable,0.9798,0.979,0.958,0,0.6428,0.42125,0.42125,1.225,1.225,cuda:0,1000,500,compute_matched_er500,0.995,0.958,0.988,0.979,0.979,0.995,0.8,0.475,0.943,0.001,0.995,0.8,0.475,0.943,0.001
4,perm_111,none,perm_111,"[4,2,1,3,0]",4-2-1-3-0,experience_replay_compute_matched,500,er500_matched,PASS,0.0,0.0,10,128,160,10;8;8;8;8,800,160;160;160;160;160,800,100000,20000;20000;20000;20000;20000,100000,not_applicable,not_applicable,0.982,0.982,0.97,0,0.6292,0.44099999999999995,0.44099999999999995,1.217,1.217,cuda:0,1000,500,compute_matched_er500,0.995,0.97,0.982,0.984,0.979,0.995,0.806,0.388,0.957,0.0,0.995,0.806,0.388,0.957,0.0
5,perm_111,none,perm_111,"[4,2,1,3,0]",4-2-1-3-0,experience_replay_compute_matched,500,er500_matched,PASS,0.0,0.0,10,128,160,10;8;8;8;8,800,160;160;160;160;160,800,100000,20000;20000;20000;20000;20000,100000,not_applicable,not_applicable,0.9792,0.984,0.957,0,0.6362,0.42875,0.42875,1.225,1.225,cuda:0,1000,500,compute_matched_er500,0.991,0.957,0.987,0.977,0.984,0.991,0.83,0.413,0.947,0.0,0.991,0.83,0.413,0.947,0.0
6,perm_111,none,perm_111,"[4,2,1,3,0]",4-2-1-3-0,experience_replay_compute_matched,500,er500_matched,PASS,0.0,0.0,10,128,160,10;8;8;8;8,800,160;160;160;160;160,800,100000,20000;20000;20000;20000;20000,100000,not_applicable,not_applicable,0.9783999999999999,0.981,0.953,0,0.6125999999999999,0.45725000000000005,0.45725000000000005,1.308,1.308,cuda:0,1000,500,compute_matched_er500,0.992,0.953,0.988,0.978,0.981,0.992,0.819,0.295,0.957,0.0,0.992,0.819,0.295,0.957,0.0
7,perm_111,none,perm_111,"[4,2,1,3,0]",4-2-1-3-0,experience_replay_compute_matched,500,er500_matched,PASS,0.0,0.0,10,128,160,10;8;8;8;8,800,160;160;160;160;160,800,100000,20000;20000;20000;20000;20000,100000,not_applicable,not_applicable,0.9816,0.986,0.964,0,0.6407999999999999,0.42599999999999993,0.42599999999999993,1.237,1.237,cuda:0,1000,500,compute_matched_er500,0.995,0.964,0.977,0.986,0.986,0.995,0.809,0.446,0.954,0.0,0.995,0.809,0.446,0.954,0.0
8,perm_111,none,perm_111,"[4,2,1,3,0]",4-2-1-3-0,experience_replay_compute_matched,500,er500_matched,PASS,0.0,0.0,10,128,160,10;8;8;8;8,800,160;160;160;160;160,800,100000,20000;20000;20000;20000;20000,100000,not_applicable,not_applicable,0.9782,0.983,0.949,0,0.6254,0.441,0.441,1.218,1.218,cuda:0,1000,500,compute_matched_er500,0.997,0.949,0.983,0.976,0.986,0.997,0.762,0.425,0.943,0.0,0.997,0.762,0.425,0.943,0.0
9,perm_111,none,perm_111,"[4,2,1,3,0]",4-2-1-3-0,experience_replay_compute_matched,500,er500_matched,PASS,0.0,0.0,10,128,160,10;8;8;8;8,800,160;160;160;160;160,800,100000,20000;20000;20000;20000;20000,100000,not_applicable,not_applicable,0.9806000000000001,0.983,0.958,0,0.6768,0.37975000000000003,0.37975000000000003,1.21,1.21,cuda:0,1000,500,compute_matched_er500,0.992,0.958,0.982,0.983,0.988,0.992,0.814,0.619,0.955,0.004,0.992,0.814,0.619,0.955,0.004
10,perm_111,none,perm_111,"[4,2,1,3,0]",4-2-1-3-0,experience_replay_compute_matched,500,er500_matched,PASS,0.0,0.0,10,128,160,10;8;8;8;8,800,160;160;160;160;160,800,100000,20000;20000;20000;20000;20000,100000,not_applicable,not_applicable,0.9796000000000001,0.982,0.96,0,0.6204,0.44899999999999995,0.44899999999999995,1.19,1.19,cuda:0,1000,500,compute_matched_er500,0.993,0.96,0.982,0.979,0.984,0.993,0.759,0.398,0.952,0.0,0.993,0.759,0.398,0.952,0.0
1,perm_112,none,perm_112,"[4,2,3,0,1]",4-2-3-0-1,experience_replay_compute_matched,500,er500_matched,PASS,0.0,0.0,10,128,160,10;8;8;8;8,800,160;160;160;160;160,800,100000,20000;20000;20000;20000;20000,100000,not_applicable,not_applicable,0.9803999999999998,0.982,0.96,0,0.5502,0.53775,0.53775,1.187,1.187,cuda:0,1000,500,compute_matched_er500,0.996,0.96,0.981,0.982,0.983,0.948,0.96,0.02,0.823,0.0,0.948,0.96,0.02,0.823,0.0
2,perm_112,none,perm_112,"[4,2,3,0,1]",4-2-3-0-1,experience_replay_compute_matched,500,er500_matched,PASS,0.0,0.0,10,128,160,10;8;8;8;8,800,160;160;160;160;160,800,100000,20000;20000;20000;20000;20000,100000,not_applicable,not_applicable,0.9789999999999999,0.978,0.964,0,0.5646,0.518,0.518,1.19,1.19,cuda:0,1000,500,compute_matched_er500,0.991,0.964,0.99,0.978,0.972,0.971,0.964,0.183,0.705,0.0,0.971,0.964,0.183,0.705,0.0
3,perm_112,none,perm_112,"[4,2,3,0,1]",4-2-3-0-1,experience_replay_compute_matched,500,er500_matched,PASS,0.0,0.0,10,128,160,10;8;8;8;8,800,160;160;160;160;160,800,100000,20000;20000;20000;20000;20000,100000,not_applicable,not_applicable,0.9826,0.985,0.964,0,0.6277999999999999,0.4435,0.4435,1.256,1.256,cuda:0,1000,500,compute_matched_er500,0.994,0.964,0.987,0.985,0.983,0.962,0.964,0.426,0.787,0.0,0.962,0.964,0.426,0.787,0.0
4,perm_112,none,perm_112,"[4,2,3,0,1]",4-2-3-0-1,experience_replay_compute_matched,500,er500_matched,PASS,0.0,0.0,10,128,160,10;8;8;8;8,800,160;160;160;160;160,800,100000,20000;20000;20000;20000;20000,100000,not_applicable,not_applicable,0.9800000000000001,0.986,0.949,0,0.5484,0.5395,0.5395,1.201,1.201,cuda:0,1000,500,compute_matched_er500,0.995,0.949,0.987,0.986,0.983,0.948,0.949,0.186,0.659,0.0,0.948,0.949,0.186,0.659,0.0
5,perm_112,none,perm_112,"[4,2,3,0,1]",4-2-3-0-1,experience_replay_compute_matched,500,er500_matched,PASS,0.0,0.0,10,128,160,10;8;8;8;8,800,160;160;160;160;160,800,100000,20000;20000;20000;20000;20000,100000,not_applicable,not_applicable,0.9823999999999999,0.983,0.969,0,0.6226,0.44975,0.44975,1.212,1.212,cuda:0,1000,500,compute_matched_er500,0.996,0.969,0.986,0.978,0.983,0.971,0.969,0.5,0.673,0.0,0.971,0.969,0.5,0.673,0.0
6,perm_112,none,perm_112,"[4,2,3,0,1]",4-2-3-0-1,experience_replay_compute_matched,500,er500_matched,PASS,0.0,0.0,10,128,160,10;8;8;8;8,800,160;160;160;160;160,800,100000,20000;20000;20000;20000;20000,100000,not_applicable,not_applicable,0.9826,0.982,0.971,0,0.5835999999999999,0.49874999999999997,0.49874999999999997,1.214,1.214,cuda:0,1000,500,compute_matched_er500,0.997,0.971,0.984,0.982,0.979,0.961,0.971,0.218,0.767,0.001,0.961,0.971,0.218,0.767,0.001
7,perm_112,none,perm_112,"[4,2,3,0,1]",4-2-3-0-1,experience_replay_compute_matched,500,er500_matched,PASS,0.0,0.0,10,128,160,10;8;8;8;8,800,160;160;160;160;160,800,100000,20000;20000;20000;20000;20000,100000,not_applicable,not_applicable,0.9812,0.983,0.963,0,0.6358,0.43174999999999997,0.43174999999999997,1.215,1.215,cuda:0,1000,500,compute_matched_er500,0.995,0.963,0.988,0.977,0.983,0.972,0.963,0.395,0.782,0.067,0.972,0.963,0.395,0.782,0.067
8,perm_112,none,perm_112,"[4,2,3,0,1]",4-2-3-0-1,experience_replay_compute_matched,500,er500_matched,PASS,0.0,0.0,10,128,160,10;8;8;8;8,800,160;160;160;160;160,800,100000,20000;20000;20000;20000;20000,100000,not_applicable,not_applicable,0.9810000000000001,0.986,0.958,0,0.6072,0.46725,0.46725,1.197,1.197,cuda:0,1000,500,compute_matched_er500,0.994,0.958,0.986,0.979,0.988,0.96,0.958,0.402,0.716,0.0,0.96,0.958,0.402,0.716,0.0
9,perm_112,none,perm_112,"[4,2,3,0,1]",4-2-3-0-1,experience_replay_compute_matched,500,er500_matched,PASS,0.0,0.0,10,128,160,10;8;8;8;8,800,160;160;160;160;160,800,100000,20000;20000;20000;20000;20000,100000,not_applicable,not_applicable,0.9832000000000001,0.983,0.97,0,0.6212,0.4525,0.4525,1.203,1.203,cuda:0,1000,500,compute_matched_er500,0.995,0.97,0.983,0.98,0.988,0.978,0.97,0.397,0.761,0.0,0.978,0.97,0.397,0.761,0.0
10,perm_112,none,perm_112,"[4,2,3,0,1]",4-2-3-0-1,experience_replay_compute_matched,500,er500_matched,PASS,0.0,0.0,10,128,160,10;8;8;8;8,800,160;160;160;160;160,800,100000,20000;20000;20000;20000;20000,100000,not_applicable,not_applicable,0.9833999999999999,0.984,0.971,0,0.5912000000000001,0.49024999999999996,0.49024999999999996,1.241,1.241,cuda:0,1000,500,compute_matched_er500,0.993,0.971,0.987,0.982,0.984,0.964,0.971,0.252,0.74,0.029,0.964,0.971,0.252,0.74,0.029
1,perm_113,none,perm_113,"[4,2,3,1,0]",4-2-3-1-0,experience_replay_compute_matched,500,er500_matched,PASS,0.0,0.0,10,128,160,10;8;8;8;8,800,160;160;160;160;160,800,100000,20000;20000;20000;20000;20000,100000,not_applicable,not_applicable,0.9827999999999999,0.985,0.966,0,0.6986,0.35524999999999995,0.35524999999999995,1.254,1.254,cuda:0,1000,500,compute_matched_er500,0.994,0.966,0.986,0.983,0.985,0.994,0.923,0.648,0.856,0.072,0.994,0.923,0.648,0.856,0.072
2,perm_113,none,perm_113,"[4,2,3,1,0]",4-2-3-1-0,experience_replay_compute_matched,500,er500_matched,PASS,0.0,0.0,10,128,160,10;8;8;8;8,800,160;160;160;160;160,800,100000,20000;20000;20000;20000;20000,100000,not_applicable,not_applicable,0.9812,0.982,0.968,0,0.6409999999999999,0.42524999999999996,0.42524999999999996,1.198,1.198,cuda:0,1000,500,compute_matched_er500,0.995,0.968,0.988,0.973,0.982,0.995,0.923,0.465,0.821,0.001,0.995,0.923,0.465,0.821,0.001
3,perm_113,none,perm_113,"[4,2,3,1,0]",4-2-3-1-0,experience_replay_compute_matched,500,er500_matched,PASS,0.0,0.0,10,128,160,10;8;8;8;8,800,160;160;160;160;160,800,100000,20000;20000;20000;20000;20000,100000,not_applicable,not_applicable,0.9792,0.981,0.955,0,0.6578,0.40174999999999994,0.40174999999999994,1.194,1.194,cuda:0,1000,500,compute_matched_er500,0.996,0.955,0.987,0.977,0.981,0.996,0.915,0.548,0.83,0.0,0.996,0.915,0.548,0.83,0.0
4,perm_113,none,perm_113,"[4,2,3,1,0]",4-2-3-1-0,experience_replay_compute_matched,500,er500_matched,PASS,0.0,0.0,10,128,160,10;8;8;8;8,800,160;160;160;160;160,800,100000,20000;20000;20000;20000;20000,100000,not_applicable,not_applicable,0.9808,0.982,0.964,0,0.6335999999999999,0.43399999999999994,0.43399999999999994,1.2,1.2,cuda:0,1000,500,compute_matched_er500,0.993,0.964,0.988,0.977,0.982,0.993,0.927,0.401,0.847,0.0,0.993,0.927,0.401,0.847,0.0
5,perm_113,none,perm_113,"[4,2,3,1,0]",4-2-3-1-0,experience_replay_compute_matched,500,er500_matched,PASS,0.0,0.0,10,128,160,10;8;8;8;8,800,160;160;160;160;160,800,100000,20000;20000;20000;20000;20000,100000,not_applicable,not_applicable,0.9831999999999999,0.985,0.965,0,0.6354,0.43474999999999997,0.43474999999999997,1.197,1.197,cuda:0,1000,500,compute_matched_er500,0.995,0.965,0.989,0.982,0.985,0.995,0.906,0.435,0.84,0.001,0.995,0.906,0.435,0.84,0.001
6,perm_113,none,perm_113,"[4,2,3,1,0]",4-2-3-1-0,experience_replay_compute_matched,500,er500_matched,PASS,0.0,0.0,10,128,160,10;8;8;8;8,800,160;160;160;160;160,800,100000,20000;20000;20000;20000;20000,100000,not_applicable,not_applicable,0.9799999999999999,0.986,0.964,0,0.6607999999999999,0.39899999999999997,0.39899999999999997,1.218,1.218,cuda:0,1000,500,compute_matched_er500,0.995,0.967,0.988,0.964,0.986,0.995,0.93,0.471,0.871,0.037,0.995,0.93,0.471,0.871,0.037
7,perm_113,none,perm_113,"[4,2,3,1,0]",4-2-3-1-0,experience_replay_compute_matched,500,er500_matched,PASS,0.0,0.0,10,128,160,10;8;8;8;8,800,160;160;160;160;160,800,100000,20000;20000;20000;20000;20000,100000,not_applicable,not_applicable,0.9815999999999999,0.983,0.965,0,0.693,0.36075,0.36075,1.224,1.224,cuda:0,1000,500,compute_matched_er500,0.994,0.965,0.986,0.98,0.983,0.994,0.943,0.574,0.866,0.088,0.994,0.943,0.574,0.866,0.088
8,perm_113,none,perm_113,"[4,2,3,1,0]",4-2-3-1-0,experience_replay_compute_matched,500,er500_matched,PASS,0.0,0.0,10,128,160,10;8;8;8;8,800,160;160;160;160;160,800,100000,20000;20000;20000;20000;20000,100000,not_applicable,not_applicable,0.9810000000000001,0.985,0.956,0,0.6295999999999999,0.43925,0.43925,1.2,1.2,cuda:0,1000,500,compute_matched_er500,0.993,0.956,0.987,0.984,0.985,0.993,0.924,0.385,0.841,0.005,0.993,0.924,0.385,0.841,0.005
9,perm_113,none,perm_113,"[4,2,3,1,0]",4-2-3-1-0,experience_replay_compute_matched,500,er500_matched,PASS,0.0,0.0,10,128,160,10;8;8;8;8,800,160;160;160;160;160,800,100000,20000;20000;20000;20000;20000,100000,not_applicable,not_applicable,0.9818,0.984,0.965,0,0.6487999999999999,0.41625,0.41625,1.205,1.205,cuda:0,1000,500,compute_matched_er500,0.994,0.965,0.984,0.979,0.987,0.994,0.933,0.456,0.861,0.0,0.994,0.933,0.456,0.861,0.0
10,perm_113,none,perm_113,"[4,2,3,1,0]",4-2-3-1-0,experience_replay_compute_matched,500,er500_matched,PASS,0.0,0.0,10,128,160,10;8;8;8;8,800,160;160;160;160;160,800,100000,20000;20000;20000;20000;20000,100000,not_applicable,not_applicable,0.9808,0.982,0.965,0,0.6239999999999999,0.44599999999999995,0.44599999999999995,1.213,1.213,cuda:0,1000,500,compute_matched_er500,0.995,0.965,0.988,0.974,0.982,0.995,0.928,0.29,0.877,0.03,0.995,0.928,0.29,0.877,0.03
1,perm_114,none,perm_114,"[4,3,0,1,2]",4-3-0-1-2,experience_replay_compute_matched,500,er500_matched,PASS,0.0,0.0,10,128,160,10;8;8;8;8,800,160;160;160;160;160,800,100000,20000;20000;20000;20000;20000,100000,not_applicable,not_applicable,0.9804,0.975,0.972,0,0.6132,0.45899999999999996,0.45899999999999996,1.271,1.271,cuda:0,1000,500,compute_matched_er500,0.995,0.972,0.972,0.975,0.988,0.868,0.902,0.972,0.324,0.0,0.868,0.902,0.972,0.324,0.0
2,perm_114,none,perm_114,"[4,3,0,1,2]",4-3-0-1-2,experience_replay_compute_matched,500,er500_matched,PASS,0.0,0.0,10,128,160,10;8;8;8;8,800,160;160;160;160;160,800,100000,20000;20000;20000;20000;20000,100000,not_applicable,not_applicable,0.9815999999999999,0.982,0.969,0,0.6384000000000001,0.429,0.429,1.313,1.313,cuda:0,1000,500,compute_matched_er500,0.996,0.969,0.982,0.973,0.988,0.876,0.869,0.982,0.465,0.0,0.876,0.869,0.982,0.465,0.0
3,perm_114,none,perm_114,"[4,3,0,1,2]",4-3-0-1-2,experience_replay_compute_matched,500,er500_matched,PASS,0.0,0.0,10,128,160,10;8;8;8;8,800,160;160;160;160;160,800,100000,20000;20000;20000;20000;20000,100000,not_applicable,not_applicable,0.9814,0.981,0.97,0,0.6043999999999999,0.47124999999999995,0.47124999999999995,1.266,1.266,cuda:0,1000,500,compute_matched_er500,0.992,0.975,0.981,0.97,0.989,0.89,0.881,0.981,0.27,0.0,0.89,0.881,0.981,0.27,0.0
4,perm_114,none,perm_114,"[4,3,0,1,2]",4-3-0-1-2,experience_replay_compute_matched,500,er500_matched,PASS,0.0,0.0,10,128,160,10;8;8;8;8,800,160;160;160;160;160,800,100000,20000;20000;20000;20000;20000,100000,not_applicable,not_applicable,0.9812,0.983,0.971,0,0.6576,0.40449999999999997,0.40449999999999997,1.212,1.212,cuda:0,1000,500,compute_matched_er500,0.993,0.971,0.986,0.973,0.983,0.875,0.88,0.986,0.547,0.0,0.875,0.88,0.986,0.547,0.0
5,perm_114,none,perm_114,"[4,3,0,1,2]",4-3-0-1-2,experience_replay_compute_matched,500,er500_matched,PASS,0.0,0.0,10,128,160,10;8;8;8;8,800,160;160;160;160;160,800,100000,20000;20000;20000;20000;20000,100000,not_applicable,not_applicable,0.9814,0.983,0.971,0,0.6026,0.47350000000000003,0.47350000000000003,1.215,1.215,cuda:0,1000,500,compute_matched_er500,0.992,0.971,0.985,0.976,0.983,0.856,0.879,0.985,0.293,0.0,0.856,0.879,0.985,0.293,0.0
6,perm_114,none,perm_114,"[4,3,0,1,2]",4-3-0-1-2,experience_replay_compute_matched,500,er500_matched,PASS,0.0,0.0,10,128,160,10;8;8;8;8,800,160;160;160;160;160,800,100000,20000;20000;20000;20000;20000,100000,not_applicable,not_applicable,0.9753999999999999,0.985,0.953,0,0.627,0.4355,0.4355,1.193,1.193,cuda:0,1000,500,compute_matched_er500,0.993,0.953,0.986,0.96,0.985,0.833,0.854,0.986,0.462,0.0,0.833,0.854,0.986,0.462,0.0
7,perm_114,none,perm_114,"[4,3,0,1,2]",4-3-0-1-2,experience_replay_compute_matched,500,er500_matched,PASS,0.0,0.0,10,128,160,10;8;8;8;8,800,160;160;160;160;160,800,100000,20000;20000;20000;20000;20000,100000,not_applicable,not_applicable,0.9794,0.982,0.966,0,0.6087999999999999,0.46325,0.46325,1.172,1.172,cuda:0,1000,500,compute_matched_er500,0.992,0.966,0.987,0.97,0.982,0.833,0.879,0.987,0.345,0.0,0.833,0.879,0.987,0.345,0.0
8,perm_114,none,perm_114,"[4,3,0,1,2]",4-3-0-1-2,experience_replay_compute_matched,500,er500_matched,PASS,0.0,0.0,10,128,160,10;8;8;8;8,800,160;160;160;160;160,800,100000,20000;20000;20000;20000;20000,100000,not_applicable,not_applicable,0.9784,0.982,0.963,0,0.6384000000000001,0.42499999999999993,0.42499999999999993,1.169,1.169,cuda:0,1000,500,compute_matched_er500,0.993,0.966,0.982,0.963,0.988,0.805,0.878,0.982,0.527,0.0,0.805,0.878,0.982,0.527,0.0
9,perm_114,none,perm_114,"[4,3,0,1,2]",4-3-0-1-2,experience_replay_compute_matched,500,er500_matched,PASS,0.0,0.0,10,128,160,10;8;8;8;8,800,160;160;160;160;160,800,100000,20000;20000;20000;20000;20000,100000,not_applicable,not_applicable,0.9785999999999999,0.982,0.967,0,0.6772,0.37675,0.37675,1.193,1.193,cuda:0,1000,500,compute_matched_er500,0.992,0.967,0.983,0.969,0.982,0.878,0.882,0.983,0.643,0.0,0.878,0.882,0.983,0.643,0.0
10,perm_114,none,perm_114,"[4,3,0,1,2]",4-3-0-1-2,experience_replay_compute_matched,500,er500_matched,PASS,0.0,0.0,10,128,160,10;8;8;8;8,800,160;160;160;160;160,800,100000,20000;20000;20000;20000;20000,100000,not_applicable,not_applicable,0.9802,0.982,0.966,0,0.6094,0.46349999999999997,0.46349999999999997,1.17,1.17,cuda:0,1000,500,compute_matched_er500,0.993,0.974,0.986,0.966,0.982,0.897,0.887,0.986,0.277,0.0,0.897,0.887,0.986,0.277,0.0
1,perm_115,none,perm_115,"[4,3,0,2,1]",4-3-0-2-1,experience_replay_compute_matched,500,er500_matched,PASS,0.0,0.0,10,128,160,10;8;8;8;8,800,160;160;160;160;160,800,100000,20000;20000;20000;20000;20000,100000,not_applicable,not_applicable,0.9799999999999999,0.983,0.967,0,0.6439999999999999,0.42,0.42,1.163,1.163,cuda:0,1000,500,compute_matched_er500,0.994,0.971,0.983,0.967,0.985,0.842,0.971,0.886,0.521,0.0,0.842,0.971,0.886,0.521,0.0
2,perm_115,none,perm_115,"[4,3,0,2,1]",4-3-0-2-1,experience_replay_compute_matched,500,er500_matched,PASS,0.0,0.0,10,128,160,10;8;8;8;8,800,160;160;160;160;160,800,100000,20000;20000;20000;20000;20000,100000,not_applicable,not_applicable,0.9795999999999999,0.983,0.966,0,0.5796,0.5,0.5,1.182,1.182,cuda:0,1000,500,compute_matched_er500,0.994,0.966,0.984,0.971,0.983,0.821,0.966,0.878,0.233,0.0,0.821,0.966,0.878,0.233,0.0
3,perm_115,none,perm_115,"[4,3,0,2,1]",4-3-0-2-1,experience_replay_compute_matched,500,er500_matched,PASS,0.0,0.0,10,128,160,10;8;8;8;8,800,160;160;160;160;160,800,100000,20000;20000;20000;20000;20000,100000,not_applicable,not_applicable,0.9794,0.984,0.963,0,0.6706000000000001,0.38599999999999995,0.38599999999999995,1.206,1.206,cuda:0,1000,500,compute_matched_er500,0.993,0.963,0.99,0.967,0.984,0.899,0.963,0.936,0.555,0.0,0.899,0.963,0.936,0.555,0.0
4,perm_115,none,perm_115,"[4,3,0,2,1]",4-3-0-2-1,experience_replay_compute_matched,500,er500_matched,PASS,0.0,0.0,10,128,160,10;8;8;8;8,800,160;160;160;160;160,800,100000,20000;20000;20000;20000;20000,100000,not_applicable,not_applicable,0.9777999999999999,0.983,0.959,0,0.6092000000000001,0.46075,0.46075,1.168,1.168,cuda:0,1000,500,compute_matched_er500,0.991,0.959,0.985,0.971,0.983,0.875,0.959,0.918,0.294,0.0,0.875,0.959,0.918,0.294,0.0
5,perm_115,none,perm_115,"[4,3,0,2,1]",4-3-0-2-1,experience_replay_compute_matched,500,er500_matched,PASS,0.0,0.0,10,128,160,10;8;8;8;8,800,160;160;160;160;160,800,100000,20000;20000;20000;20000;20000,100000,not_applicable,not_applicable,0.9794,0.98,0.964,0,0.6814,0.37249999999999994,0.37249999999999994,1.164,1.164,cuda:0,1000,500,compute_matched_er500,0.994,0.964,0.988,0.971,0.98,0.909,0.964,0.921,0.613,0.0,0.909,0.964,0.921,0.613,0.0
6,perm_115,none,perm_115,"[4,3,0,2,1]",4-3-0-2-1,experience_replay_compute_matched,500,er500_matched,PASS,0.0,0.0,10,128,160,10;8;8;8;8,800,160;160;160;160;160,800,100000,20000;20000;20000;20000;20000,100000,not_applicable,not_applicable,0.9792,0.984,0.966,0,0.6115999999999999,0.4595,0.4595,1.199,1.199,cuda:0,1000,500,compute_matched_er500,0.993,0.966,0.984,0.968,0.985,0.85,0.966,0.88,0.362,0.0,0.85,0.966,0.88,0.362,0.0
7,perm_115,none,perm_115,"[4,3,0,2,1]",4-3-0-2-1,experience_replay_compute_matched,500,er500_matched,PASS,0.0,0.0,10,128,160,10;8;8;8;8,800,160;160;160;160;160,800,100000,20000;20000;20000;20000;20000,100000,not_applicable,not_applicable,0.9804,0.984,0.965,0,0.5418000000000001,0.54825,0.54825,1.195,1.195,cuda:0,1000,500,compute_matched_er500,0.993,0.965,0.984,0.972,0.988,0.84,0.965,0.887,0.017,0.0,0.84,0.965,0.887,0.017,0.0
8,perm_115,none,perm_115,"[4,3,0,2,1]",4-3-0-2-1,experience_replay_compute_matched,500,er500_matched,PASS,0.0,0.0,10,128,160,10;8;8;8;8,800,160;160;160;160;160,800,100000,20000;20000;20000;20000;20000,100000,not_applicable,not_applicable,0.9776,0.983,0.964,0,0.5751999999999999,0.503,0.503,1.195,1.195,cuda:0,1000,500,compute_matched_er500,0.988,0.964,0.987,0.966,0.983,0.776,0.964,0.901,0.235,0.0,0.776,0.964,0.901,0.235,0.0
9,perm_115,none,perm_115,"[4,3,0,2,1]",4-3-0-2-1,experience_replay_compute_matched,500,er500_matched,PASS,0.0,0.0,10,128,160,10;8;8;8;8,800,160;160;160;160;160,800,100000,20000;20000;20000;20000;20000,100000,not_applicable,not_applicable,0.9762000000000001,0.985,0.954,0,0.6420000000000001,0.41774999999999995,0.41774999999999995,1.199,1.199,cuda:0,1000,500,compute_matched_er500,0.99,0.954,0.99,0.962,0.985,0.908,0.954,0.913,0.435,0.0,0.908,0.954,0.913,0.435,0.0
10,perm_115,none,perm_115,"[4,3,0,2,1]",4-3-0-2-1,experience_replay_compute_matched,500,er500_matched,PASS,0.0,0.0,10,128,160,10;8;8;8;8,800,160;160;160;160;160,800,100000,20000;20000;20000;20000;20000,100000,not_applicable,not_applicable,0.9785999999999999,0.984,0.959,0,0.6205999999999999,0.4475,0.4475,1.215,1.215,cuda:0,1000,500,compute_matched_er500,0.994,0.959,0.985,0.971,0.984,0.901,0.959,0.915,0.328,0.0,0.901,0.959,0.915,0.328,0.0
1,perm_116,none,perm_116,"[4,3,1,0,2]",4-3-1-0-2,experience_replay_compute_matched,500,er500_matched,PASS,0.0,0.0,10,128,160,10;8;8;8;8,800,160;160;160;160;160,800,100000,20000;20000;20000;20000;20000,100000,not_applicable,not_applicable,0.9802,0.982,0.96,0,0.609,0.46399999999999997,0.46399999999999997,1.224,1.224,cuda:0,1000,500,compute_matched_er500,0.996,0.96,0.99,0.973,0.982,0.959,0.709,0.99,0.387,0.0,0.959,0.709,0.99,0.387,0.0
2,perm_116,none,perm_116,"[4,3,1,0,2]",4-3-1-0-2,experience_replay_compute_matched,500,er500_matched,PASS,0.0,0.0,10,128,160,10;8;8;8;8,800,160;160;160;160;160,800,100000,20000;20000;20000;20000;20000,100000,not_applicable,not_applicable,0.9809999999999999,0.986,0.968,0,0.6112,0.46224999999999994,0.46224999999999994,1.224,1.224,cuda:0,1000,500,compute_matched_er500,0.994,0.969,0.988,0.968,0.986,0.974,0.643,0.988,0.451,0.0,0.974,0.643,0.988,0.451,0.0
3,perm_116,none,perm_116,"[4,3,1,0,2]",4-3-1-0-2,experience_replay_compute_matched,500,er500_matched,PASS,0.0,0.0,10,128,160,10;8;8;8;8,800,160;160;160;160;160,800,100000,20000;20000;20000;20000;20000,100000,not_applicable,not_applicable,0.9809999999999999,0.983,0.964,0,0.5996,0.47675,0.47675,1.238,1.238,cuda:0,1000,500,compute_matched_er500,0.993,0.964,0.988,0.977,0.983,0.963,0.646,0.988,0.401,0.0,0.963,0.646,0.988,0.401,0.0
4,perm_116,none,perm_116,"[4,3,1,0,2]",4-3-1-0-2,experience_replay_compute_matched,500,er500_matched,PASS,0.0,0.0,10,128,160,10;8;8;8;8,800,160;160;160;160;160,800,100000,20000;20000;20000;20000;20000,100000,not_applicable,not_applicable,0.9808,0.979,0.964,0,0.6496,0.414,0.414,1.207,1.207,cuda:0,1000,500,compute_matched_er500,0.997,0.964,0.992,0.972,0.979,0.974,0.648,0.992,0.634,0.0,0.974,0.648,0.992,0.634,0.0
5,perm_116,none,perm_116,"[4,3,1,0,2]",4-3-1-0-2,experience_replay_compute_matched,500,er500_matched,PASS,0.0,0.0,10,128,160,10;8;8;8;8,800,160;160;160;160;160,800,100000,20000;20000;20000;20000;20000,100000,not_applicable,not_applicable,0.9800000000000001,0.988,0.961,0,0.6369999999999999,0.42874999999999996,0.42874999999999996,1.218,1.218,cuda:0,1000,500,compute_matched_er500,0.996,0.961,0.988,0.967,0.988,0.96,0.699,0.988,0.538,0.0,0.96,0.699,0.988,0.538,0.0
6,perm_116,none,perm_116,"[4,3,1,0,2]",4-3-1-0-2,experience_replay_compute_matched,500,er500_matched,PASS,0.0,0.0,10,128,160,10;8;8;8;8,800,160;160;160;160;160,800,100000,20000;20000;20000;20000;20000,100000,not_applicable,not_applicable,0.9812,0.983,0.965,0,0.6306,0.43825000000000003,0.43825000000000003,1.217,1.217,cuda:0,1000,500,compute_matched_er500,0.996,0.965,0.991,0.971,0.983,0.966,0.771,0.991,0.425,0.0,0.966,0.771,0.991,0.425,0.0
7,perm_116,none,perm_116,"[4,3,1,0,2]",4-3-1-0-2,experience_replay_compute_matched,500,er500_matched,PASS,0.0,0.0,10,128,160,10;8;8;8;8,800,160;160;160;160;160,800,100000,20000;20000;20000;20000;20000,100000,not_applicable,not_applicable,0.9782,0.981,0.963,0,0.6732,0.38125,0.38125,1.208,1.208,cuda:0,1000,500,compute_matched_er500,0.995,0.963,0.984,0.968,0.981,0.977,0.765,0.984,0.64,0.0,0.977,0.765,0.984,0.64,0.0
8,perm_116,none,perm_116,"[4,3,1,0,2]",4-3-1-0-2,experience_replay_compute_matched,500,er500_matched,PASS,0.0,0.0,10,128,160,10;8;8;8;8,800,160;160;160;160;160,800,100000,20000;20000;20000;20000;20000,100000,not_applicable,not_applicable,0.9788,0.982,0.961,0,0.6597999999999999,0.39875,0.39875,1.223,1.223,cuda:0,1000,500,compute_matched_er500,0.993,0.961,0.988,0.97,0.982,0.957,0.702,0.988,0.652,0.0,0.957,0.702,0.988,0.652,0.0
9,perm_116,none,perm_116,"[4,3,1,0,2]",4-3-1-0-2,experience_replay_compute_matched,500,er500_matched,PASS,0.0,0.0,10,128,160,10;8;8;8;8,800,160;160;160;160;160,800,100000,20000;20000;20000;20000;20000,100000,not_applicable,not_applicable,0.9805999999999999,0.984,0.966,0,0.6043999999999999,0.47024999999999995,0.47024999999999995,1.273,1.273,cuda:0,1000,500,compute_matched_er500,0.997,0.967,0.989,0.966,0.984,0.958,0.735,0.989,0.34,0.0,0.958,0.735,0.989,0.34,0.0
10,perm_116,none,perm_116,"[4,3,1,0,2]",4-3-1-0-2,experience_replay_compute_matched,500,er500_matched,PASS,0.0,0.0,10,128,160,10;8;8;8;8,800,160;160;160;160;160,800,100000,20000;20000;20000;20000;20000,100000,not_applicable,not_applicable,0.9826,0.986,0.968,0,0.6122,0.46299999999999997,0.46299999999999997,1.223,1.223,cuda:0,1000,500,compute_matched_er500,0.998,0.968,0.988,0.973,0.986,0.968,0.704,0.988,0.401,0.0,0.968,0.704,0.988,0.401,0.0
1,perm_117,none,perm_117,"[4,3,1,2,0]",4-3-1-2-0,experience_replay_compute_matched,500,er500_matched,PASS,0.0,0.0,10,128,160,10;8;8;8;8,800,160;160;160;160;160,800,100000,20000;20000;20000;20000;20000,100000,not_applicable,not_applicable,0.9812,0.985,0.967,0,0.6960000000000001,0.35649999999999993,0.35649999999999993,1.229,1.229,cuda:0,1000,500,compute_matched_er500,0.995,0.967,0.985,0.974,0.985,0.995,0.789,0.936,0.76,0.0,0.995,0.789,0.936,0.76,0.0
2,perm_117,none,perm_117,"[4,3,1,2,0]",4-3-1-2-0,experience_replay_compute_matched,500,er500_matched,PASS,0.0,0.0,10,128,160,10;8;8;8;8,800,160;160;160;160;160,800,100000,20000;20000;20000;20000;20000,100000,not_applicable,not_applicable,0.9795999999999999,0.984,0.967,0,0.665,0.39325,0.39325,1.244,1.244,cuda:0,1000,500,compute_matched_er500,0.995,0.967,0.984,0.967,0.985,0.995,0.77,0.935,0.625,0.0,0.995,0.77,0.935,0.625,0.0
3,perm_117,none,perm_117,"[4,3,1,2,0]",4-3-1-2-0,experience_replay_compute_matched,500,er500_matched,PASS,0.0,0.0,10,128,160,10;8;8;8;8,800,160;160;160;160;160,800,100000,20000;20000;20000;20000;20000,100000,not_applicable,not_applicable,0.9766,0.976,0.955,0,0.6832,0.36675,0.36675,1.235,1.235,cuda:0,1000,500,compute_matched_er500,0.993,0.955,0.976,0.974,0.985,0.993,0.778,0.943,0.702,0.0,0.993,0.778,0.943,0.702,0.0
4,perm_117,none,perm_117,"[4,3,1,2,0]",4-3-1-2-0,experience_replay_compute_matched,500,er500_matched,PASS,0.0,0.0,10,128,160,10;8;8;8;8,800,160;160;160;160;160,800,100000,20000;20000;20000;20000;20000,100000,not_applicable,not_applicable,0.9782,0.979,0.96,0,0.6012000000000001,0.47124999999999995,0.47124999999999995,1.251,1.251,cuda:0,1000,500,compute_matched_er500,0.995,0.96,0.979,0.971,0.986,0.995,0.671,0.954,0.386,0.0,0.995,0.671,0.954,0.386,0.0
5,perm_117,none,perm_117,"[4,3,1,2,0]",4-3-1-2-0,experience_replay_compute_matched,500,er500_matched,PASS,0.0,0.0,10,128,160,10;8;8;8;8,800,160;160;160;160;160,800,100000,20000;20000;20000;20000;20000,100000,not_applicable,not_applicable,0.9788,0.979,0.965,0,0.6577999999999999,0.40125,0.40125,1.221,1.221,cuda:0,1000,500,compute_matched_er500,0.996,0.965,0.979,0.971,0.983,0.996,0.696,0.943,0.654,0.0,0.996,0.696,0.943,0.654,0.0
6,perm_117,none,perm_117,"[4,3,1,2,0]",4-3-1-2-0,experience_replay_compute_matched,500,er500_matched,PASS,0.0,0.0,10,128,160,10;8;8;8;8,800,160;160;160;160;160,800,100000,20000;20000;20000;20000;20000,100000,not_applicable,not_applicable,0.9788,0.98,0.965,0,0.6437999999999999,0.41874999999999996,0.41874999999999996,1.176,1.176,cuda:0,1000,500,compute_matched_er500,0.995,0.965,0.98,0.969,0.985,0.995,0.813,0.943,0.468,0.0,0.995,0.813,0.943,0.468,0.0
7,perm_117,none,perm_117,"[4,3,1,2,0]",4-3-1-2-0,experience_replay_compute_matched,500,er500_matched,PASS,0.0,0.0,10,128,160,10;8;8;8;8,800,160;160;160;160;160,800,100000,20000;20000;20000;20000;20000,100000,not_applicable,not_applicable,0.977,0.977,0.96,0,0.6981999999999999,0.3485,0.3485,1.157,1.157,cuda:0,1000,500,compute_matched_er500,0.998,0.96,0.977,0.967,0.983,0.998,0.752,0.953,0.788,0.0,0.998,0.752,0.953,0.788,0.0
8,perm_117,none,perm_117,"[4,3,1,2,0]",4-3-1-2-0,experience_replay_compute_matched,500,er500_matched,PASS,0.0,0.0,10,128,160,10;8;8;8;8,800,160;160;160;160;160,800,100000,20000;20000;20000;20000;20000,100000,not_applicable,not_applicable,0.9784,0.983,0.962,0,0.673,0.3817499999999999,0.3817499999999999,1.169,1.169,cuda:0,1000,500,compute_matched_er500,0.994,0.962,0.985,0.968,0.983,0.994,0.766,0.927,0.677,0.001,0.994,0.766,0.927,0.677,0.001
9,perm_117,none,perm_117,"[4,3,1,2,0]",4-3-1-2-0,experience_replay_compute_matched,500,er500_matched,PASS,0.0,0.0,10,128,160,10;8;8;8;8,800,160;160;160;160;160,800,100000,20000;20000;20000;20000;20000,100000,not_applicable,not_applicable,0.9789999999999999,0.985,0.961,0,0.6514,0.4095,0.4095,1.162,1.162,cuda:0,1000,500,compute_matched_er500,0.995,0.961,0.986,0.968,0.985,0.995,0.702,0.932,0.628,0.0,0.995,0.702,0.932,0.628,0.0
10,perm_117,none,perm_117,"[4,3,1,2,0]",4-3-1-2-0,experience_replay_compute_matched,500,er500_matched,PASS,0.0,0.0,10,128,160,10;8;8;8;8,800,160;160;160;160;160,800,100000,20000;20000;20000;20000;20000,100000,not_applicable,not_applicable,0.9792,0.98,0.967,0,0.6668000000000001,0.39049999999999996,0.39049999999999996,1.165,1.165,cuda:0,1000,500,compute_matched_er500,0.996,0.967,0.98,0.971,0.982,0.996,0.795,0.943,0.6,0.0,0.996,0.795,0.943,0.6,0.0
1,perm_118,none,perm_118,"[4,3,2,0,1]",4-3-2-0-1,experience_replay_compute_matched,500,er500_matched,PASS,0.0,0.0,10,128,160,10;8;8;8;8,800,160;160;160;160;160,800,100000,20000;20000;20000;20000;20000,100000,not_applicable,not_applicable,0.9842000000000001,0.985,0.975,0,0.5756,0.51075,0.51075,1.164,1.164,cuda:0,1000,500,compute_matched_er500,0.995,0.979,0.987,0.975,0.985,0.976,0.979,0.71,0.213,0.0,0.976,0.979,0.71,0.213,0.0
2,perm_118,none,perm_118,"[4,3,2,0,1]",4-3-2-0-1,experience_replay_compute_matched,500,er500_matched,PASS,0.0,0.0,10,128,160,10;8;8;8;8,800,160;160;160;160;160,800,100000,20000;20000;20000;20000;20000,100000,not_applicable,not_applicable,0.9777999999999999,0.972,0.967,0,0.6260000000000001,0.43975,0.43975,1.166,1.166,cuda:0,1000,500,compute_matched_er500,0.994,0.967,0.972,0.971,0.985,0.981,0.967,0.768,0.414,0.0,0.981,0.967,0.768,0.414,0.0
3,perm_118,none,perm_118,"[4,3,2,0,1]",4-3-2-0-1,experience_replay_compute_matched,500,er500_matched,PASS,0.0,0.0,10,128,160,10;8;8;8;8,800,160;160;160;160;160,800,100000,20000;20000;20000;20000;20000,100000,not_applicable,not_applicable,0.9804,0.981,0.97,0,0.5752,0.5065,0.5065,1.19,1.19,cuda:0,1000,500,compute_matched_er500,0.997,0.97,0.981,0.973,0.981,0.973,0.97,0.704,0.229,0.0,0.973,0.97,0.704,0.229,0.0
4,perm_118,none,perm_118,"[4,3,2,0,1]",4-3-2-0-1,experience_replay_compute_matched,500,er500_matched,PASS,0.0,0.0,10,128,160,10;8;8;8;8,800,160;160;160;160;160,800,100000,20000;20000;20000;20000;20000,100000,not_applicable,not_applicable,0.9798,0.984,0.967,0,0.5598,0.525,0.525,1.215,1.215,cuda:0,1000,500,compute_matched_er500,0.992,0.971,0.984,0.967,0.985,0.974,0.971,0.738,0.116,0.0,0.974,0.971,0.738,0.116,0.0
5,perm_118,none,perm_118,"[4,3,2,0,1]",4-3-2-0-1,experience_replay_compute_matched,500,er500_matched,PASS,0.0,0.0,10,128,160,10;8;8;8;8,800,160;160;160;160;160,800,100000,20000;20000;20000;20000;20000,100000,not_applicable,not_applicable,0.9812,0.983,0.973,0,0.5394,0.55225,0.55225,1.21,1.21,cuda:0,1000,500,compute_matched_er500,0.993,0.973,0.983,0.974,0.983,0.969,0.973,0.611,0.144,0.0,0.969,0.973,0.611,0.144,0.0
6,perm_118,none,perm_118,"[4,3,2,0,1]",4-3-2-0-1,experience_replay_compute_matched,500,er500_matched,PASS,0.0,0.0,10,128,160,10;8;8;8;8,800,160;160;160;160;160,800,100000,20000;20000;20000;20000;20000,100000,not_applicable,not_applicable,0.9808,0.98,0.972,0,0.5582,0.52825,0.52825,1.244,1.244,cuda:0,1000,500,compute_matched_er500,0.996,0.972,0.98,0.973,0.983,0.98,0.972,0.793,0.046,0.0,0.98,0.972,0.793,0.046,0.0
7,perm_118,none,perm_118,"[4,3,2,0,1]",4-3-2-0-1,experience_replay_compute_matched,500,er500_matched,PASS,0.0,0.0,10,128,160,10;8;8;8;8,800,160;160;160;160;160,800,100000,20000;20000;20000;20000;20000,100000,not_applicable,not_applicable,0.9814,0.986,0.966,0,0.531,0.563,0.563,1.254,1.254,cuda:0,1000,500,compute_matched_er500,0.993,0.966,0.987,0.975,0.986,0.974,0.966,0.466,0.249,0.0,0.974,0.966,0.466,0.249,0.0
8,perm_118,none,perm_118,"[4,3,2,0,1]",4-3-2-0-1,experience_replay_compute_matched,500,er500_matched,PASS,0.0,0.0,10,128,160,10;8;8;8;8,800,160;160;160;160;160,800,100000,20000;20000;20000;20000;20000,100000,not_applicable,not_applicable,0.9812,0.986,0.966,0,0.5762,0.5062500000000001,0.5062500000000001,1.298,1.298,cuda:0,1000,500,compute_matched_er500,0.996,0.966,0.986,0.972,0.986,0.96,0.966,0.566,0.389,0.0,0.96,0.966,0.566,0.389,0.0
9,perm_118,none,perm_118,"[4,3,2,0,1]",4-3-2-0-1,experience_replay_compute_matched,500,er500_matched,PASS,0.0,0.0,10,128,160,10;8;8;8;8,800,160;160;160;160;160,800,100000,20000;20000;20000;20000;20000,100000,not_applicable,not_applicable,0.982,0.98,0.973,0,0.6275999999999999,0.44299999999999995,0.44299999999999995,1.251,1.251,cuda:0,1000,500,compute_matched_er500,0.996,0.973,0.988,0.973,0.98,0.971,0.973,0.702,0.46,0.032,0.971,0.973,0.702,0.46,0.032
10,perm_118,none,perm_118,"[4,3,2,0,1]",4-3-2-0-1,experience_replay_compute_matched,500,er500_matched,PASS,0.0,0.0,10,128,160,10;8;8;8;8,800,160;160;160;160;160,800,100000,20000;20000;20000;20000;20000,100000,not_applicable,not_applicable,0.9804,0.983,0.962,0,0.6544,0.4075,0.4075,1.228,1.228,cuda:0,1000,500,compute_matched_er500,0.994,0.962,0.983,0.978,0.985,0.98,0.962,0.8,0.525,0.005,0.98,0.962,0.8,0.525,0.005
1,perm_119,none,perm_119,"[4,3,2,1,0]",4-3-2-1-0,experience_replay_compute_matched,500,er500_matched,PASS,0.0,0.0,10,128,160,10;8;8;8;8,800,160;160;160;160;160,800,100000,20000;20000;20000;20000;20000,100000,not_applicable,not_applicable,0.978,0.98,0.958,0,0.6884,0.362,0.362,1.226,1.226,cuda:0,1000,500,compute_matched_er500,0.995,0.958,0.98,0.97,0.987,0.995,0.927,0.848,0.672,0.0,0.995,0.927,0.848,0.672,0.0
2,perm_119,none,perm_119,"[4,3,2,1,0]",4-3-2-1-0,experience_replay_compute_matched,500,er500_matched,PASS,0.0,0.0,10,128,160,10;8;8;8;8,800,160;160;160;160;160,800,100000,20000;20000;20000;20000;20000,100000,not_applicable,not_applicable,0.9782,0.98,0.957,0,0.6246,0.44199999999999995,0.44199999999999995,1.221,1.221,cuda:0,1000,500,compute_matched_er500,0.994,0.957,0.98,0.977,0.983,0.994,0.928,0.793,0.408,0.0,0.994,0.928,0.793,0.408,0.0
3,perm_119,none,perm_119,"[4,3,2,1,0]",4-3-2-1-0,experience_replay_compute_matched,500,er500_matched,PASS,0.0,0.0,10,128,160,10;8;8;8;8,800,160;160;160;160;160,800,100000,20000;20000;20000;20000;20000,100000,not_applicable,not_applicable,0.9760000000000002,0.979,0.954,0,0.6974,0.34824999999999995,0.34824999999999995,1.221,1.221,cuda:0,1000,500,compute_matched_er500,0.996,0.954,0.979,0.967,0.984,0.996,0.923,0.842,0.726,0.0,0.996,0.923,0.842,0.726,0.0
4,perm_119,none,perm_119,"[4,3,2,1,0]",4-3-2-1-0,experience_replay_compute_matched,500,er500_matched,PASS,0.0,0.0,10,128,160,10;8;8;8;8,800,160;160;160;160;160,800,100000,20000;20000;20000;20000;20000,100000,not_applicable,not_applicable,0.9788,0.983,0.96,0,0.6968,0.3525,0.3525,1.218,1.218,cuda:0,1000,500,compute_matched_er500,0.996,0.96,0.986,0.969,0.983,0.996,0.918,0.827,0.742,0.001,0.996,0.918,0.827,0.742,0.001
5,perm_119,none,perm_119,"[4,3,2,1,0]",4-3-2-1-0,experience_replay_compute_matched,500,er500_matched,PASS,0.0,0.0,10,128,160,10;8;8;8;8,800,160;160;160;160;160,800,100000,20000;20000;20000;20000;20000,100000,not_applicable,not_applicable,0.9784,0.982,0.96,0,0.6758000000000001,0.37825,0.37825,1.205,1.205,cuda:0,1000,500,compute_matched_er500,0.995,0.96,0.982,0.973,0.982,0.995,0.935,0.769,0.68,0.0,0.995,0.935,0.769,0.68,0.0
6,perm_119,none,perm_119,"[4,3,2,1,0]",4-3-2-1-0,experience_replay_compute_matched,500,er500_matched,PASS,0.0,0.0,10,128,160,10;8;8;8;8,800,160;160;160;160;160,800,100000,20000;20000;20000;20000;20000,100000,not_applicable,not_applicable,0.9789999999999999,0.981,0.964,0,0.6802,0.37349999999999994,0.37349999999999994,1.231,1.231,cuda:0,1000,500,compute_matched_er500,0.995,0.964,0.981,0.974,0.981,0.995,0.926,0.808,0.639,0.033,0.995,0.926,0.808,0.639,0.033
7,perm_119,none,perm_119,"[4,3,2,1,0]",4-3-2-1-0,experience_replay_compute_matched,500,er500_matched,PASS,0.0,0.0,10,128,160,10;8;8;8;8,800,160;160;160;160;160,800,100000,20000;20000;20000;20000;20000,100000,not_applicable,not_applicable,0.9814,0.983,0.964,0,0.7018,0.3495,0.3495,1.22,1.22,cuda:0,1000,500,compute_matched_er500,0.997,0.964,0.986,0.977,0.983,0.997,0.926,0.877,0.698,0.011,0.997,0.926,0.877,0.698,0.011
8,perm_119,none,perm_119,"[4,3,2,1,0]",4-3-2-1-0,experience_replay_compute_matched,500,er500_matched,PASS,0.0,0.0,10,128,160,10;8;8;8;8,800,160;160;160;160;160,800,100000,20000;20000;20000;20000;20000,100000,not_applicable,not_applicable,0.9783999999999999,0.982,0.964,0,0.6964,0.3525,0.3525,1.233,1.233,cuda:0,1000,500,compute_matched_er500,0.996,0.965,0.982,0.964,0.985,0.996,0.938,0.835,0.661,0.052,0.996,0.938,0.835,0.661,0.052
9,perm_119,none,perm_119,"[4,3,2,1,0]",4-3-2-1-0,experience_replay_compute_matched,500,er500_matched,PASS,0.0,0.0,10,128,160,10;8;8;8;8,800,160;160;160;160;160,800,100000,20000;20000;20000;20000;20000,100000,not_applicable,not_applicable,0.9773999999999999,0.98,0.966,0,0.6805999999999999,0.371,0.371,1.232,1.232,cuda:0,1000,500,compute_matched_er500,0.994,0.966,0.981,0.966,0.98,0.994,0.93,0.835,0.63,0.014,0.994,0.93,0.835,0.63,0.014
10,perm_119,none,perm_119,"[4,3,2,1,0]",4-3-2-1-0,experience_replay_compute_matched,500,er500_matched,PASS,0.0,0.0,10,128,160,10;8;8;8;8,800,160;160;160;160;160,800,100000,20000;20000;20000;20000;20000,100000,not_applicable,not_applicable,0.9815999999999999,0.984,0.968,0,0.6958,0.35724999999999996,0.35724999999999996,1.232,1.232,cuda:0,1000,500,compute_matched_er500,0.994,0.968,0.984,0.975,0.987,0.994,0.948,0.809,0.728,0.0,0.994,0.948,0.809,0.728,0.0
